-- MySQL dump 10.13  Distrib 8.0.43, for Linux (x86_64)
--
-- Host: localhost    Database: quanlyhocphi
-- ------------------------------------------------------
-- Server version	8.0.43-0ubuntu0.24.04.1

/*!40101 SET @OLD_CHARACTER_SET_CLIENT=@@CHARACTER_SET_CLIENT */;
/*!40101 SET @OLD_CHARACTER_SET_RESULTS=@@CHARACTER_SET_RESULTS */;
/*!40101 SET @OLD_COLLATION_CONNECTION=@@COLLATION_CONNECTION */;
/*!50503 SET NAMES utf8mb4 */;
/*!40103 SET @OLD_TIME_ZONE=@@TIME_ZONE */;
/*!40103 SET TIME_ZONE='+00:00' */;
/*!40014 SET @OLD_UNIQUE_CHECKS=@@UNIQUE_CHECKS, UNIQUE_CHECKS=0 */;
/*!40014 SET @OLD_FOREIGN_KEY_CHECKS=@@FOREIGN_KEY_CHECKS, FOREIGN_KEY_CHECKS=0 */;
/*!40101 SET @OLD_SQL_MODE=@@SQL_MODE, SQL_MODE='NO_AUTO_VALUE_ON_ZERO' */;
/*!40111 SET @OLD_SQL_NOTES=@@SQL_NOTES, SQL_NOTES=0 */;

--
-- Table structure for table `attendances`
--

DROP TABLE IF EXISTS `attendances`;
/*!40101 SET @saved_cs_client     = @@character_set_client */;
/*!50503 SET character_set_client = utf8mb4 */;
CREATE TABLE `attendances` (
  `id` bigint unsigned NOT NULL AUTO_INCREMENT,
  `enrollment_id` bigint unsigned NOT NULL,
  `course_item_id` bigint unsigned DEFAULT NULL,
  `student_id` bigint unsigned DEFAULT NULL,
  `attendance_date` date NOT NULL,
  `status` enum('present','absent','late','excused') COLLATE utf8mb4_unicode_ci NOT NULL DEFAULT 'present',
  `start_time` time DEFAULT NULL,
  `end_time` time DEFAULT NULL,
  `notes` text COLLATE utf8mb4_unicode_ci,
  `created_at` timestamp NULL DEFAULT NULL,
  `updated_at` timestamp NULL DEFAULT NULL,
  PRIMARY KEY (`id`),
  UNIQUE KEY `attendances_enrollment_id_class_date_unique` (`enrollment_id`,`attendance_date`),
  KEY `attendances_class_date_index` (`attendance_date`),
  KEY `attendances_status_index` (`status`),
  KEY `attendances_course_item_id_index` (`course_item_id`),
  KEY `attendances_student_id_index` (`student_id`),
  CONSTRAINT `attendances_course_item_id_foreign` FOREIGN KEY (`course_item_id`) REFERENCES `course_items` (`id`) ON DELETE SET NULL,
  CONSTRAINT `attendances_enrollment_id_foreign` FOREIGN KEY (`enrollment_id`) REFERENCES `enrollments` (`id`) ON DELETE CASCADE,
  CONSTRAINT `attendances_student_id_foreign` FOREIGN KEY (`student_id`) REFERENCES `students` (`id`) ON DELETE SET NULL
) ENGINE=InnoDB AUTO_INCREMENT=692 DEFAULT CHARSET=utf8mb4 COLLATE=utf8mb4_unicode_ci;
/*!40101 SET character_set_client = @saved_cs_client */;

--
-- Dumping data for table `attendances`
--

LOCK TABLES `attendances` WRITE;
/*!40000 ALTER TABLE `attendances` DISABLE KEYS */;
INSERT INTO `attendances` VALUES (427,362,45,NULL,'2025-08-25','present',NULL,NULL,NULL,'2025-08-25 11:23:43','2025-08-25 11:25:10'),(428,363,45,NULL,'2025-08-25','present',NULL,NULL,NULL,'2025-08-25 11:23:43','2025-08-25 11:23:43'),(429,364,45,NULL,'2025-08-25','absent',NULL,NULL,NULL,'2025-08-25 11:23:43','2025-08-25 11:23:43'),(430,369,45,NULL,'2025-08-25','present',NULL,NULL,NULL,'2025-08-25 11:23:43','2025-08-25 11:23:43'),(431,365,45,NULL,'2025-08-25','present',NULL,NULL,NULL,'2025-08-25 11:23:43','2025-08-25 11:39:31'),(432,373,45,NULL,'2025-08-25','absent',NULL,NULL,NULL,'2025-08-25 11:23:43','2025-08-25 11:23:43'),(433,368,45,NULL,'2025-08-25','present',NULL,NULL,NULL,'2025-08-25 11:23:43','2025-08-25 11:23:43'),(434,371,45,NULL,'2025-08-25','present',NULL,NULL,NULL,'2025-08-25 11:23:43','2025-08-25 11:27:24'),(435,370,45,NULL,'2025-08-25','absent',NULL,NULL,NULL,'2025-08-25 11:23:43','2025-08-25 11:23:43'),(436,372,45,NULL,'2025-08-25','present',NULL,NULL,NULL,'2025-08-25 11:23:43','2025-08-25 11:23:43'),(437,366,46,NULL,'2025-08-25','present',NULL,NULL,NULL,'2025-08-25 11:23:43','2025-08-25 11:23:43'),(438,367,46,NULL,'2025-08-25','absent',NULL,NULL,NULL,'2025-08-25 11:23:43','2025-08-25 11:23:43'),(439,393,49,NULL,'2025-08-25','absent',NULL,NULL,NULL,'2025-08-25 11:28:05','2025-08-25 11:28:05'),(440,396,49,NULL,'2025-08-25','absent',NULL,NULL,NULL,'2025-08-25 11:28:05','2025-08-25 11:28:05'),(441,389,49,NULL,'2025-08-25','absent',NULL,NULL,NULL,'2025-08-25 11:28:05','2025-08-25 11:28:05'),(442,399,49,NULL,'2025-08-25','absent',NULL,NULL,NULL,'2025-08-25 11:28:05','2025-08-25 11:28:05'),(445,390,49,NULL,'2025-08-25','present',NULL,NULL,NULL,'2025-08-25 11:28:05','2025-08-25 11:33:03'),(447,395,49,NULL,'2025-08-25','absent',NULL,NULL,NULL,'2025-08-25 11:28:05','2025-08-25 11:28:05'),(448,392,49,NULL,'2025-08-25','absent',NULL,NULL,NULL,'2025-08-25 11:28:05','2025-08-25 11:28:05'),(449,398,49,NULL,'2025-08-25','absent',NULL,NULL,NULL,'2025-08-25 11:28:05','2025-08-25 11:28:05'),(450,397,49,NULL,'2025-08-25','absent',NULL,NULL,NULL,'2025-08-25 11:28:05','2025-08-25 11:28:05'),(451,394,49,NULL,'2025-08-25','absent',NULL,NULL,NULL,'2025-08-25 11:28:05','2025-08-25 11:28:05'),(452,393,49,NULL,'2025-08-26','present',NULL,NULL,NULL,'2025-08-26 18:34:32','2025-08-26 18:34:32'),(453,396,49,NULL,'2025-08-26','present',NULL,NULL,NULL,'2025-08-26 18:34:32','2025-08-26 18:34:32'),(454,389,49,NULL,'2025-08-26','present',NULL,NULL,NULL,'2025-08-26 18:34:32','2025-08-26 18:34:32'),(455,399,49,NULL,'2025-08-26','present',NULL,NULL,NULL,'2025-08-26 18:34:32','2025-08-26 18:34:32'),(458,390,49,NULL,'2025-08-26','present',NULL,NULL,NULL,'2025-08-26 18:34:32','2025-08-26 18:34:32'),(460,395,49,NULL,'2025-08-26','present',NULL,NULL,NULL,'2025-08-26 18:34:32','2025-08-26 18:34:32'),(461,392,49,NULL,'2025-08-26','present',NULL,NULL,NULL,'2025-08-26 18:34:32','2025-08-26 18:34:32'),(462,398,49,NULL,'2025-08-26','present',NULL,NULL,NULL,'2025-08-26 18:34:32','2025-08-26 18:34:32'),(463,397,49,NULL,'2025-08-26','present',NULL,NULL,NULL,'2025-08-26 18:34:32','2025-08-26 18:34:32'),(464,394,49,NULL,'2025-08-26','present',NULL,NULL,NULL,'2025-08-26 18:34:32','2025-08-26 18:34:32'),(465,393,49,NULL,'2025-08-27','absent',NULL,NULL,NULL,'2025-08-27 04:20:32','2025-08-27 04:22:28'),(466,396,49,NULL,'2025-08-27','absent',NULL,NULL,NULL,'2025-08-27 04:20:32','2025-08-27 04:22:28'),(467,389,49,NULL,'2025-08-27','absent',NULL,NULL,NULL,'2025-08-27 04:20:32','2025-08-27 04:22:28'),(468,399,49,NULL,'2025-08-27','absent',NULL,NULL,NULL,'2025-08-27 04:20:32','2025-08-27 04:22:28'),(471,390,49,NULL,'2025-08-27','absent',NULL,NULL,NULL,'2025-08-27 04:20:32','2025-08-27 04:22:28'),(473,406,49,NULL,'2025-08-27','absent',NULL,NULL,NULL,'2025-08-27 04:20:32','2025-08-27 04:22:28'),(474,395,49,NULL,'2025-08-27','absent',NULL,NULL,NULL,'2025-08-27 04:20:32','2025-08-27 04:22:28'),(475,392,49,NULL,'2025-08-27','absent',NULL,NULL,NULL,'2025-08-27 04:20:32','2025-08-27 04:22:28'),(476,398,49,NULL,'2025-08-27','absent',NULL,NULL,NULL,'2025-08-27 04:20:32','2025-08-27 04:22:28'),(477,397,49,NULL,'2025-08-27','absent',NULL,NULL,NULL,'2025-08-27 04:20:32','2025-08-27 04:22:28'),(478,394,49,NULL,'2025-08-27','absent',NULL,NULL,NULL,'2025-08-27 04:20:32','2025-08-27 04:22:28'),(516,618,88,NULL,'2025-08-28','absent',NULL,NULL,NULL,'2025-08-29 03:44:08','2025-08-29 03:44:08'),(517,609,88,NULL,'2025-08-28','present',NULL,NULL,NULL,'2025-08-29 03:44:08','2025-08-29 03:44:08'),(518,614,88,NULL,'2025-08-28','present',NULL,NULL,NULL,'2025-08-29 03:44:08','2025-08-29 03:44:08'),(519,608,88,NULL,'2025-08-28','absent',NULL,NULL,NULL,'2025-08-29 03:44:08','2025-08-29 03:44:08'),(520,615,88,NULL,'2025-08-28','present',NULL,NULL,NULL,'2025-08-29 03:44:08','2025-08-29 03:44:08'),(521,611,88,NULL,'2025-08-28','absent',NULL,NULL,NULL,'2025-08-29 03:44:08','2025-08-29 03:44:08'),(522,613,88,NULL,'2025-08-28','present',NULL,NULL,NULL,'2025-08-29 03:44:08','2025-08-29 03:44:08'),(523,610,88,NULL,'2025-08-28','absent',NULL,NULL,NULL,'2025-08-29 03:44:08','2025-08-29 03:44:08'),(524,616,88,NULL,'2025-08-28','present',NULL,NULL,NULL,'2025-08-29 03:44:08','2025-08-29 03:44:08'),(525,612,88,NULL,'2025-08-28','present',NULL,NULL,NULL,'2025-08-29 03:44:08','2025-08-29 03:44:08'),(526,607,88,NULL,'2025-08-28','absent',NULL,NULL,NULL,'2025-08-29 03:44:08','2025-08-29 03:44:08'),(527,617,88,NULL,'2025-08-28','absent',NULL,NULL,NULL,'2025-08-29 03:44:08','2025-08-29 03:44:08'),(528,604,57,NULL,'2025-08-29','present',NULL,NULL,NULL,'2025-08-29 11:08:43','2025-08-29 11:08:43'),(529,726,114,NULL,'2025-08-29','absent',NULL,NULL,NULL,'2025-08-29 11:08:43','2025-08-29 11:08:43'),(530,618,88,NULL,'2025-08-29','absent',NULL,NULL,NULL,'2025-08-29 11:08:43','2025-08-29 11:08:43'),(531,602,57,NULL,'2025-08-29','present',NULL,NULL,NULL,'2025-08-29 11:08:43','2025-08-29 11:08:43'),(532,609,88,NULL,'2025-08-29','present',NULL,NULL,NULL,'2025-08-29 11:08:43','2025-08-29 11:08:43'),(533,614,88,NULL,'2025-08-29','absent',NULL,NULL,NULL,'2025-08-29 11:08:43','2025-08-29 11:08:43'),(534,608,88,NULL,'2025-08-29','absent',NULL,NULL,NULL,'2025-08-29 11:08:43','2025-08-29 11:08:43'),(535,601,57,NULL,'2025-08-29','present',NULL,NULL,NULL,'2025-08-29 11:08:43','2025-08-29 11:08:43'),(536,717,114,NULL,'2025-08-29','absent',NULL,NULL,NULL,'2025-08-29 11:08:43','2025-08-29 11:08:43'),(537,615,88,NULL,'2025-08-29','present',NULL,NULL,NULL,'2025-08-29 11:08:43','2025-08-29 11:08:43'),(538,719,114,NULL,'2025-08-29','absent',NULL,NULL,NULL,'2025-08-29 11:08:43','2025-08-29 11:08:43'),(539,611,88,NULL,'2025-08-29','absent',NULL,NULL,NULL,'2025-08-29 11:08:43','2025-08-29 11:08:43'),(540,723,114,NULL,'2025-08-29','absent',NULL,NULL,NULL,'2025-08-29 11:08:43','2025-08-29 11:08:43'),(541,599,57,NULL,'2025-08-29','absent',NULL,NULL,NULL,'2025-08-29 11:08:43','2025-08-29 11:08:43'),(542,613,88,NULL,'2025-08-29','absent',NULL,NULL,NULL,'2025-08-29 11:08:43','2025-08-29 11:08:43'),(543,718,114,NULL,'2025-08-29','absent',NULL,NULL,NULL,'2025-08-29 11:08:43','2025-08-29 11:08:43'),(544,610,88,NULL,'2025-08-29','absent',NULL,NULL,NULL,'2025-08-29 11:08:43','2025-08-29 11:08:43'),(545,616,88,NULL,'2025-08-29','present',NULL,NULL,NULL,'2025-08-29 11:08:43','2025-08-29 11:26:45'),(546,724,114,NULL,'2025-08-29','absent',NULL,NULL,NULL,'2025-08-29 11:08:43','2025-08-29 11:08:43'),(547,720,114,NULL,'2025-08-29','present',NULL,NULL,NULL,'2025-08-29 11:08:43','2025-08-29 11:08:43'),(548,612,88,NULL,'2025-08-29','absent',NULL,NULL,NULL,'2025-08-29 11:08:43','2025-08-29 11:08:43'),(549,603,57,NULL,'2025-08-29','present',NULL,NULL,NULL,'2025-08-29 11:08:43','2025-08-29 11:08:43'),(550,716,114,NULL,'2025-08-29','absent',NULL,NULL,NULL,'2025-08-29 11:08:43','2025-08-29 11:08:43'),(551,606,57,NULL,'2025-08-29','present',NULL,NULL,NULL,'2025-08-29 11:08:43','2025-08-29 11:08:43'),(552,600,57,NULL,'2025-08-29','present',NULL,NULL,NULL,'2025-08-29 11:08:43','2025-08-29 11:08:43'),(553,607,88,NULL,'2025-08-29','absent',NULL,NULL,NULL,'2025-08-29 11:08:43','2025-08-29 11:08:43'),(554,617,88,NULL,'2025-08-29','absent',NULL,NULL,NULL,'2025-08-29 11:08:43','2025-08-29 11:08:43'),(555,721,114,NULL,'2025-08-29','absent',NULL,NULL,NULL,'2025-08-29 11:08:43','2025-08-29 11:08:43'),(556,725,114,NULL,'2025-08-29','absent',NULL,NULL,NULL,'2025-08-29 11:08:43','2025-08-29 11:08:43'),(557,605,57,NULL,'2025-08-29','present',NULL,NULL,NULL,'2025-08-29 11:08:43','2025-08-29 11:08:43'),(558,722,114,NULL,'2025-08-29','present',NULL,NULL,NULL,'2025-08-29 11:08:43','2025-08-29 11:12:10'),(559,715,114,NULL,'2025-08-29','absent',NULL,NULL,NULL,'2025-08-29 11:08:43','2025-08-29 11:08:43'),(560,830,90,NULL,'2025-09-04','present',NULL,NULL,NULL,'2025-09-04 10:28:50','2025-09-04 10:28:50'),(561,837,90,NULL,'2025-09-04','present',NULL,NULL,NULL,'2025-09-04 10:28:50','2025-09-04 10:28:50'),(562,835,90,NULL,'2025-09-04','present',NULL,NULL,NULL,'2025-09-04 10:28:50','2025-09-04 10:28:50'),(563,846,90,NULL,'2025-09-04','present',NULL,NULL,NULL,'2025-09-04 10:28:50','2025-09-04 10:28:50'),(564,847,90,NULL,'2025-09-04','present',NULL,NULL,NULL,'2025-09-04 10:28:50','2025-09-04 10:28:50'),(565,823,90,NULL,'2025-09-04','present',NULL,NULL,NULL,'2025-09-04 10:28:50','2025-09-04 10:28:50'),(566,845,90,NULL,'2025-09-04','present',NULL,NULL,NULL,'2025-09-04 10:28:50','2025-09-04 10:28:50'),(567,829,90,NULL,'2025-09-04','present',NULL,NULL,NULL,'2025-09-04 10:28:50','2025-09-04 10:28:50'),(568,826,90,NULL,'2025-09-04','present',NULL,NULL,NULL,'2025-09-04 10:28:50','2025-09-04 10:28:50'),(569,822,90,NULL,'2025-09-04','present',NULL,NULL,NULL,'2025-09-04 10:28:50','2025-09-04 10:28:50'),(570,816,90,NULL,'2025-09-04','present',NULL,NULL,NULL,'2025-09-04 10:28:50','2025-09-04 10:28:50'),(571,821,90,NULL,'2025-09-04','present',NULL,NULL,NULL,'2025-09-04 10:28:50','2025-09-04 10:28:50'),(572,819,90,NULL,'2025-09-04','present',NULL,NULL,NULL,'2025-09-04 10:28:50','2025-09-04 10:28:50'),(573,815,90,NULL,'2025-09-04','present',NULL,NULL,NULL,'2025-09-04 10:28:50','2025-09-04 10:28:50'),(574,820,90,NULL,'2025-09-04','present',NULL,NULL,NULL,'2025-09-04 10:28:50','2025-09-04 10:28:50'),(575,818,90,NULL,'2025-09-04','present',NULL,NULL,NULL,'2025-09-04 10:28:50','2025-09-04 10:28:50'),(576,817,90,NULL,'2025-09-04','present',NULL,NULL,NULL,'2025-09-04 10:28:50','2025-09-04 10:28:50'),(577,824,90,NULL,'2025-09-04','present',NULL,NULL,NULL,'2025-09-04 10:28:50','2025-09-04 10:28:50'),(578,828,90,NULL,'2025-09-04','present',NULL,NULL,NULL,'2025-09-04 10:28:50','2025-09-04 10:28:50'),(579,834,90,NULL,'2025-09-04','present',NULL,NULL,NULL,'2025-09-04 10:28:50','2025-09-04 10:28:50'),(580,849,90,NULL,'2025-09-04','present',NULL,NULL,NULL,'2025-09-04 10:28:50','2025-09-04 10:28:50'),(581,831,90,NULL,'2025-09-04','present',NULL,NULL,NULL,'2025-09-04 10:28:50','2025-09-04 10:28:50'),(582,848,90,NULL,'2025-09-04','present',NULL,NULL,NULL,'2025-09-04 10:28:50','2025-09-04 10:28:50'),(583,840,90,NULL,'2025-09-04','present',NULL,NULL,NULL,'2025-09-04 10:28:50','2025-09-04 10:28:50'),(584,843,90,NULL,'2025-09-04','absent',NULL,NULL,'có phép','2025-09-04 10:28:50','2025-09-04 10:28:50'),(585,839,90,NULL,'2025-09-04','absent',NULL,NULL,'có phép','2025-09-04 10:28:50','2025-09-04 10:28:50'),(586,833,90,NULL,'2025-09-04','present',NULL,NULL,NULL,'2025-09-04 10:28:50','2025-09-04 10:28:50'),(587,844,90,NULL,'2025-09-04','present',NULL,NULL,NULL,'2025-09-04 10:28:50','2025-09-04 10:28:50'),(588,838,90,NULL,'2025-09-04','present',NULL,NULL,NULL,'2025-09-04 10:28:50','2025-09-04 10:28:50'),(589,832,90,NULL,'2025-09-04','present',NULL,NULL,NULL,'2025-09-04 10:28:50','2025-09-04 10:28:50'),(590,825,90,NULL,'2025-09-04','present',NULL,NULL,NULL,'2025-09-04 10:28:50','2025-09-04 10:28:50'),(591,827,90,NULL,'2025-09-04','present',NULL,NULL,NULL,'2025-09-04 10:28:50','2025-09-04 10:28:50'),(592,850,90,NULL,'2025-09-04','present',NULL,NULL,NULL,'2025-09-04 10:28:50','2025-09-04 10:28:50'),(593,842,90,NULL,'2025-09-04','present',NULL,NULL,NULL,'2025-09-04 10:28:50','2025-09-04 10:28:50'),(594,841,90,NULL,'2025-09-04','present',NULL,NULL,NULL,'2025-09-04 10:28:50','2025-09-04 10:28:50'),(595,836,90,NULL,'2025-09-04','present',NULL,NULL,NULL,'2025-09-04 10:28:50','2025-09-04 10:28:50'),(596,604,57,NULL,'2025-09-04','absent',NULL,NULL,NULL,'2025-09-04 12:33:27','2025-09-04 12:33:27'),(597,602,57,NULL,'2025-09-04','present',NULL,NULL,NULL,'2025-09-04 12:33:27','2025-09-05 01:40:35'),(598,601,57,NULL,'2025-09-04','absent',NULL,NULL,NULL,'2025-09-04 12:33:27','2025-09-04 12:33:27'),(599,599,57,NULL,'2025-09-04','present',NULL,NULL,NULL,'2025-09-04 12:33:27','2025-09-05 01:39:55'),(600,603,57,NULL,'2025-09-04','present',NULL,NULL,NULL,'2025-09-04 12:33:27','2025-09-05 01:39:55'),(601,606,57,NULL,'2025-09-04','present',NULL,NULL,NULL,'2025-09-04 12:33:27','2025-09-05 01:39:55'),(602,600,57,NULL,'2025-09-04','absent',NULL,NULL,NULL,'2025-09-04 12:33:27','2025-09-05 01:39:55'),(603,605,57,NULL,'2025-09-04','present',NULL,NULL,NULL,'2025-09-04 12:33:27','2025-09-05 01:39:55'),(604,726,114,NULL,'2025-09-04','absent',NULL,NULL,NULL,'2025-09-04 12:54:07','2025-09-05 01:39:55'),(605,717,114,NULL,'2025-09-04','absent',NULL,NULL,NULL,'2025-09-04 12:54:07','2025-09-05 01:39:55'),(606,719,114,NULL,'2025-09-04','absent',NULL,NULL,NULL,'2025-09-04 12:54:07','2025-09-05 01:39:55'),(607,723,114,NULL,'2025-09-04','absent',NULL,NULL,NULL,'2025-09-04 12:54:07','2025-09-05 01:39:55'),(608,718,114,NULL,'2025-09-04','present',NULL,NULL,NULL,'2025-09-04 12:54:07','2025-09-04 12:54:07'),(609,724,114,NULL,'2025-09-04','present',NULL,NULL,NULL,'2025-09-04 12:54:07','2025-09-05 01:39:55'),(610,720,114,NULL,'2025-09-04','absent',NULL,NULL,'có trong teams ng ko điểm danh','2025-09-04 12:54:07','2025-09-05 01:39:55'),(611,716,114,NULL,'2025-09-04','present',NULL,NULL,NULL,'2025-09-04 12:54:07','2025-09-04 12:54:07'),(612,721,114,NULL,'2025-09-04','absent',NULL,NULL,NULL,'2025-09-04 12:54:07','2025-09-05 01:39:55'),(613,725,114,NULL,'2025-09-04','absent',NULL,NULL,NULL,'2025-09-04 12:54:07','2025-09-05 01:39:55'),(614,722,114,NULL,'2025-09-04','present',NULL,NULL,NULL,'2025-09-04 12:54:07','2025-09-05 01:39:55'),(615,715,114,NULL,'2025-09-04','absent',NULL,NULL,NULL,'2025-09-04 12:54:07','2025-09-05 01:39:55'),(616,618,88,NULL,'2025-09-04','present',NULL,NULL,NULL,'2025-09-04 13:28:06','2025-09-04 13:28:06'),(617,609,88,NULL,'2025-09-04','present',NULL,NULL,NULL,'2025-09-04 13:28:06','2025-09-05 01:40:35'),(618,614,88,NULL,'2025-09-04','present',NULL,NULL,NULL,'2025-09-04 13:28:06','2025-09-04 13:28:06'),(619,608,88,NULL,'2025-09-04','absent',NULL,NULL,NULL,'2025-09-04 13:28:06','2025-09-05 01:39:55'),(620,615,88,NULL,'2025-09-04','present',NULL,NULL,NULL,'2025-09-04 13:28:06','2025-09-04 13:28:06'),(621,611,88,NULL,'2025-09-04','absent',NULL,NULL,NULL,'2025-09-04 13:28:06','2025-09-05 01:39:55'),(622,613,88,NULL,'2025-09-04','present',NULL,NULL,NULL,'2025-09-04 13:28:06','2025-09-05 01:39:55'),(623,610,88,NULL,'2025-09-04','present',NULL,NULL,NULL,'2025-09-04 13:28:06','2025-09-04 13:28:06'),(624,616,88,NULL,'2025-09-04','present',NULL,NULL,NULL,'2025-09-04 13:28:06','2025-09-05 01:39:55'),(625,612,88,NULL,'2025-09-04','absent',NULL,NULL,'có trong teams ng ko điểm danh','2025-09-04 13:28:06','2025-09-05 01:39:55'),(626,607,88,NULL,'2025-09-04','absent',NULL,NULL,NULL,'2025-09-04 13:28:06','2025-09-05 01:39:55'),(627,617,88,NULL,'2025-09-04','present',NULL,NULL,NULL,'2025-09-04 13:28:06','2025-09-04 13:28:06'),(628,362,45,NULL,'2025-09-04','absent',NULL,NULL,NULL,'2025-09-05 05:43:04','2025-09-05 05:43:04'),(629,363,45,NULL,'2025-09-04','absent',NULL,NULL,NULL,'2025-09-05 05:43:04','2025-09-05 05:43:04'),(630,364,45,NULL,'2025-09-04','absent',NULL,NULL,NULL,'2025-09-05 05:43:04','2025-09-05 05:43:04'),(631,369,45,NULL,'2025-09-04','present',NULL,NULL,NULL,'2025-09-05 05:43:04','2025-09-05 05:43:04'),(632,365,45,NULL,'2025-09-04','present',NULL,NULL,NULL,'2025-09-05 05:43:04','2025-09-05 05:43:04'),(633,373,45,NULL,'2025-09-04','absent',NULL,NULL,NULL,'2025-09-05 05:43:04','2025-09-05 05:43:04'),(634,368,45,NULL,'2025-09-04','present',NULL,NULL,NULL,'2025-09-05 05:43:04','2025-09-05 05:43:04'),(635,371,45,NULL,'2025-09-04','present',NULL,NULL,NULL,'2025-09-05 05:43:04','2025-09-05 05:43:04'),(636,370,45,NULL,'2025-09-04','present',NULL,NULL,NULL,'2025-09-05 05:43:04','2025-09-05 05:43:04'),(637,372,45,NULL,'2025-09-04','present',NULL,NULL,NULL,'2025-09-05 05:43:04','2025-09-05 05:43:04'),(638,508,46,NULL,'2025-09-04','present',NULL,NULL,NULL,'2025-09-05 05:43:04','2025-09-05 05:43:04'),(639,366,46,NULL,'2025-09-04','present',NULL,NULL,NULL,'2025-09-05 05:43:04','2025-09-05 05:43:04'),(640,367,46,NULL,'2025-09-04','present',NULL,NULL,NULL,'2025-09-05 05:43:04','2025-09-05 05:43:04'),(641,393,49,NULL,'2025-09-04','absent',NULL,NULL,NULL,'2025-09-05 05:45:02','2025-09-05 05:45:02'),(642,396,49,NULL,'2025-09-04','absent',NULL,NULL,NULL,'2025-09-05 05:45:02','2025-09-05 05:45:02'),(643,389,49,NULL,'2025-09-04','present',NULL,NULL,NULL,'2025-09-05 05:45:02','2025-09-05 05:45:02'),(644,399,49,NULL,'2025-09-04','absent',NULL,NULL,NULL,'2025-09-05 05:45:02','2025-09-05 05:45:02'),(645,913,49,NULL,'2025-09-04','present',NULL,NULL,NULL,'2025-09-05 05:45:02','2025-09-05 05:45:02'),(646,434,49,NULL,'2025-09-04','absent',NULL,NULL,NULL,'2025-09-05 05:45:02','2025-09-05 05:45:02'),(647,390,49,NULL,'2025-09-04','present',NULL,NULL,NULL,'2025-09-05 05:45:02','2025-09-05 05:45:02'),(648,435,49,NULL,'2025-09-04','present',NULL,NULL,NULL,'2025-09-05 05:45:02','2025-09-05 05:45:02'),(649,406,49,NULL,'2025-09-04','absent',NULL,NULL,NULL,'2025-09-05 05:45:02','2025-09-05 05:45:02'),(650,395,49,NULL,'2025-09-04','absent',NULL,NULL,NULL,'2025-09-05 05:45:02','2025-09-05 05:45:02'),(651,392,49,NULL,'2025-09-04','absent',NULL,NULL,NULL,'2025-09-05 05:45:02','2025-09-05 05:45:02'),(652,398,49,NULL,'2025-09-04','present',NULL,NULL,NULL,'2025-09-05 05:45:02','2025-09-05 05:45:02'),(653,397,49,NULL,'2025-09-04','absent',NULL,NULL,NULL,'2025-09-05 05:45:02','2025-09-05 05:45:02'),(654,394,49,NULL,'2025-09-04','present',NULL,NULL,NULL,'2025-09-05 05:45:02','2025-09-05 05:45:02'),(655,604,57,NULL,'2025-09-09','absent',NULL,NULL,NULL,'2025-09-09 11:25:03','2025-09-09 11:25:03'),(656,726,114,NULL,'2025-09-09','absent',NULL,NULL,NULL,'2025-09-09 11:25:03','2025-09-09 11:25:03'),(657,618,88,NULL,'2025-09-09','present',NULL,NULL,NULL,'2025-09-09 11:25:03','2025-09-09 11:25:03'),(658,602,57,NULL,'2025-09-09','present',NULL,NULL,'3 người ko bay ra kịp','2025-09-09 11:25:03','2025-09-09 11:25:03'),(659,609,88,NULL,'2025-09-09','present',NULL,NULL,'có','2025-09-09 11:25:03','2025-09-09 11:25:03'),(660,614,88,NULL,'2025-09-09','absent',NULL,NULL,NULL,'2025-09-09 11:25:03','2025-09-09 11:25:03'),(661,608,88,NULL,'2025-09-09','absent',NULL,NULL,NULL,'2025-09-09 11:25:03','2025-09-09 11:25:03'),(662,601,57,NULL,'2025-09-09','present',NULL,NULL,'có','2025-09-09 11:25:03','2025-09-09 11:25:03'),(663,717,114,NULL,'2025-09-09','absent',NULL,NULL,NULL,'2025-09-09 11:25:03','2025-09-09 11:25:03'),(664,615,88,NULL,'2025-09-09','absent',NULL,NULL,NULL,'2025-09-09 11:25:03','2025-09-09 11:25:03'),(665,719,114,NULL,'2025-09-09','absent',NULL,NULL,NULL,'2025-09-09 11:25:03','2025-09-09 11:25:03'),(666,611,88,NULL,'2025-09-09','absent',NULL,NULL,NULL,'2025-09-09 11:25:03','2025-09-09 11:25:03'),(667,915,92,NULL,'2025-09-09','absent',NULL,NULL,NULL,'2025-09-09 11:25:03','2025-09-09 11:25:03'),(668,723,114,NULL,'2025-09-09','absent',NULL,NULL,NULL,'2025-09-09 11:25:03','2025-09-09 11:25:03'),(669,599,57,NULL,'2025-09-09','present',NULL,NULL,'có xin nghỉ','2025-09-09 11:25:03','2025-09-09 11:25:03'),(670,613,88,NULL,'2025-09-09','present',NULL,NULL,NULL,'2025-09-09 11:25:03','2025-09-09 11:25:03'),(671,718,114,NULL,'2025-09-09','present',NULL,NULL,NULL,'2025-09-09 11:25:03','2025-09-09 11:32:57'),(672,610,88,NULL,'2025-09-09','absent',NULL,NULL,NULL,'2025-09-09 11:25:03','2025-09-09 11:25:03'),(673,616,88,NULL,'2025-09-09','absent',NULL,NULL,NULL,'2025-09-09 11:25:03','2025-09-09 11:25:03'),(674,779,131,NULL,'2025-09-09','absent',NULL,NULL,NULL,'2025-09-09 11:25:03','2025-09-09 11:25:03'),(675,724,114,NULL,'2025-09-09','present',NULL,NULL,NULL,'2025-09-09 11:25:03','2025-09-09 11:25:03'),(676,720,114,NULL,'2025-09-09','absent',NULL,NULL,'có tgian teams nhưng ko điểm danh','2025-09-09 11:25:03','2025-09-09 11:25:03'),(677,612,88,NULL,'2025-09-09','absent',NULL,NULL,NULL,'2025-09-09 11:25:03','2025-09-09 11:25:03'),(678,603,57,NULL,'2025-09-09','present',NULL,NULL,'có','2025-09-09 11:25:03','2025-09-09 11:25:03'),(679,716,114,NULL,'2025-09-09','absent',NULL,NULL,NULL,'2025-09-09 11:25:03','2025-09-09 11:25:03'),(680,606,57,NULL,'2025-09-09','absent',NULL,NULL,NULL,'2025-09-09 11:25:03','2025-09-09 11:25:03'),(681,600,57,NULL,'2025-09-09','present',NULL,NULL,NULL,'2025-09-09 11:25:03','2025-09-09 11:25:03'),(682,607,88,NULL,'2025-09-09','present',NULL,NULL,NULL,'2025-09-09 11:25:03','2025-09-09 11:25:03'),(683,617,88,NULL,'2025-09-09','absent',NULL,NULL,NULL,'2025-09-09 11:25:03','2025-09-09 11:25:03'),(684,721,114,NULL,'2025-09-09','absent',NULL,NULL,NULL,'2025-09-09 11:25:03','2025-09-09 11:25:03'),(685,725,114,NULL,'2025-09-09','absent',NULL,NULL,NULL,'2025-09-09 11:25:03','2025-09-09 11:25:03'),(686,605,57,NULL,'2025-09-09','present',NULL,NULL,NULL,'2025-09-09 11:25:03','2025-09-09 11:25:03'),(687,722,114,NULL,'2025-09-09','absent',NULL,NULL,NULL,'2025-09-09 11:25:03','2025-09-09 11:25:03'),(688,715,114,NULL,'2025-09-09','absent',NULL,NULL,NULL,'2025-09-09 11:25:03','2025-09-09 11:25:03'),(689,923,93,NULL,'2025-09-09','absent',NULL,NULL,NULL,'2025-09-09 11:25:03','2025-09-09 11:25:03'),(690,921,132,NULL,'2025-09-09','present',NULL,NULL,NULL,'2025-09-09 11:25:03','2025-09-09 11:25:03'),(691,922,132,NULL,'2025-09-09','present',NULL,NULL,NULL,'2025-09-09 11:25:03','2025-09-09 11:25:03');
/*!40000 ALTER TABLE `attendances` ENABLE KEYS */;
UNLOCK TABLES;

--
-- Table structure for table `audit_logs`
--

DROP TABLE IF EXISTS `audit_logs`;
/*!40101 SET @saved_cs_client     = @@character_set_client */;
/*!50503 SET character_set_client = utf8mb4 */;
CREATE TABLE `audit_logs` (
  `id` bigint unsigned NOT NULL AUTO_INCREMENT,
  `model_type` varchar(191) COLLATE utf8mb4_unicode_ci NOT NULL,
  `model_id` bigint unsigned NOT NULL,
  `action` varchar(191) COLLATE utf8mb4_unicode_ci NOT NULL,
  `user_id` bigint unsigned DEFAULT NULL,
  `user_type` varchar(191) COLLATE utf8mb4_unicode_ci NOT NULL DEFAULT 'AppModelsUser',
  `ip_address` varchar(45) COLLATE utf8mb4_unicode_ci DEFAULT NULL,
  `user_agent` varchar(191) COLLATE utf8mb4_unicode_ci DEFAULT NULL,
  `old_values` longtext CHARACTER SET utf8mb4 COLLATE utf8mb4_bin,
  `new_values` longtext CHARACTER SET utf8mb4 COLLATE utf8mb4_bin,
  `metadata` longtext CHARACTER SET utf8mb4 COLLATE utf8mb4_bin,
  `created_at` timestamp NULL DEFAULT NULL,
  `updated_at` timestamp NULL DEFAULT NULL,
  PRIMARY KEY (`id`),
  KEY `audit_logs_model_type_model_id_index` (`model_type`,`model_id`),
  KEY `audit_logs_user_id_created_at_index` (`user_id`,`created_at`),
  KEY `audit_logs_action_created_at_index` (`action`,`created_at`),
  KEY `audit_logs_created_at_index` (`created_at`),
  CONSTRAINT `audit_logs_user_id_foreign` FOREIGN KEY (`user_id`) REFERENCES `users` (`id`) ON DELETE SET NULL,
  CONSTRAINT `audit_logs_chk_1` CHECK (json_valid(`old_values`)),
  CONSTRAINT `audit_logs_chk_2` CHECK (json_valid(`new_values`)),
  CONSTRAINT `audit_logs_chk_3` CHECK (json_valid(`metadata`))
) ENGINE=InnoDB AUTO_INCREMENT=49 DEFAULT CHARSET=utf8mb4 COLLATE=utf8mb4_unicode_ci;
/*!40101 SET character_set_client = @saved_cs_client */;

--
-- Dumping data for table `audit_logs`
--

LOCK TABLES `audit_logs` WRITE;
/*!40000 ALTER TABLE `audit_logs` DISABLE KEYS */;
INSERT INTO `audit_logs` VALUES (1,'App\\Models\\Payment',1,'created',1,'App\\Models\\User','1.55.227.235','Mozilla/5.0 (Windows NT 10.0; Win64; x64) AppleWebKit/537.36 (KHTML, like Gecko) Chrome/139.0.0.0 Safari/537.36',NULL,'{\"enrollment_id\":2,\"amount\":120000,\"payment_method\":\"sepay\",\"payment_date\":\"2025-08-22\",\"status\":\"pending\",\"transaction_reference\":\"sepay_2_1755800759_9785\",\"notes\":\"Thanh to\\u00e1n qua SePay - \\u0110ang ch\\u1edd x\\u00e1c nh\\u1eadn\",\"updated_at\":\"2025-08-22 01:25:59\",\"created_at\":\"2025-08-22 01:25:59\",\"id\":1}','{\"related\":{\"enrollment_id\":2,\"student\":{\"id\":25,\"name\":\"Tr\\u1ea7n Th\\u1ecb B\",\"phone\":\"0909876543\"},\"course\":{\"id\":1,\"name\":\"123\"}}}','2025-08-21 18:25:59','2025-08-21 18:25:59'),(2,'App\\Models\\Payment',2,'created',1,'App\\Models\\User','101.99.23.225','Mozilla/5.0 (Macintosh; Intel Mac OS X 10_15_7) AppleWebKit/537.36 (KHTML, like Gecko) Chrome/139.0.0.0 Safari/537.36',NULL,'{\"enrollment_id\":2,\"amount\":120000,\"payment_method\":\"sepay\",\"payment_date\":\"2025-08-22\",\"status\":\"pending\",\"transaction_reference\":\"sepay_2_1755842634_6289\",\"notes\":\"Thanh to\\u00e1n qua SePay - \\u0110ang ch\\u1edd x\\u00e1c nh\\u1eadn\",\"updated_at\":\"2025-08-22 13:03:54\",\"created_at\":\"2025-08-22 13:03:54\",\"id\":2}','{\"related\":{\"enrollment_id\":2,\"student\":{\"id\":25,\"name\":\"Tr\\u1ea7n Th\\u1ecb B\",\"phone\":\"0909876543\"},\"course\":{\"id\":1,\"name\":\"123\"}}}','2025-08-22 06:03:54','2025-08-22 06:03:54'),(3,'App\\Models\\Payment',3,'created',1,'App\\Models\\User','101.99.23.225','Mozilla/5.0 (Macintosh; Intel Mac OS X 10_15_7) AppleWebKit/537.36 (KHTML, like Gecko) Chrome/139.0.0.0 Safari/537.36',NULL,'{\"enrollment_id\":2,\"amount\":120000,\"payment_method\":\"sepay\",\"payment_date\":\"2025-08-22\",\"status\":\"pending\",\"transaction_reference\":\"sepay_2_1755842666_9994\",\"notes\":\"Thanh to\\u00e1n qua SePay - \\u0110ang ch\\u1edd x\\u00e1c nh\\u1eadn\",\"updated_at\":\"2025-08-22 13:04:26\",\"created_at\":\"2025-08-22 13:04:26\",\"id\":3}','{\"related\":{\"enrollment_id\":2,\"student\":{\"id\":25,\"name\":\"Tr\\u1ea7n Th\\u1ecb B\",\"phone\":\"0909876543\"},\"course\":{\"id\":1,\"name\":\"123\"}}}','2025-08-22 06:04:26','2025-08-22 06:04:26'),(4,'App\\Models\\Payment',4,'created',1,'App\\Models\\User','118.70.131.111','Mozilla/5.0 (Windows NT 10.0; Win64; x64) AppleWebKit/537.36 (KHTML, like Gecko) Chrome/139.0.0.0 Safari/537.36 Edg/139.0.0.0',NULL,'{\"enrollment_id\":361,\"amount\":1300000,\"payment_method\":\"sepay\",\"payment_date\":\"2025-08-25\",\"status\":\"pending\",\"transaction_reference\":\"sepay_361_1756092280_8443\",\"notes\":\"Thanh to\\u00e1n qua SePay - \\u0110ang ch\\u1edd x\\u00e1c nh\\u1eadn\",\"updated_at\":\"2025-08-25 10:24:40\",\"created_at\":\"2025-08-25 10:24:40\",\"id\":4}','{\"related\":{\"enrollment_id\":361,\"student\":{\"id\":190,\"name\":\"L\\u00ea Kh\\u00e1nh\",\"phone\":\"0382339568\"},\"course\":{\"id\":36,\"name\":\"KT S\\u1ed5 260 Offline\"}}}','2025-08-25 03:24:40','2025-08-25 03:24:40'),(5,'App\\Models\\Payment',5,'created',1,'App\\Models\\User','118.70.131.111','Mozilla/5.0 (Windows NT 10.0; Win64; x64) AppleWebKit/537.36 (KHTML, like Gecko) Chrome/139.0.0.0 Safari/537.36 Edg/139.0.0.0',NULL,'{\"enrollment_id\":749,\"amount\":3000000,\"payment_method\":\"bank_transfer\",\"payment_date\":\"2025-09-01\",\"status\":\"confirmed\",\"notes\":\"Thanh to\\u00e1n 29-8\",\"updated_at\":\"2025-08-29 12:57:14\",\"created_at\":\"2025-08-29 12:57:14\",\"id\":5}','{\"related\":{\"enrollment_id\":749,\"student\":{\"id\":590,\"name\":\"Ng\\u00f4 D\\u01b0\\u01a1ng Tu\\u1ea5n\",\"phone\":null},\"course\":{\"id\":83,\"name\":\"KTT HCSN 01 Online\"}}}','2025-08-29 05:57:14','2025-08-29 05:57:14'),(6,'App\\Models\\Payment',6,'created',1,'App\\Models\\User','118.70.131.111','Mozilla/5.0 (Windows NT 10.0; Win64; x64) AppleWebKit/537.36 (KHTML, like Gecko) Chrome/139.0.0.0 Safari/537.36 Edg/139.0.0.0',NULL,'{\"enrollment_id\":728,\"amount\":3000000,\"payment_method\":\"bank_transfer\",\"payment_date\":\"2025-09-01\",\"status\":\"confirmed\",\"notes\":null,\"updated_at\":\"2025-08-29 12:59:34\",\"created_at\":\"2025-08-29 12:59:34\",\"id\":6}','{\"related\":{\"enrollment_id\":728,\"student\":{\"id\":569,\"name\":\"Nguy\\u1ec5n Anh T\\u00e2n\",\"phone\":null},\"course\":{\"id\":83,\"name\":\"KTT HCSN 01 Online\"}}}','2025-08-29 05:59:34','2025-08-29 05:59:34'),(7,'App\\Models\\Payment',7,'created',1,'App\\Models\\User','118.70.131.111','Mozilla/5.0 (Windows NT 10.0; Win64; x64) AppleWebKit/537.36 (KHTML, like Gecko) Chrome/139.0.0.0 Safari/537.36 Edg/139.0.0.0',NULL,'{\"enrollment_id\":776,\"amount\":3000000,\"payment_method\":\"bank_transfer\",\"payment_date\":\"2025-09-01\",\"status\":\"confirmed\",\"notes\":null,\"updated_at\":\"2025-08-29 13:58:21\",\"created_at\":\"2025-08-29 13:58:21\",\"id\":7}','{\"related\":{\"enrollment_id\":776,\"student\":{\"id\":617,\"name\":\"Nguy\\u1ec5n Huy\\u1ec1n Tr\\u00e2n\",\"phone\":null},\"course\":{\"id\":80,\"name\":\"KTT DN 121 Online\"}}}','2025-08-29 06:58:21','2025-08-29 06:58:21'),(8,'App\\Models\\Payment',8,'created',1,'App\\Models\\User','118.70.131.111','Mozilla/5.0 (Windows NT 10.0; Win64; x64) AppleWebKit/537.36 (KHTML, like Gecko) Chrome/139.0.0.0 Safari/537.36 Edg/139.0.0.0',NULL,'{\"enrollment_id\":752,\"amount\":3000000,\"payment_method\":\"bank_transfer\",\"payment_date\":\"2025-09-01\",\"status\":\"confirmed\",\"notes\":null,\"updated_at\":\"2025-08-29 14:45:12\",\"created_at\":\"2025-08-29 14:45:12\",\"id\":8}','{\"related\":{\"enrollment_id\":752,\"student\":{\"id\":593,\"name\":\"Nguy\\u1ec5n Thanh Huy\\u1ec1n\",\"phone\":null},\"course\":{\"id\":83,\"name\":\"KTT HCSN 01 Online\"}}}','2025-08-29 07:45:12','2025-08-29 07:45:12'),(9,'App\\Models\\Payment',9,'created',1,'App\\Models\\User','113.185.46.248','Mozilla/5.0 (Windows NT 10.0; Win64; x64) AppleWebKit/537.36 (KHTML, like Gecko) Chrome/139.0.0.0 Safari/537.36 Edg/139.0.0.0',NULL,'{\"enrollment_id\":391,\"amount\":26800000,\"payment_method\":\"bank_transfer\",\"payment_date\":\"2025-08-29\",\"status\":\"confirmed\",\"notes\":null,\"updated_at\":\"2025-08-29 16:26:37\",\"created_at\":\"2025-08-29 16:26:37\",\"id\":9}','{\"related\":{\"enrollment_id\":391,\"student\":{\"id\":221,\"name\":\"Nguy\\u1ec5n Quang Minh\",\"phone\":\"89465527666667\"},\"course\":{\"id\":49,\"name\":\"KT-TC 08 Online\"}}}','2025-08-29 09:26:37','2025-08-29 09:26:37'),(10,'App\\Models\\Payment',10,'created',1,'App\\Models\\User','1.52.110.68','Mozilla/5.0 (Windows NT 10.0; Win64; x64) AppleWebKit/537.36 (KHTML, like Gecko) Chrome/139.0.0.0 Safari/537.36',NULL,'{\"enrollment_id\":778,\"amount\":5300000,\"payment_method\":\"bank_transfer\",\"payment_date\":\"2025-09-01\",\"status\":\"confirmed\",\"notes\":null,\"updated_at\":\"2025-08-30 12:58:41\",\"created_at\":\"2025-08-30 12:58:41\",\"id\":10}','{\"related\":{\"enrollment_id\":778,\"student\":{\"id\":618,\"name\":\"Nguy\\u1ec5n Th\\u1ecb Y\\u1ebfn Nhi\",\"phone\":\"0929598259\"},\"course\":{\"id\":65,\"name\":\"\\u0110TN 6T 261 Online\"}}}','2025-08-30 05:58:41','2025-08-30 05:58:41'),(11,'App\\Models\\Payment',11,'created',1,'App\\Models\\User','42.119.142.70','Mozilla/5.0 (Windows NT 10.0; Win64; x64) AppleWebKit/537.36 (KHTML, like Gecko) Chrome/139.0.0.0 Safari/537.36',NULL,'{\"enrollment_id\":851,\"amount\":5300000,\"payment_method\":\"bank_transfer\",\"payment_date\":\"2025-09-03\",\"status\":\"confirmed\",\"notes\":null,\"updated_at\":\"2025-09-03 10:44:15\",\"created_at\":\"2025-09-03 10:44:15\",\"id\":11}','{\"related\":{\"enrollment_id\":851,\"student\":{\"id\":689,\"name\":\"Nguy\\u1ec5n Th\\u1ecb Hoan\",\"phone\":\"0349892250\"},\"course\":{\"id\":74,\"name\":\"\\u0110TN 6T 261 Offline\"}}}','2025-09-03 03:44:16','2025-09-03 03:44:16'),(12,'App\\Models\\Payment',12,'created',1,'App\\Models\\User','171.255.122.212','Mozilla/5.0 (Windows NT 10.0; Win64; x64) AppleWebKit/537.36 (KHTML, like Gecko) Chrome/139.0.0.0 Safari/537.36',NULL,'{\"enrollment_id\":738,\"amount\":3000000,\"payment_method\":\"bank_transfer\",\"payment_date\":\"2025-09-03\",\"status\":\"confirmed\",\"notes\":null,\"updated_at\":\"2025-09-04 10:18:31\",\"created_at\":\"2025-09-04 10:18:31\",\"id\":12}','{\"related\":{\"enrollment_id\":738,\"student\":{\"id\":579,\"name\":\"Nguy\\u1ec5n Th\\u1ecb Li\\u00ean\",\"phone\":null},\"course\":{\"id\":83,\"name\":\"KTT HCSN 01 Online\"}}}','2025-09-04 03:18:31','2025-09-04 03:18:31'),(13,'App\\Models\\Payment',13,'created',1,'App\\Models\\User','171.255.122.212','Mozilla/5.0 (Windows NT 10.0; Win64; x64) AppleWebKit/537.36 (KHTML, like Gecko) Chrome/139.0.0.0 Safari/537.36',NULL,'{\"enrollment_id\":899,\"amount\":3000000,\"payment_method\":\"bank_transfer\",\"payment_date\":\"2025-09-04\",\"status\":\"confirmed\",\"notes\":null,\"updated_at\":\"2025-09-04 11:08:22\",\"created_at\":\"2025-09-04 11:08:22\",\"id\":13}','{\"related\":{\"enrollment_id\":899,\"student\":{\"id\":749,\"name\":\"Nguy\\u1ec5n Th\\u1ecb Hi\\u1ec1n Trang\",\"phone\":\"0978056336\"},\"course\":{\"id\":80,\"name\":\"KTT DN 121 Online\"}}}','2025-09-04 04:08:22','2025-09-04 04:08:22'),(14,'App\\Models\\Payment',14,'created',1,'App\\Models\\User','171.255.122.212','Mozilla/5.0 (Windows NT 10.0; Win64; x64) AppleWebKit/537.36 (KHTML, like Gecko) Chrome/139.0.0.0 Safari/537.36',NULL,'{\"enrollment_id\":743,\"amount\":3000000,\"payment_method\":\"bank_transfer\",\"payment_date\":\"2025-09-04\",\"status\":\"confirmed\",\"notes\":null,\"updated_at\":\"2025-09-04 12:19:44\",\"created_at\":\"2025-09-04 12:19:44\",\"id\":14}','{\"related\":{\"enrollment_id\":743,\"student\":{\"id\":584,\"name\":\"Nguy\\u1ec5n Huy Vinh\",\"phone\":null},\"course\":{\"id\":83,\"name\":\"KTT HCSN 01 Online\"}}}','2025-09-04 05:19:44','2025-09-04 05:19:44'),(15,'App\\Models\\Payment',15,'created',1,'App\\Models\\User','171.255.122.212','Mozilla/5.0 (Windows NT 10.0; Win64; x64) AppleWebKit/537.36 (KHTML, like Gecko) Chrome/139.0.0.0 Safari/537.36',NULL,'{\"enrollment_id\":556,\"amount\":5300000,\"payment_method\":\"bank_transfer\",\"payment_date\":\"2025-09-04\",\"status\":\"confirmed\",\"notes\":null,\"updated_at\":\"2025-09-04 12:33:58\",\"created_at\":\"2025-09-04 12:33:58\",\"id\":15}','{\"related\":{\"enrollment_id\":556,\"student\":{\"id\":394,\"name\":\"Nguy\\u1ec5n Th\\u1ecb Thanh\",\"phone\":\"0974122282\"},\"course\":{\"id\":25,\"name\":\"\\u0110TN 6T 260 Online\"}}}','2025-09-04 05:33:58','2025-09-04 05:33:58'),(16,'App\\Models\\Payment',16,'created',1,'App\\Models\\User','171.255.123.36','Mozilla/5.0 (Windows NT 10.0; Win64; x64) AppleWebKit/537.36 (KHTML, like Gecko) Chrome/139.0.0.0 Safari/537.36 Edg/139.0.0.0',NULL,'{\"enrollment_id\":908,\"amount\":5300000,\"payment_method\":\"bank_transfer\",\"payment_date\":\"2025-09-04\",\"status\":\"confirmed\",\"notes\":null,\"updated_at\":\"2025-09-04 16:59:30\",\"created_at\":\"2025-09-04 16:59:30\",\"id\":16}','{\"related\":{\"enrollment_id\":908,\"student\":{\"id\":758,\"name\":\"\\u0110\\u1eb7ng Th\\u1ecb Uy\\u1ec3n Chi\",\"phone\":\"0977366894\"},\"course\":{\"id\":65,\"name\":\"\\u0110TN 6T 261 Online\"}}}','2025-09-04 09:59:30','2025-09-04 09:59:30'),(17,'App\\Models\\Payment',17,'created',1,'App\\Models\\User','113.185.47.86','Mozilla/5.0 (Windows NT 10.0; Win64; x64) AppleWebKit/537.36 (KHTML, like Gecko) Chrome/139.0.0.0 Safari/537.36',NULL,'{\"enrollment_id\":914,\"amount\":4200000,\"payment_method\":\"bank_transfer\",\"payment_date\":\"2025-09-05\",\"status\":\"confirmed\",\"notes\":null,\"updated_at\":\"2025-09-05 11:11:12\",\"created_at\":\"2025-09-05 11:11:12\",\"id\":17}','{\"related\":{\"enrollment_id\":914,\"student\":{\"id\":763,\"name\":\"Nguy\\u1ec5n Th\\u00f9y D\\u01b0\\u01a1ng\",\"phone\":\"0396803008\"},\"course\":{\"id\":92,\"name\":\"MKT TT 02 Online\"}}}','2025-09-05 04:11:12','2025-09-05 04:11:12'),(18,'App\\Models\\Payment',17,'created',1,'App\\Models\\User','118.70.131.113','Mozilla/5.0 (Windows NT 10.0; Win64; x64) AppleWebKit/537.36 (KHTML, like Gecko) Chrome/140.0.0.0 Safari/537.36 Edg/140.0.0.0',NULL,'{\"enrollment_id\":900,\"amount\":1040000,\"payment_method\":\"bank_transfer\",\"payment_date\":\"2025-09-08\",\"status\":\"confirmed\",\"notes\":null,\"updated_at\":\"2025-09-08 14:19:57\",\"created_at\":\"2025-09-08 14:19:57\",\"id\":17}','{\"related\":{\"enrollment_id\":900,\"student\":{\"id\":750,\"name\":\"Nguy\\u1ec5n Th\\u1ecb Ki\\u1ec1u Anh\",\"phone\":\"0942027644\"},\"course\":{\"id\":121,\"name\":\"KT M\\u00e1y 255-256 Offline\"}}}','2025-09-08 07:19:57','2025-09-08 07:19:57'),(19,'App\\Models\\Payment',18,'created',1,'App\\Models\\User','118.70.131.113','Mozilla/5.0 (Windows NT 10.0; Win64; x64) AppleWebKit/537.36 (KHTML, like Gecko) Chrome/140.0.0.0 Safari/537.36 Edg/140.0.0.0',NULL,'{\"enrollment_id\":901,\"amount\":1040000,\"payment_method\":\"cash\",\"payment_date\":\"2025-09-08\",\"status\":\"confirmed\",\"notes\":null,\"updated_at\":\"2025-09-08 14:20:20\",\"created_at\":\"2025-09-08 14:20:20\",\"id\":18}','{\"related\":{\"enrollment_id\":901,\"student\":{\"id\":751,\"name\":\"\\u0110\\u00e0m Th\\u1ecb Qu\\u1ef3nh Anh\",\"phone\":\"0962352977\"},\"course\":{\"id\":121,\"name\":\"KT M\\u00e1y 255-256 Offline\"}}}','2025-09-08 07:20:20','2025-09-08 07:20:20'),(20,'App\\Models\\Payment',19,'created',1,'App\\Models\\User','118.70.131.113','Mozilla/5.0 (Windows NT 10.0; Win64; x64) AppleWebKit/537.36 (KHTML, like Gecko) Chrome/140.0.0.0 Safari/537.36 Edg/140.0.0.0',NULL,'{\"enrollment_id\":902,\"amount\":1040000,\"payment_method\":\"bank_transfer\",\"payment_date\":\"2025-09-08\",\"status\":\"confirmed\",\"notes\":null,\"updated_at\":\"2025-09-08 14:20:34\",\"created_at\":\"2025-09-08 14:20:34\",\"id\":19}','{\"related\":{\"enrollment_id\":902,\"student\":{\"id\":752,\"name\":\"Nguy\\u1ec5n Th\\u1ecb Nh\\u1eadt \\u00c1nh\",\"phone\":\"0373761026\"},\"course\":{\"id\":121,\"name\":\"KT M\\u00e1y 255-256 Offline\"}}}','2025-09-08 07:20:34','2025-09-08 07:20:34'),(21,'App\\Models\\Payment',20,'created',1,'App\\Models\\User','118.70.131.113','Mozilla/5.0 (Windows NT 10.0; Win64; x64) AppleWebKit/537.36 (KHTML, like Gecko) Chrome/140.0.0.0 Safari/537.36 Edg/140.0.0.0',NULL,'{\"enrollment_id\":903,\"amount\":1040000,\"payment_method\":\"bank_transfer\",\"payment_date\":\"2025-09-08\",\"status\":\"confirmed\",\"notes\":null,\"updated_at\":\"2025-09-08 14:20:43\",\"created_at\":\"2025-09-08 14:20:43\",\"id\":20}','{\"related\":{\"enrollment_id\":903,\"student\":{\"id\":753,\"name\":\"Tr\\u1ea7n Tri\\u1ec7u Ph\\u01b0\\u01a1ng Anh\",\"phone\":\"0826563988\"},\"course\":{\"id\":121,\"name\":\"KT M\\u00e1y 255-256 Offline\"}}}','2025-09-08 07:20:43','2025-09-08 07:20:43'),(22,'App\\Models\\Payment',21,'created',1,'App\\Models\\User','118.70.131.113','Mozilla/5.0 (Windows NT 10.0; Win64; x64) AppleWebKit/537.36 (KHTML, like Gecko) Chrome/140.0.0.0 Safari/537.36 Edg/140.0.0.0',NULL,'{\"enrollment_id\":904,\"amount\":1040000,\"payment_method\":\"cash\",\"payment_date\":\"2025-09-08\",\"status\":\"confirmed\",\"notes\":null,\"updated_at\":\"2025-09-08 14:20:49\",\"created_at\":\"2025-09-08 14:20:49\",\"id\":21}','{\"related\":{\"enrollment_id\":904,\"student\":{\"id\":754,\"name\":\"L\\u00ea Qu\\u1ef3nh Anh\",\"phone\":\"0862133860\"},\"course\":{\"id\":121,\"name\":\"KT M\\u00e1y 255-256 Offline\"}}}','2025-09-08 07:20:49','2025-09-08 07:20:49'),(23,'App\\Models\\Payment',22,'created',1,'App\\Models\\User','118.70.131.113','Mozilla/5.0 (Windows NT 10.0; Win64; x64) AppleWebKit/537.36 (KHTML, like Gecko) Chrome/140.0.0.0 Safari/537.36 Edg/140.0.0.0',NULL,'{\"enrollment_id\":905,\"amount\":1040000,\"payment_method\":\"cash\",\"payment_date\":\"2025-09-08\",\"status\":\"confirmed\",\"notes\":null,\"updated_at\":\"2025-09-08 14:20:54\",\"created_at\":\"2025-09-08 14:20:54\",\"id\":22}','{\"related\":{\"enrollment_id\":905,\"student\":{\"id\":755,\"name\":\"Ho\\u00e0ng Th\\u1ecb Th\\u1ea3o Lam\",\"phone\":\"0375197569\"},\"course\":{\"id\":121,\"name\":\"KT M\\u00e1y 255-256 Offline\"}}}','2025-09-08 07:20:54','2025-09-08 07:20:54'),(24,'App\\Models\\Payment',23,'created',1,'App\\Models\\User','118.70.131.113','Mozilla/5.0 (Windows NT 10.0; Win64; x64) AppleWebKit/537.36 (KHTML, like Gecko) Chrome/140.0.0.0 Safari/537.36 Edg/140.0.0.0',NULL,'{\"enrollment_id\":906,\"amount\":650000,\"payment_method\":\"bank_transfer\",\"payment_date\":\"2025-09-08\",\"status\":\"confirmed\",\"notes\":null,\"updated_at\":\"2025-09-08 14:21:04\",\"created_at\":\"2025-09-08 14:21:04\",\"id\":23}','{\"related\":{\"enrollment_id\":906,\"student\":{\"id\":756,\"name\":\"Nguy\\u1ec5n Song Ki\\u1ec1u Anh\",\"phone\":\"0977777656\"},\"course\":{\"id\":121,\"name\":\"KT M\\u00e1y 255-256 Offline\"}}}','2025-09-08 07:21:04','2025-09-08 07:21:04'),(25,'App\\Models\\Payment',24,'created',1,'App\\Models\\User','118.70.131.113','Mozilla/5.0 (Windows NT 10.0; Win64; x64) AppleWebKit/537.36 (KHTML, like Gecko) Chrome/140.0.0.0 Safari/537.36 Edg/140.0.0.0',NULL,'{\"enrollment_id\":907,\"amount\":1040000,\"payment_method\":\"bank_transfer\",\"payment_date\":\"2025-09-08\",\"status\":\"confirmed\",\"notes\":null,\"updated_at\":\"2025-09-08 14:21:12\",\"created_at\":\"2025-09-08 14:21:12\",\"id\":24}','{\"related\":{\"enrollment_id\":907,\"student\":{\"id\":757,\"name\":\"Ph\\u1ea1m H\\u1ed3ng Nhung\",\"phone\":\"0334818745\"},\"course\":{\"id\":121,\"name\":\"KT M\\u00e1y 255-256 Offline\"}}}','2025-09-08 07:21:12','2025-09-08 07:21:12'),(26,'App\\Models\\Payment',25,'created',1,'App\\Models\\User','118.70.131.113','Mozilla/5.0 (Windows NT 10.0; Win64; x64) AppleWebKit/537.36 (KHTML, like Gecko) Chrome/140.0.0.0 Safari/537.36 Edg/140.0.0.0',NULL,'{\"enrollment_id\":917,\"amount\":3000000,\"payment_method\":\"bank_transfer\",\"payment_date\":\"2025-09-08\",\"status\":\"confirmed\",\"notes\":null,\"updated_at\":\"2025-09-08 14:25:24\",\"created_at\":\"2025-09-08 14:25:24\",\"id\":25}','{\"related\":{\"enrollment_id\":917,\"student\":{\"id\":767,\"name\":\"Tr\\u01b0\\u01a1ng Th\\u1ecb Di\\u1ec7p\",\"phone\":\"0964890119\"},\"course\":{\"id\":80,\"name\":\"KTT DN 121 Online\"}}}','2025-09-08 07:25:24','2025-09-08 07:25:24'),(27,'App\\Models\\Payment',26,'created',1,'App\\Models\\User','118.70.131.113','Mozilla/5.0 (Windows NT 10.0; Win64; x64) AppleWebKit/537.36 (KHTML, like Gecko) Chrome/140.0.0.0 Safari/537.36 Edg/140.0.0.0',NULL,'{\"enrollment_id\":915,\"amount\":3780000,\"payment_method\":\"bank_transfer\",\"payment_date\":\"2025-09-08\",\"status\":\"confirmed\",\"notes\":null,\"updated_at\":\"2025-09-08 14:27:28\",\"created_at\":\"2025-09-08 14:27:28\",\"id\":26}','{\"related\":{\"enrollment_id\":915,\"student\":{\"id\":763,\"name\":\"Nguy\\u1ec5n Th\\u00f9y D\\u01b0\\u01a1ng\",\"phone\":\"0396803008\"},\"course\":{\"id\":92,\"name\":\"MKT TT 02 Online\"}}}','2025-09-08 07:27:28','2025-09-08 07:27:28'),(28,'App\\Models\\Payment',27,'created',1,'App\\Models\\User','118.70.131.113','Mozilla/5.0 (Windows NT 10.0; Win64; x64) AppleWebKit/537.36 (KHTML, like Gecko) Chrome/140.0.0.0 Safari/537.36 Edg/140.0.0.0',NULL,'{\"enrollment_id\":852,\"amount\":9300000,\"payment_method\":\"bank_transfer\",\"payment_date\":\"2025-09-08\",\"status\":\"confirmed\",\"notes\":null,\"updated_at\":\"2025-09-08 14:28:17\",\"created_at\":\"2025-09-08 14:28:17\",\"id\":27}','{\"related\":{\"enrollment_id\":852,\"student\":{\"id\":690,\"name\":\"Nguy\\u1ec5n Th\\u1ecb Thu\\u1ef3 Dung\",\"phone\":\"0346133097\"},\"course\":{\"id\":60,\"name\":\"QTKD 236 Online\"}}}','2025-09-08 07:28:17','2025-09-08 07:28:17'),(29,'App\\Models\\Payment',28,'created',1,'App\\Models\\User','118.70.131.113','Mozilla/5.0 (Windows NT 10.0; Win64; x64) AppleWebKit/537.36 (KHTML, like Gecko) Chrome/140.0.0.0 Safari/537.36 Edg/140.0.0.0',NULL,'{\"enrollment_id\":396,\"amount\":25000000,\"payment_method\":\"bank_transfer\",\"payment_date\":\"2025-09-08\",\"status\":\"confirmed\",\"notes\":null,\"updated_at\":\"2025-09-08 14:29:24\",\"created_at\":\"2025-09-08 14:29:24\",\"id\":28}','{\"related\":{\"enrollment_id\":396,\"student\":{\"id\":226,\"name\":\"Ho\\u00e0ng V\\u0103n L\\u00fd\",\"phone\":\"80762750666667\"},\"course\":{\"id\":49,\"name\":\"KT-TC 08 Online\"}}}','2025-09-08 07:29:24','2025-09-08 07:29:24'),(30,'App\\Models\\Payment',29,'created',1,'App\\Models\\User','118.70.131.113','Mozilla/5.0 (Windows NT 10.0; Win64; x64) AppleWebKit/537.36 (KHTML, like Gecko) Chrome/140.0.0.0 Safari/537.36 Edg/140.0.0.0',NULL,'{\"enrollment_id\":922,\"amount\":3780000,\"payment_method\":\"bank_transfer\",\"payment_date\":\"2025-09-08\",\"status\":\"confirmed\",\"notes\":null,\"updated_at\":\"2025-09-08 14:37:13\",\"created_at\":\"2025-09-08 14:37:13\",\"id\":29}','{\"related\":{\"enrollment_id\":922,\"student\":{\"id\":769,\"name\":\"Nguy\\u1ec5n Nh\\u01b0 B\\u00ecnh\",\"phone\":\"0396769315\"},\"course\":{\"id\":132,\"name\":\"MKT BH 149 Offline\"}}}','2025-09-08 07:37:13','2025-09-08 07:37:13'),(31,'App\\Models\\Payment',30,'created',1,'App\\Models\\User','118.70.131.113','Mozilla/5.0 (Windows NT 10.0; Win64; x64) AppleWebKit/537.36 (KHTML, like Gecko) Chrome/140.0.0.0 Safari/537.36 Edg/140.0.0.0',NULL,'{\"enrollment_id\":921,\"amount\":3780000,\"payment_method\":\"bank_transfer\",\"payment_date\":\"2025-09-08\",\"status\":\"confirmed\",\"notes\":null,\"updated_at\":\"2025-09-08 14:37:24\",\"created_at\":\"2025-09-08 14:37:24\",\"id\":30}','{\"related\":{\"enrollment_id\":921,\"student\":{\"id\":768,\"name\":\"Nguy\\u1ec5n B\\u1ea3o Minh\",\"phone\":\"0865992709\"},\"course\":{\"id\":132,\"name\":\"MKT BH 149 Offline\"}}}','2025-09-08 07:37:24','2025-09-08 07:37:24'),(32,'App\\Models\\Payment',31,'created',1,'App\\Models\\User','118.70.131.113','Mozilla/5.0 (Windows NT 10.0; Win64; x64) AppleWebKit/537.36 (KHTML, like Gecko) Chrome/140.0.0.0 Safari/537.36 Edg/140.0.0.0',NULL,'{\"enrollment_id\":745,\"amount\":3000000,\"payment_method\":\"bank_transfer\",\"payment_date\":\"2025-09-08\",\"status\":\"confirmed\",\"notes\":null,\"updated_at\":\"2025-09-08 14:37:54\",\"created_at\":\"2025-09-08 14:37:54\",\"id\":31}','{\"related\":{\"enrollment_id\":745,\"student\":{\"id\":586,\"name\":\"Nguy\\u1ec5n Th\\u1ecb Kh\\u00e1nh Ly\",\"phone\":null},\"course\":{\"id\":83,\"name\":\"KTT HCSN 01 Online\"}}}','2025-09-08 07:37:54','2025-09-08 07:37:54'),(33,'App\\Models\\Payment',32,'created',1,'App\\Models\\User','118.70.131.113','Mozilla/5.0 (Windows NT 10.0; Win64; x64) AppleWebKit/537.36 (KHTML, like Gecko) Chrome/140.0.0.0 Safari/537.36 Edg/140.0.0.0',NULL,'{\"enrollment_id\":765,\"amount\":3000000,\"payment_method\":\"bank_transfer\",\"payment_date\":\"2025-09-08\",\"status\":\"confirmed\",\"notes\":null,\"updated_at\":\"2025-09-08 14:38:28\",\"created_at\":\"2025-09-08 14:38:28\",\"id\":32}','{\"related\":{\"enrollment_id\":765,\"student\":{\"id\":606,\"name\":\"Nguy\\u1ec5n Th\\u1ecb Ki\\u1ec1u Trang\",\"phone\":null},\"course\":{\"id\":80,\"name\":\"KTT DN 121 Online\"}}}','2025-09-08 07:38:28','2025-09-08 07:38:28'),(34,'App\\Models\\Payment',33,'created',1,'App\\Models\\User','118.70.131.113','Mozilla/5.0 (Windows NT 10.0; Win64; x64) AppleWebKit/537.36 (KHTML, like Gecko) Chrome/140.0.0.0 Safari/537.36 Edg/140.0.0.0',NULL,'{\"enrollment_id\":923,\"amount\":3780000,\"payment_method\":\"bank_transfer\",\"payment_date\":\"2025-09-08\",\"status\":\"confirmed\",\"notes\":null,\"updated_at\":\"2025-09-08 14:41:18\",\"created_at\":\"2025-09-08 14:41:18\",\"id\":33}','{\"related\":{\"enrollment_id\":923,\"student\":{\"id\":770,\"name\":\"L\\u00ea H\\u1ed3ng Ng\\u1ecdc\",\"phone\":\"0363951198\"},\"course\":{\"id\":93,\"name\":\"MKT TT 02 Offline\"}}}','2025-09-08 07:41:18','2025-09-08 07:41:18'),(35,'App\\Models\\Payment',34,'created',1,'App\\Models\\User','118.70.131.113','Mozilla/5.0 (Windows NT 10.0; Win64; x64) AppleWebKit/537.36 (KHTML, like Gecko) Chrome/140.0.0.0 Safari/537.36 Edg/140.0.0.0',NULL,'{\"enrollment_id\":491,\"amount\":5300000,\"payment_method\":\"bank_transfer\",\"payment_date\":\"2025-09-08\",\"status\":\"confirmed\",\"notes\":null,\"updated_at\":\"2025-09-08 15:35:41\",\"created_at\":\"2025-09-08 15:35:41\",\"id\":34}','{\"related\":{\"enrollment_id\":491,\"student\":{\"id\":328,\"name\":\"Nguy\\u1ec5n Th\\u1ecb Th\\u1ea3o\",\"phone\":\"0359195604\"},\"course\":{\"id\":34,\"name\":\"\\u0110TN 6T 260 Offline\"}}}','2025-09-08 08:35:41','2025-09-08 08:35:41'),(36,'App\\Models\\Payment',35,'created',1,'App\\Models\\User','118.70.131.113','Mozilla/5.0 (Windows NT 10.0; Win64; x64) AppleWebKit/537.36 (KHTML, like Gecko) Chrome/140.0.0.0 Safari/537.36 Edg/140.0.0.0',NULL,'{\"enrollment_id\":928,\"amount\":2700000,\"payment_method\":\"bank_transfer\",\"payment_date\":\"2025-09-08\",\"status\":\"confirmed\",\"notes\":null,\"updated_at\":\"2025-09-08 15:47:14\",\"created_at\":\"2025-09-08 15:47:14\",\"id\":35}','{\"related\":{\"enrollment_id\":928,\"student\":{\"id\":775,\"name\":\"\\u0110\\u1ed7 Th\\u1ecb Ph\\u01b0\\u01a1ng Th\\u1ea3o\",\"phone\":\"0969680974\"},\"course\":{\"id\":80,\"name\":\"KTT DN 121 Online\"}}}','2025-09-08 08:47:14','2025-09-08 08:47:14'),(37,'App\\Models\\Payment',36,'created',1,'App\\Models\\User','118.70.131.113','Mozilla/5.0 (Windows NT 10.0; Win64; x64) AppleWebKit/537.36 (KHTML, like Gecko) Chrome/140.0.0.0 Safari/537.36 Edg/140.0.0.0',NULL,'{\"enrollment_id\":927,\"amount\":2700000,\"payment_method\":\"bank_transfer\",\"payment_date\":\"2025-09-08\",\"status\":\"confirmed\",\"notes\":null,\"updated_at\":\"2025-09-08 15:47:28\",\"created_at\":\"2025-09-08 15:47:28\",\"id\":36}','{\"related\":{\"enrollment_id\":927,\"student\":{\"id\":774,\"name\":\"Ph\\u1ea1m Th\\u1ecb Ki\\u1ec1u Khanh\",\"phone\":\"0388593169\"},\"course\":{\"id\":80,\"name\":\"KTT DN 121 Online\"}}}','2025-09-08 08:47:28','2025-09-08 08:47:28'),(38,'App\\Models\\Payment',37,'created',1,'App\\Models\\User','118.70.131.113','Mozilla/5.0 (Windows NT 10.0; Win64; x64) AppleWebKit/537.36 (KHTML, like Gecko) Chrome/140.0.0.0 Safari/537.36 Edg/140.0.0.0',NULL,'{\"enrollment_id\":926,\"amount\":2700000,\"payment_method\":\"bank_transfer\",\"payment_date\":\"2025-09-08\",\"status\":\"confirmed\",\"notes\":null,\"updated_at\":\"2025-09-08 15:47:41\",\"created_at\":\"2025-09-08 15:47:41\",\"id\":37}','{\"related\":{\"enrollment_id\":926,\"student\":{\"id\":773,\"name\":\"Nguy\\u1ec5n Th\\u1ecb C\\u1ea9m H\\u00e0\",\"phone\":\"0976948465\"},\"course\":{\"id\":80,\"name\":\"KTT DN 121 Online\"}}}','2025-09-08 08:47:41','2025-09-08 08:47:41'),(39,'App\\Models\\Payment',38,'created',1,'App\\Models\\User','118.70.131.113','Mozilla/5.0 (Windows NT 10.0; Win64; x64) AppleWebKit/537.36 (KHTML, like Gecko) Chrome/140.0.0.0 Safari/537.36 Edg/140.0.0.0',NULL,'{\"enrollment_id\":929,\"amount\":2700000,\"payment_method\":\"bank_transfer\",\"payment_date\":\"2025-09-08\",\"status\":\"confirmed\",\"notes\":null,\"updated_at\":\"2025-09-08 15:48:19\",\"created_at\":\"2025-09-08 15:48:19\",\"id\":38}','{\"related\":{\"enrollment_id\":929,\"student\":{\"id\":776,\"name\":\"\\u0110\\u1ed7 Th\\u1ecb Huy\\u1ec1n\",\"phone\":\"0971886088\"},\"course\":{\"id\":80,\"name\":\"KTT DN 121 Online\"}}}','2025-09-08 08:48:19','2025-09-08 08:48:19'),(40,'App\\Models\\Payment',39,'created',1,'App\\Models\\User','118.70.131.113','Mozilla/5.0 (Windows NT 10.0; Win64; x64) AppleWebKit/537.36 (KHTML, like Gecko) Chrome/140.0.0.0 Safari/537.36 Edg/140.0.0.0',NULL,'{\"enrollment_id\":938,\"amount\":3000000,\"payment_method\":\"bank_transfer\",\"payment_date\":\"2025-09-08\",\"status\":\"confirmed\",\"notes\":null,\"updated_at\":\"2025-09-08 15:50:54\",\"created_at\":\"2025-09-08 15:50:54\",\"id\":39}','{\"related\":{\"enrollment_id\":938,\"student\":{\"id\":785,\"name\":\"\\u0110\\u1ed3ng Thanh Ph\\u00fac\",\"phone\":\"0963503383\"},\"course\":{\"id\":80,\"name\":\"KTT DN 121 Online\"}}}','2025-09-08 08:50:54','2025-09-08 08:50:54'),(41,'App\\Models\\Payment',40,'created',1,'App\\Models\\User','118.70.131.113','Mozilla/5.0 (Windows NT 10.0; Win64; x64) AppleWebKit/537.36 (KHTML, like Gecko) Chrome/140.0.0.0 Safari/537.36 Edg/140.0.0.0',NULL,'{\"enrollment_id\":944,\"amount\":3000000,\"payment_method\":\"bank_transfer\",\"payment_date\":\"2025-09-08\",\"status\":\"confirmed\",\"notes\":null,\"updated_at\":\"2025-09-08 17:35:57\",\"created_at\":\"2025-09-08 17:35:57\",\"id\":40}','{\"related\":{\"enrollment_id\":944,\"student\":{\"id\":791,\"name\":\"Nguy\\u1ec5n Th\\u1ecb Hi\\u1ec1n Trang\",\"phone\":\"0978056336\"},\"course\":{\"id\":80,\"name\":\"KTT DN 121 Online\"}}}','2025-09-08 10:35:57','2025-09-08 10:35:57'),(42,'App\\Models\\Payment',41,'created',1,'App\\Models\\User','171.246.10.194','Mozilla/5.0 (Windows NT 10.0; Win64; x64) AppleWebKit/537.36 (KHTML, like Gecko) Chrome/140.0.0.0 Safari/537.36',NULL,'{\"enrollment_id\":945,\"amount\":3000000,\"payment_method\":\"bank_transfer\",\"payment_date\":\"2025-09-10\",\"status\":\"confirmed\",\"notes\":null,\"updated_at\":\"2025-09-10 11:04:40\",\"created_at\":\"2025-09-10 11:04:40\",\"id\":41}','{\"related\":{\"enrollment_id\":945,\"student\":{\"id\":792,\"name\":\"Nguy\\u1ec5n Thanh Hu\\u1ec7\",\"phone\":\"0869856898\"},\"course\":{\"id\":80,\"name\":\"KTT DN 121 Online\"}}}','2025-09-10 04:04:41','2025-09-10 04:04:41'),(43,'App\\Models\\Payment',42,'created',1,'App\\Models\\User','171.246.10.194','Mozilla/5.0 (Windows NT 10.0; Win64; x64) AppleWebKit/537.36 (KHTML, like Gecko) Chrome/140.0.0.0 Safari/537.36',NULL,'{\"enrollment_id\":954,\"amount\":5300000,\"payment_method\":\"bank_transfer\",\"payment_date\":\"2025-09-10\",\"status\":\"confirmed\",\"notes\":null,\"updated_at\":\"2025-09-10 11:25:34\",\"created_at\":\"2025-09-10 11:25:34\",\"id\":42}','{\"related\":{\"enrollment_id\":954,\"student\":{\"id\":800,\"name\":\"Nguy\\u1ec5n Th\\u1ecb Thu Huy\\u1ec1n\",\"phone\":\"0394717892\"},\"course\":{\"id\":74,\"name\":\"\\u0110TN 6T 261 Offline\"}}}','2025-09-10 04:25:34','2025-09-10 04:25:34'),(44,'App\\Models\\Payment',43,'created',1,'App\\Models\\User','171.246.10.194','Mozilla/5.0 (Windows NT 10.0; Win64; x64) AppleWebKit/537.36 (KHTML, like Gecko) Chrome/140.0.0.0 Safari/537.36',NULL,'{\"enrollment_id\":774,\"amount\":3000000,\"payment_method\":\"bank_transfer\",\"payment_date\":\"2025-09-10\",\"status\":\"confirmed\",\"notes\":\"Nh\\u00f3m 3 c\\u00f9ng Nguy\\u1ec5n Th\\u1ecb Di\\u1ec7p\",\"updated_at\":\"2025-09-10 11:27:50\",\"created_at\":\"2025-09-10 11:27:50\",\"id\":43}','{\"related\":{\"enrollment_id\":774,\"student\":{\"id\":615,\"name\":\"Ho\\u00e0ng Minh Th\\u1eafng\",\"phone\":\"0936169629\"},\"course\":{\"id\":80,\"name\":\"KTT DN 121 Online\"}}}','2025-09-10 04:27:50','2025-09-10 04:27:50'),(45,'App\\Models\\Payment',44,'created',1,'App\\Models\\User','171.246.10.194','Mozilla/5.0 (Windows NT 10.0; Win64; x64) AppleWebKit/537.36 (KHTML, like Gecko) Chrome/140.0.0.0 Safari/537.36',NULL,'{\"enrollment_id\":951,\"amount\":2700000,\"payment_method\":\"bank_transfer\",\"payment_date\":\"2025-09-10\",\"status\":\"confirmed\",\"notes\":\"Nh\\u00f3m 3 c\\u00f9ng Nguy\\u1ec5n Th\\u1ecb Di\\u1ec7p\",\"updated_at\":\"2025-09-10 11:29:38\",\"created_at\":\"2025-09-10 11:29:38\",\"id\":44}','{\"related\":{\"enrollment_id\":951,\"student\":{\"id\":798,\"name\":\"Ho\\u00e0ng Ho\\u00e0i Thu\",\"phone\":\"0942404777\"},\"course\":{\"id\":80,\"name\":\"KTT DN 121 Online\"}}}','2025-09-10 04:29:38','2025-09-10 04:29:38'),(46,'App\\Models\\Payment',45,'created',1,'App\\Models\\User','171.246.10.194','Mozilla/5.0 (Windows NT 10.0; Win64; x64) AppleWebKit/537.36 (KHTML, like Gecko) Chrome/140.0.0.0 Safari/537.36',NULL,'{\"enrollment_id\":958,\"amount\":2700000,\"payment_method\":\"bank_transfer\",\"payment_date\":\"2025-09-10\",\"status\":\"confirmed\",\"notes\":\"Nh\\u00f3m 3 c\\u00f9ng Nguy\\u1ec5n Th\\u1ecb Di\\u1ec7p\",\"updated_at\":\"2025-09-10 11:29:53\",\"created_at\":\"2025-09-10 11:29:53\",\"id\":45}','{\"related\":{\"enrollment_id\":958,\"student\":{\"id\":615,\"name\":\"Ho\\u00e0ng Minh Th\\u1eafng\",\"phone\":\"0936169629\"},\"course\":{\"id\":80,\"name\":\"KTT DN 121 Online\"}}}','2025-09-10 04:29:53','2025-09-10 04:29:53'),(47,'App\\Models\\Payment',46,'created',1,'App\\Models\\User','171.246.10.194','Mozilla/5.0 (Windows NT 10.0; Win64; x64) AppleWebKit/537.36 (KHTML, like Gecko) Chrome/140.0.0.0 Safari/537.36',NULL,'{\"enrollment_id\":948,\"amount\":2700000,\"payment_method\":\"bank_transfer\",\"payment_date\":\"2025-09-10\",\"status\":\"confirmed\",\"notes\":\"Nh\\u00f3m 3 c\\u00f9ng Nguy\\u1ec5n Th\\u1ecb Di\\u1ec7p\",\"updated_at\":\"2025-09-10 11:30:14\",\"created_at\":\"2025-09-10 11:30:14\",\"id\":46}','{\"related\":{\"enrollment_id\":948,\"student\":{\"id\":795,\"name\":\"Nguy\\u1ec5n Th\\u1ecb Di\\u1ec7p\",\"phone\":null},\"course\":{\"id\":80,\"name\":\"KTT DN 121 Online\"}}}','2025-09-10 04:30:14','2025-09-10 04:30:14'),(48,'App\\Models\\Payment',47,'created',1,'App\\Models\\User','171.246.10.194','Mozilla/5.0 (Windows NT 10.0; Win64; x64) AppleWebKit/537.36 (KHTML, like Gecko) Chrome/140.0.0.0 Safari/537.36',NULL,'{\"enrollment_id\":943,\"amount\":3000000,\"payment_method\":\"bank_transfer\",\"payment_date\":\"2025-09-10\",\"status\":\"confirmed\",\"notes\":null,\"updated_at\":\"2025-09-10 12:04:44\",\"created_at\":\"2025-09-10 12:04:44\",\"id\":47}','{\"related\":{\"enrollment_id\":943,\"student\":{\"id\":790,\"name\":\"\\u0110o\\u00e0n Nh\\u1eadt H\\u01b0\\u01a1ng\",\"phone\":null},\"course\":{\"id\":80,\"name\":\"KTT DN 121 Online\"}}}','2025-09-10 05:04:44','2025-09-10 05:04:44');
/*!40000 ALTER TABLE `audit_logs` ENABLE KEYS */;
UNLOCK TABLES;

--
-- Table structure for table `course_items`
--

DROP TABLE IF EXISTS `course_items`;
/*!40101 SET @saved_cs_client     = @@character_set_client */;
/*!50503 SET character_set_client = utf8mb4 */;
CREATE TABLE `course_items` (
  `id` bigint unsigned NOT NULL AUTO_INCREMENT,
  `name` varchar(191) COLLATE utf8mb4_unicode_ci NOT NULL,
  `parent_id` bigint unsigned DEFAULT NULL,
  `level` int NOT NULL DEFAULT '1',
  `is_leaf` tinyint(1) NOT NULL DEFAULT '1',
  `fee` decimal(15,2) NOT NULL DEFAULT '0.00',
  `order_index` int NOT NULL DEFAULT '0',
  `is_special` tinyint(1) NOT NULL DEFAULT '0',
  `learning_method` enum('online','offline') COLLATE utf8mb4_unicode_ci DEFAULT NULL COMMENT 'Phương thức học: online (trực tuyến) hoặc offline (trực tiếp). Chỉ áp dụng cho khóa học cuối cùng (is_leaf = true)',
  `custom_fields` longtext CHARACTER SET utf8mb4 COLLATE utf8mb4_bin,
  `status` enum('active','completed') COLLATE utf8mb4_unicode_ci NOT NULL DEFAULT 'active',
  `created_at` timestamp NULL DEFAULT NULL,
  `updated_at` timestamp NULL DEFAULT NULL,
  PRIMARY KEY (`id`),
  KEY `course_items_parent_id_foreign` (`parent_id`),
  CONSTRAINT `course_items_parent_id_foreign` FOREIGN KEY (`parent_id`) REFERENCES `course_items` (`id`) ON DELETE CASCADE,
  CONSTRAINT `course_items_chk_1` CHECK (json_valid(`custom_fields`))
) ENGINE=InnoDB AUTO_INCREMENT=144 DEFAULT CHARSET=utf8mb4 COLLATE=utf8mb4_unicode_ci;
/*!40101 SET character_set_client = @saved_cs_client */;

--
-- Dumping data for table `course_items`
--

LOCK TABLES `course_items` WRITE;
/*!40000 ALTER TABLE `course_items` DISABLE KEYS */;
INSERT INTO `course_items` VALUES (14,'Đào tạo nghề Kế toán',NULL,1,0,0.00,0,0,NULL,'[]','active','2025-08-24 19:07:37','2025-09-04 05:39:01'),(15,'ĐTN 259-260',14,2,0,0.00,3,0,NULL,'[]','active','2025-08-24 19:09:15','2025-08-29 06:36:14'),(16,'ĐTN 260 Online',15,3,0,0.00,1,0,NULL,'[]','active','2025-08-24 19:09:32','2025-08-26 19:29:33'),(17,'ĐTN 261',14,2,0,0.00,4,0,NULL,'[]','active','2025-08-24 19:09:45','2025-08-29 05:25:13'),(18,'ĐTN 260 Offline',15,3,0,0.00,2,0,NULL,'[]','active','2025-08-24 19:10:00','2025-08-26 19:29:41'),(19,'ĐTN 261 Online',17,3,0,0.00,1,0,NULL,'[]','active','2025-08-24 19:10:32','2025-08-26 19:29:55'),(20,'ĐTN 261 Offline',17,3,0,0.00,2,0,NULL,'[]','active','2025-08-24 19:10:42','2025-08-26 19:30:04'),(21,'ĐTN 2.5T 260 Online',16,4,1,2500000.00,1,0,'online','[]','active','2025-08-24 19:11:12','2025-08-24 19:11:29'),(22,'ĐTN 3T 260 Online',16,4,1,3400000.00,2,0,'online','[]','active','2025-08-24 19:11:56','2025-08-24 19:11:56'),(23,'ĐTN 4T 260 Online',16,4,1,4300000.00,3,0,'online','[]','active','2025-08-24 19:12:24','2025-08-24 19:12:24'),(24,'Kế toán trưởng',NULL,1,0,0.00,1,0,NULL,'[]','active','2025-08-24 19:13:13','2025-09-04 05:39:01'),(25,'ĐTN 6T 260 Online',16,4,1,5300000.00,4,0,'online','[]','active','2025-08-24 19:15:04','2025-08-24 19:15:04'),(26,'KTTH 260 Online',16,4,1,1300000.00,5,0,'online','[]','active','2025-08-24 19:15:33','2025-08-24 19:15:33'),(27,'KT Sổ 260 Online',16,4,1,1300000.00,6,0,'online','[]','active','2025-08-24 19:16:58','2025-08-24 19:16:58'),(28,'KT Máy 260 Online',16,4,1,1300000.00,7,0,'online','[]','active','2025-08-24 19:17:21','2025-08-24 19:17:21'),(29,'KT Thuế 260 Online',16,4,1,1500000.00,8,0,'online','[]','active','2025-08-24 19:17:41','2025-08-24 19:17:41'),(30,'BCTC 260 Online',16,4,1,1500000.00,9,0,'online','[]','active','2025-08-24 19:18:06','2025-08-24 19:18:06'),(31,'ĐTN 2.5T 260 Offline',18,4,1,2500000.00,1,0,'offline','[]','active','2025-08-24 19:18:36','2025-08-24 19:18:36'),(32,'ĐTN 3T 260 Offline',18,4,1,3400000.00,2,0,'offline','[]','active','2025-08-24 19:18:57','2025-08-24 19:18:57'),(33,'ĐTN 4T 260 Offline',18,4,1,4300000.00,3,0,'offline','[]','active','2025-08-24 19:19:12','2025-08-24 19:19:12'),(34,'ĐTN 6T 260 Offline',18,4,1,5300000.00,4,0,'offline','[]','active','2025-08-24 19:19:36','2025-08-24 19:19:36'),(35,'KTTH 260 Offline',18,4,1,1300000.00,5,0,'offline','[]','active','2025-08-24 19:20:22','2025-08-24 19:20:22'),(36,'KT Sổ 260 Offline',18,4,1,1300000.00,6,0,'offline','[]','active','2025-08-24 19:22:17','2025-08-24 19:22:17'),(37,'KT Máy 260 Offline',18,4,1,1300000.00,7,0,'offline','[]','active','2025-08-24 19:22:57','2025-08-24 19:22:57'),(38,'KT Thuế 260 Offline',18,4,1,1500000.00,8,0,'offline','[]','active','2025-08-25 02:45:03','2025-08-25 02:45:03'),(39,'BCTC 260 Online',18,4,1,1500000.00,9,0,'offline','[]','active','2025-08-25 02:45:23','2025-08-25 02:45:23'),(40,'ĐTN 2.5T 261 Online',19,4,1,2500000.00,1,0,'online','[]','active','2025-08-25 02:46:16','2025-08-25 02:46:16'),(41,'ĐTN 3T 261 Online',19,4,1,3400000.00,2,0,'online','[]','active','2025-08-25 02:46:42','2025-08-25 02:46:42'),(42,'Quản trị Kinh doanh',NULL,1,0,0.00,2,0,NULL,'[]','active','2025-08-25 02:47:49','2025-09-04 05:39:01'),(43,'QTKD 235',42,2,0,0.00,1,0,NULL,'[]','active','2025-08-25 02:48:01','2025-08-26 19:30:13'),(45,'QTKD 235 Online',43,3,1,18600000.00,1,0,'online','[]','active','2025-08-25 02:48:55','2025-08-26 19:35:51'),(46,'QTKD 235 Offline',43,3,1,18600000.00,2,0,'offline','[]','active','2025-08-25 02:49:10','2025-08-26 19:35:57'),(47,'Quản lý Kinh tế và Tài chính',NULL,1,0,0.00,4,0,NULL,'[]','active','2025-08-25 08:04:26','2025-09-04 05:39:01'),(48,'KT-TC 08',47,2,0,0.00,1,0,NULL,'[]','active','2025-08-25 08:05:18','2025-08-26 19:36:17'),(49,'KT-TC 08 Online',48,3,1,26800000.00,1,0,'online','[]','active','2025-08-25 08:06:27','2025-08-26 19:36:22'),(50,'KT-TC 08 Offline',48,3,1,26800000.00,2,0,'offline','[]','active','2025-08-25 08:06:45','2025-08-26 19:36:27'),(51,'Kế toán HCSN',NULL,1,0,0.00,5,0,NULL,'[]','active','2025-08-25 08:41:52','2025-09-04 05:39:01'),(52,'Marketing',NULL,1,0,0.00,3,0,NULL,'[]','active','2025-08-25 08:42:10','2025-09-04 05:39:01'),(54,'QTDN Cao cấp',NULL,1,0,0.00,6,0,NULL,'[]','active','2025-08-25 08:42:54','2025-09-08 09:14:21'),(55,'Các lớp Doanh nghiệp',NULL,1,0,0.00,7,0,NULL,'[]','active','2025-08-25 08:43:29','2025-09-04 05:39:01'),(56,'MKT BH 148',86,3,0,0.00,1,0,NULL,'[]','active','2025-08-25 08:44:06','2025-08-26 19:20:33'),(57,'MKT BH 148 Online',56,3,1,4200000.00,1,0,'online','[]','active','2025-08-25 08:44:27','2025-08-25 08:44:27'),(58,'MKT BH 148 Offline',56,3,1,4200000.00,2,0,'offline','[]','active','2025-08-25 08:44:48','2025-08-25 08:44:48'),(59,'QTKD 236',42,2,0,0.00,2,0,NULL,'[]','active','2025-08-25 08:56:46','2025-08-26 19:30:19'),(60,'QTKD 236 Online',59,3,1,18600000.00,1,0,'online','[]','active','2025-08-25 08:57:50','2025-08-25 08:57:50'),(61,'QTKD 236 Offline',59,3,1,18600000.00,2,0,'offline','[]','active','2025-08-25 08:58:31','2025-08-25 08:58:31'),(62,'KTT DN',24,2,0,0.00,1,0,NULL,'[]','active','2025-08-26 18:08:00','2025-08-26 18:08:00'),(63,'KTT DN 121',62,3,0,0.00,1,0,NULL,'[]','active','2025-08-26 18:08:15','2025-08-26 18:08:15'),(64,'ĐTN 4T 261 Online',19,4,1,4300000.00,3,0,'online','[]','active','2025-08-26 18:13:15','2025-08-26 18:13:15'),(65,'ĐTN 6T 261 Online',19,4,1,5300000.00,4,0,'online','[]','active','2025-08-26 19:10:08','2025-08-30 05:57:50'),(66,'KTTH 261 Online',19,4,1,1300000.00,5,0,'online','[]','active','2025-08-26 19:10:34','2025-08-26 19:11:14'),(67,'KT Máy 261 Online',19,4,1,1300000.00,6,0,'online','[]','active','2025-08-26 19:10:44','2025-08-26 19:11:08'),(68,'KT Sổ 261 Online',19,4,1,1300000.00,7,0,'online','[]','active','2025-08-26 19:11:49','2025-08-26 19:12:02'),(69,'KT Thuế 261 Online',19,4,1,1500000.00,8,0,'online','[]','active','2025-08-26 19:12:15','2025-08-26 19:12:15'),(70,'BCTC 261 Online',19,4,1,1500000.00,9,0,'online','[]','active','2025-08-26 19:12:30','2025-08-26 19:12:30'),(71,'ĐTN 2.5T 261 Offline',20,4,1,1300000.00,1,0,'offline','[]','active','2025-08-26 19:12:48','2025-08-26 19:12:48'),(72,'ĐTN 3T 261 Offline',20,4,1,3400000.00,2,0,'offline','[]','active','2025-08-26 19:13:06','2025-08-26 19:13:06'),(73,'ĐTN 4T 261 Offline',20,4,1,4300000.00,3,0,'offline','[]','active','2025-08-26 19:13:22','2025-08-26 19:13:22'),(74,'ĐTN 6T 261 Offline',20,4,1,5300000.00,4,0,'offline','[]','active','2025-08-26 19:13:44','2025-08-26 19:13:44'),(75,'KTTH 261 Offline',20,4,1,1300000.00,5,0,'offline','[]','active','2025-08-26 19:13:58','2025-08-26 19:13:58'),(76,'KT Sổ 261 Offline',20,4,1,1300000.00,6,0,'offline','[]','active','2025-08-26 19:14:13','2025-08-26 19:14:13'),(77,'KT Sổ 261 Offline',20,4,1,1300000.00,7,0,'offline','[]','active','2025-08-26 19:14:25','2025-08-26 19:14:25'),(78,'KT Thuế 261 Offline',20,4,1,1500000.00,8,0,'offline','[]','active','2025-08-26 19:14:42','2025-08-26 19:14:42'),(79,'BCTC 261 Offline',20,4,1,1500000.00,9,0,'offline','[]','active','2025-08-26 19:15:04','2025-08-26 19:15:04'),(80,'KTT DN 121 Online',63,4,1,3000000.00,1,1,'online','[]','active','2025-08-26 19:15:48','2025-08-26 19:15:55'),(81,'KTT HCSN',24,2,0,0.00,2,0,NULL,'[]','active','2025-08-26 19:16:23','2025-08-26 19:16:23'),(82,'KTT HCSN 01',81,3,0,0.00,1,0,NULL,'[]','active','2025-08-26 19:16:34','2025-08-26 19:16:34'),(83,'KTT HCSN 01 Online',82,4,1,3000000.00,1,1,'online','[]','active','2025-08-26 19:16:54','2025-08-26 19:17:02'),(85,'Marketing và Truyền thông',52,2,0,0.00,1,0,NULL,'[]','active','2025-08-26 19:19:41','2025-08-26 19:22:15'),(86,'Marketing và Bán hàng',52,2,0,0.00,0,0,NULL,'[]','active','2025-08-26 19:20:23','2025-08-26 19:22:01'),(87,'MKT TT 01',85,3,0,0.00,1,0,NULL,'[]','active','2025-08-26 19:21:01','2025-08-26 19:21:01'),(88,'MKT TT 01 Online',87,4,1,4200000.00,1,0,'online','[]','active','2025-08-26 19:21:13','2025-08-26 19:21:13'),(89,'MKT TT 01 Offline',87,4,1,4200000.00,2,0,'offline','[]','active','2025-08-26 19:21:26','2025-08-28 12:08:26'),(90,'GCA',55,2,1,1.00,1,0,'offline','[]','active','2025-08-27 04:51:36','2025-08-29 06:00:32'),(91,'MKT TT 02',85,3,0,0.00,2,0,NULL,'[]','active','2025-08-27 07:10:20','2025-08-27 07:10:20'),(92,'MKT TT 02 Online',91,4,1,4200000.00,1,0,'online','[]','active','2025-08-27 07:10:43','2025-08-27 07:10:43'),(93,'MKT TT 02 Offline',91,4,1,4200000.00,2,0,'offline','[]','active','2025-08-27 07:11:01','2025-08-27 07:11:01'),(94,'Kế toán HCSN 49',51,2,0,0.00,1,0,NULL,'[]','active','2025-08-28 10:26:48','2025-08-28 10:26:48'),(95,'KT HCSN 49 Online',94,3,1,3000000.00,1,0,'online','[]','active','2025-08-28 10:27:51','2025-08-28 10:28:24'),(96,'Kế toán HCSN 50',51,2,0,0.00,2,0,NULL,'[]','active','2025-08-28 10:28:09','2025-08-28 10:28:09'),(97,'Kế toán HCSN 50 Online',96,3,1,3000000.00,1,0,'online','[]','active','2025-08-28 10:28:40','2025-08-28 10:28:48'),(98,'KTT DN 120',62,3,0,0.00,0,0,NULL,'[]','active','2025-08-28 12:56:44','2025-08-28 12:57:05'),(100,'KTT DN 120 Online',98,4,1,3000000.00,1,1,'online','[]','active','2025-08-28 13:00:27','2025-08-28 13:00:27'),(101,'ĐTN 255-256',14,2,0,0.00,1,0,NULL,'[]','active','2025-08-28 13:37:02','2025-08-29 05:25:13'),(102,'ĐTN 255-256 Online',101,3,0,0.00,1,0,NULL,'[]','active','2025-08-28 13:38:42','2025-08-28 13:38:42'),(103,'ĐTN 255-256 Offline',101,3,0,0.00,2,0,NULL,'[]','active','2025-08-28 13:38:55','2025-08-28 13:38:55'),(104,'ĐTN 2.5T 255-256 Online',102,4,1,2500000.00,1,0,'online','[]','active','2025-08-28 13:39:25','2025-08-28 13:39:25'),(105,'ĐTN 3T 255-256 Online',102,4,1,3400000.00,2,0,'online','[]','active','2025-08-28 13:39:44','2025-08-28 13:39:44'),(106,'ĐTN 4T 255-256 Online',102,4,1,4300000.00,3,0,'online','[]','active','2025-08-28 13:40:05','2025-08-28 13:40:05'),(107,'ĐTN 6T 255-256 Online',102,4,1,5300000.00,4,0,'online','[]','active','2025-08-28 13:40:20','2025-08-28 13:40:20'),(108,'KTTH 255-256 Online',102,4,1,1300000.00,5,0,'online','[]','active','2025-08-28 13:40:36','2025-08-28 13:40:48'),(109,'KT Máy 255-256 Online',102,4,1,1300000.00,6,0,'online','[]','active','2025-08-28 13:41:02','2025-08-28 13:41:02'),(110,'KT Sổ 255-256 Online',102,4,1,1300000.00,7,0,'online','[]','active','2025-08-28 13:41:21','2025-08-28 13:41:21'),(111,'KT Thuế 255-256 Online',102,4,1,1500000.00,8,0,'online','[]','active','2025-08-28 13:41:41','2025-08-28 13:41:41'),(112,'BCTC 255-256 Online',102,4,1,1500000.00,9,0,'online','[]','active','2025-08-28 13:41:57','2025-08-28 13:41:57'),(113,'MKT BH 147',86,3,0,0.00,0,0,NULL,'[]','active','2025-08-29 05:06:47','2025-08-29 05:06:51'),(114,'MKT BH 147 Online',113,4,1,4200000.00,1,0,'online','[]','active','2025-08-29 05:07:17','2025-08-29 05:07:17'),(115,'ĐTN 2.5T 255-256 Offline',103,4,1,2500000.00,1,0,'offline','[]','active','2025-08-29 05:17:04','2025-08-29 05:18:46'),(116,'ĐTN 3T 255-256 Offline',103,4,1,3400000.00,2,0,'offline','[]','active','2025-08-29 05:19:15','2025-08-29 05:19:15'),(117,'ĐTN 4T 255-256 Offline',103,4,1,4300000.00,3,0,'offline','[]','active','2025-08-29 05:19:34','2025-08-29 05:19:34'),(118,'ĐTN 6T 255-256 Offline',103,4,1,5300000.00,4,0,'offline','[]','active','2025-08-29 05:19:50','2025-08-29 05:19:50'),(119,'KTTH 255-256 Offline',103,4,1,1300000.00,5,0,'offline','[]','active','2025-08-29 05:20:17','2025-08-29 05:20:17'),(120,'KT Sổ 255-256 Offline',103,4,1,1300000.00,6,0,'offline','[]','active','2025-08-29 05:21:01','2025-08-29 05:21:01'),(121,'KT Máy 255-256 Offline',103,4,1,1300000.00,7,0,'offline','[]','active','2025-08-29 05:21:25','2025-08-29 05:21:25'),(122,'KT Thuế 255-256 Offline',103,4,1,1500000.00,8,0,'offline','[]','active','2025-08-29 05:21:41','2025-08-29 05:21:41'),(123,'BCTC 255-256 Offline',103,4,1,1500000.00,9,0,'offline','[]','active','2025-08-29 05:21:56','2025-08-29 05:21:56'),(124,'ĐTN 257-258',14,2,0,0.00,2,0,NULL,'[]','active','2025-08-29 05:24:17','2025-08-29 05:25:13'),(125,'ĐTN 257-258 Online',124,3,0,0.00,1,0,NULL,'[]','active','2025-08-29 05:24:41','2025-08-29 05:24:41'),(126,'ĐTN 257-258 Offline',124,3,0,0.00,2,0,NULL,'[]','active','2025-08-29 05:24:52','2025-08-29 05:24:52'),(127,'ĐTN 254',14,2,0,0.00,0,0,NULL,'[]','active','2025-08-29 05:25:05','2025-08-29 05:25:13'),(128,'ĐTN 254 Online',127,3,0,0.00,1,0,NULL,'[]','active','2025-08-29 05:25:26','2025-08-29 05:25:26'),(129,'BCTC 254 Online',128,4,1,1500000.00,1,0,'online','[]','active','2025-08-29 05:25:47','2025-08-29 05:25:47'),(130,'MKT BH 149',86,3,0,0.00,2,0,NULL,'[]','active','2025-08-31 04:13:41','2025-08-31 04:16:11'),(131,'MKT BH 149 Online',130,4,1,4200000.00,1,0,NULL,'[]','active','2025-08-31 04:23:26','2025-08-31 04:23:26'),(132,'MKT BH 149 Offline',130,4,1,4200000.00,2,0,NULL,'[]','active','2025-08-31 04:23:46','2025-08-31 04:23:46'),(133,'KTT HCSN 02',81,3,0,0.00,2,0,NULL,'[]','active','2025-09-02 13:28:39','2025-09-02 13:28:39'),(134,'KTT HCSN 02 Online',133,4,1,3000000.00,1,1,'online','[]','active','2025-09-02 13:28:53','2025-09-02 13:28:53'),(135,'ĐTN 2.5T 257-258 Online',125,4,1,2500000.00,1,0,'online','[]','active','2025-09-03 08:27:54','2025-09-04 05:09:10'),(137,'ĐTN 2.5T 257-258 Offline',126,4,1,2500000.00,1,0,'offline','[]','active','2025-09-03 08:31:19','2025-09-04 05:09:17'),(138,'KT-TC 09',47,2,0,0.00,2,0,NULL,'[]','active','2025-09-04 03:43:11','2025-09-04 03:43:25'),(139,'KT-TC 09 Online',138,3,1,26800000.00,1,0,'online','[]','active','2025-09-04 03:44:02','2025-09-04 03:44:35'),(140,'Nghề ngân hàng',55,2,1,1.00,2,0,NULL,'[]','active','2025-09-08 03:39:53','2025-09-08 03:39:53'),(141,'Websites',NULL,1,0,0.00,8,0,NULL,'[]','active','2025-09-08 09:11:58','2025-09-08 09:11:58'),(142,'TTĐTLT',141,2,1,1.00,1,0,NULL,'[]','active','2025-09-08 09:12:11','2025-09-08 09:12:11'),(143,'Daotaonganhan',141,2,1,1.00,2,0,NULL,'[]','active','2025-09-08 09:12:21','2025-09-08 09:12:21');
/*!40000 ALTER TABLE `course_items` ENABLE KEYS */;
UNLOCK TABLES;

--
-- Table structure for table `enrollments`
--

DROP TABLE IF EXISTS `enrollments`;
/*!40101 SET @saved_cs_client     = @@character_set_client */;
/*!50503 SET character_set_client = utf8mb4 */;
CREATE TABLE `enrollments` (
  `id` bigint unsigned NOT NULL AUTO_INCREMENT,
  `student_id` bigint unsigned NOT NULL,
  `course_item_id` bigint unsigned DEFAULT NULL,
  `enrollment_date` date NOT NULL,
  `status` varchar(191) NOT NULL DEFAULT 'pending',
  `request_date` timestamp NULL DEFAULT NULL,
  `confirmation_date` timestamp NULL DEFAULT NULL,
  `last_status_change` timestamp NULL DEFAULT NULL,
  `cancelled_at` timestamp NULL DEFAULT NULL,
  `previous_status` varchar(191) DEFAULT NULL,
  `discount_percentage` decimal(5,2) NOT NULL DEFAULT '0.00',
  `discount_amount` decimal(15,2) NOT NULL DEFAULT '0.00',
  `final_fee` decimal(15,2) NOT NULL,
  `notes` text,
  `custom_fields` longtext CHARACTER SET utf8mb4 COLLATE utf8mb4_bin,
  `created_at` timestamp NULL DEFAULT NULL,
  `updated_at` timestamp NULL DEFAULT NULL,
  PRIMARY KEY (`id`),
  UNIQUE KEY `enrollments_student_id_course_item_id_unique` (`student_id`,`course_item_id`),
  KEY `enrollments_course_item_id_foreign` (`course_item_id`),
  CONSTRAINT `enrollments_course_item_id_foreign` FOREIGN KEY (`course_item_id`) REFERENCES `course_items` (`id`) ON DELETE CASCADE,
  CONSTRAINT `enrollments_student_id_foreign` FOREIGN KEY (`student_id`) REFERENCES `students` (`id`) ON DELETE CASCADE,
  CONSTRAINT `enrollments_chk_1` CHECK (json_valid(`custom_fields`))
) ENGINE=InnoDB AUTO_INCREMENT=960 DEFAULT CHARSET=utf8mb3;
/*!40101 SET character_set_client = @saved_cs_client */;

--
-- Dumping data for table `enrollments`
--

LOCK TABLES `enrollments` WRITE;
/*!40000 ALTER TABLE `enrollments` DISABLE KEYS */;
INSERT INTO `enrollments` VALUES (362,195,45,'2025-08-25','active',NULL,NULL,NULL,NULL,NULL,100.00,18600000.00,0.00,'Đăng ký qua import Excel',NULL,'2025-08-25 03:01:08','2025-08-26 19:00:21'),(363,196,45,'2025-08-25','active',NULL,NULL,NULL,NULL,NULL,100.00,18600000.00,0.00,'Đăng ký qua import Excel',NULL,'2025-08-25 03:01:08','2025-08-26 19:00:13'),(364,197,45,'2025-08-25','active',NULL,NULL,NULL,NULL,NULL,100.00,18600000.00,0.00,'Đăng ký qua import Excel',NULL,'2025-08-25 03:16:41','2025-08-26 19:00:41'),(365,198,45,'2025-08-25','active',NULL,NULL,NULL,NULL,NULL,100.00,18600000.00,0.00,'Đăng ký qua import Excel',NULL,'2025-08-25 03:16:41','2025-08-26 19:00:33'),(366,199,46,'2025-08-25','active',NULL,NULL,NULL,NULL,NULL,100.00,18600000.00,0.00,'Đăng ký qua import Excel',NULL,'2025-08-25 03:23:10','2025-08-26 19:01:00'),(367,200,46,'2025-08-25','active',NULL,NULL,NULL,NULL,NULL,100.00,18600000.00,0.00,'Đăng ký qua import Excel',NULL,'2025-08-25 03:23:10','2025-08-26 19:00:50'),(368,201,45,'2025-08-25','active',NULL,NULL,NULL,NULL,NULL,100.00,18600000.00,0.00,'Đăng ký qua import Excel',NULL,'2025-08-25 03:37:03','2025-08-26 19:02:49'),(369,202,45,'2025-08-25','active',NULL,NULL,NULL,NULL,NULL,100.00,18600000.00,0.00,'Đăng ký qua import Excel',NULL,'2025-08-25 03:37:03','2025-08-26 19:02:40'),(370,203,45,'2025-08-25','active',NULL,NULL,NULL,NULL,NULL,100.00,18600000.00,0.00,'Đăng ký qua import Excel',NULL,'2025-08-25 03:37:03','2025-08-27 09:40:08'),(371,204,45,'2025-08-25','active',NULL,NULL,NULL,NULL,NULL,100.00,18600000.00,0.00,'Đăng ký qua import Excel',NULL,'2025-08-25 03:37:03','2025-08-26 19:01:49'),(372,205,45,'2025-08-25','active',NULL,NULL,NULL,NULL,NULL,100.00,18600000.00,0.00,'Đăng ký qua import Excel',NULL,'2025-08-25 03:37:03','2025-08-26 19:01:33'),(373,206,45,'2025-08-25','active',NULL,NULL,NULL,NULL,NULL,100.00,18600000.00,0.00,'Đăng ký qua import Excel',NULL,'2025-08-25 03:37:03','2025-08-26 19:01:22'),(374,207,61,'2025-08-25','waiting',NULL,NULL,NULL,NULL,NULL,0.00,0.00,18600000.00,NULL,NULL,'2025-08-25 09:01:25','2025-08-25 09:01:25'),(389,219,49,'2025-08-25','active',NULL,NULL,NULL,NULL,NULL,100.00,26800000.00,0.00,'Đăng ký qua import Excel',NULL,'2025-08-25 09:45:33','2025-08-27 09:27:30'),(390,220,49,'2025-08-25','active',NULL,NULL,NULL,NULL,NULL,100.00,26800000.00,0.00,'Đăng ký qua import Excel',NULL,'2025-08-25 09:45:33','2025-08-26 19:43:54'),(392,222,49,'2025-08-25','active',NULL,NULL,NULL,NULL,NULL,0.00,0.00,26800000.00,'Đăng ký qua import Excel',NULL,'2025-08-25 09:45:33','2025-08-25 09:45:33'),(393,223,49,'2025-08-25','active',NULL,NULL,NULL,NULL,NULL,0.00,0.00,26800000.00,'Đăng ký qua import Excel',NULL,'2025-08-25 09:45:33','2025-08-25 09:45:33'),(394,224,49,'2025-08-25','active',NULL,NULL,NULL,NULL,NULL,0.00,0.00,26800000.00,'Đăng ký qua import Excel',NULL,'2025-08-25 09:45:33','2025-08-25 09:45:33'),(395,225,49,'2025-08-25','active',NULL,NULL,NULL,NULL,NULL,0.00,0.00,26800000.00,'Đăng ký qua import Excel',NULL,'2025-08-25 09:45:33','2025-08-25 09:45:33'),(396,226,49,'2025-08-25','active',NULL,NULL,NULL,NULL,NULL,6.72,1800000.00,25000000.00,'Đăng ký qua import Excel',NULL,'2025-08-25 09:45:33','2025-09-08 07:28:57'),(397,227,49,'2025-08-25','active',NULL,NULL,NULL,NULL,NULL,0.00,0.00,26800000.00,'Đăng ký qua import Excel',NULL,'2025-08-25 09:45:33','2025-08-25 09:45:33'),(398,228,49,'2025-08-25','active',NULL,NULL,NULL,NULL,NULL,100.00,26800000.00,0.00,'Đăng ký qua import Excel',NULL,'2025-08-25 09:45:33','2025-08-26 19:44:11'),(399,229,49,'2025-08-25','active',NULL,NULL,NULL,NULL,NULL,0.00,0.00,26800000.00,'Đăng ký qua import Excel',NULL,'2025-08-25 09:45:33','2025-08-25 09:45:33'),(405,232,60,'2025-08-27','waiting',NULL,NULL,NULL,NULL,NULL,0.00,0.00,18600000.00,NULL,NULL,'2025-08-26 18:27:12','2025-08-26 18:27:12'),(406,233,49,'2025-08-27','active',NULL,NULL,NULL,NULL,NULL,100.00,26800000.00,0.00,NULL,NULL,'2025-08-26 18:57:20','2025-08-27 09:27:14'),(420,256,71,'2025-08-27','waiting',NULL,NULL,NULL,NULL,NULL,0.00,0.00,1300000.00,NULL,NULL,'2025-08-27 04:57:21','2025-08-27 04:57:21'),(421,257,71,'2025-08-27','waiting',NULL,NULL,NULL,NULL,NULL,0.00,0.00,1300000.00,NULL,NULL,'2025-08-27 04:57:32','2025-08-27 04:57:32'),(422,258,71,'2025-08-27','waiting',NULL,NULL,NULL,NULL,NULL,0.00,0.00,1300000.00,NULL,NULL,'2025-08-27 04:58:13','2025-08-27 04:58:13'),(423,259,71,'2025-08-27','waiting',NULL,NULL,NULL,NULL,NULL,0.00,0.00,1300000.00,NULL,NULL,'2025-08-27 04:58:24','2025-08-27 04:58:24'),(424,260,80,'2025-08-27','waiting',NULL,NULL,NULL,NULL,NULL,0.00,0.00,3000000.00,NULL,NULL,'2025-08-27 04:58:38','2025-08-27 04:58:38'),(426,264,38,'2025-08-27','waiting',NULL,NULL,NULL,NULL,NULL,0.00,0.00,1500000.00,NULL,NULL,'2025-08-27 04:59:33','2025-08-27 04:59:33'),(428,255,71,'2025-08-27','waiting',NULL,NULL,NULL,NULL,NULL,0.00,0.00,1300000.00,NULL,NULL,'2025-08-27 05:01:04','2025-08-27 05:01:04'),(429,254,61,'2025-08-27','waiting',NULL,NULL,NULL,NULL,NULL,0.00,0.00,18600000.00,NULL,NULL,'2025-08-27 05:01:38','2025-08-27 05:01:38'),(431,270,75,'2025-08-27','waiting',NULL,NULL,NULL,NULL,NULL,0.00,0.00,1300000.00,NULL,NULL,'2025-08-27 05:02:22','2025-08-27 05:02:22'),(433,216,71,'2025-08-27','waiting',NULL,NULL,NULL,NULL,NULL,0.00,0.00,1300000.00,NULL,NULL,'2025-08-27 05:06:26','2025-08-27 05:06:26'),(434,272,49,'2025-08-27','active',NULL,NULL,NULL,NULL,NULL,0.00,0.00,26800000.00,'Đăng ký qua import Excel',NULL,'2025-08-27 05:10:25','2025-08-27 05:10:25'),(435,273,49,'2025-08-27','active',NULL,NULL,NULL,NULL,NULL,100.00,26800000.00,0.00,'Đăng ký qua import Excel',NULL,'2025-08-27 05:10:25','2025-08-27 05:10:46'),(474,312,31,'2025-08-27','active',NULL,NULL,NULL,NULL,NULL,100.00,2500000.00,0.00,'Đăng ký qua import Excel',NULL,'2025-08-27 07:55:43','2025-08-27 07:55:43'),(475,313,31,'2025-08-27','active',NULL,NULL,NULL,NULL,NULL,100.00,2500000.00,0.00,'Đăng ký qua import Excel',NULL,'2025-08-27 07:55:43','2025-08-27 07:55:43'),(476,314,31,'2025-08-27','active',NULL,NULL,NULL,NULL,NULL,100.00,2500000.00,0.00,'Đăng ký qua import Excel',NULL,'2025-08-27 07:55:43','2025-08-27 07:55:43'),(477,315,21,'2025-08-27','active',NULL,NULL,NULL,NULL,NULL,100.00,2500000.00,0.00,'Đăng ký qua import Excel',NULL,'2025-08-27 08:05:44','2025-08-27 08:05:44'),(478,316,21,'2025-08-27','active',NULL,NULL,NULL,NULL,NULL,100.00,2500000.00,0.00,'Đăng ký qua import Excel',NULL,'2025-08-27 08:05:44','2025-08-27 08:05:44'),(479,317,21,'2025-08-27','active',NULL,NULL,NULL,NULL,NULL,100.00,2500000.00,0.00,'Đăng ký qua import Excel',NULL,'2025-08-27 08:05:44','2025-08-27 08:05:44'),(480,318,21,'2025-08-27','active',NULL,NULL,NULL,NULL,NULL,100.00,2500000.00,0.00,'Đăng ký qua import Excel',NULL,'2025-08-27 08:05:44','2025-08-27 08:05:44'),(481,319,22,'2025-08-27','active',NULL,NULL,NULL,NULL,NULL,100.00,3400000.00,0.00,'Đăng ký qua import Excel',NULL,'2025-08-27 08:14:09','2025-08-27 08:14:09'),(482,320,22,'2025-08-27','active',NULL,NULL,NULL,NULL,NULL,100.00,3400000.00,0.00,'Đăng ký qua import Excel',NULL,'2025-08-27 08:14:09','2025-08-27 08:14:09'),(483,321,22,'2025-08-27','active',NULL,NULL,NULL,NULL,NULL,100.00,3400000.00,0.00,'Đăng ký qua import Excel',NULL,'2025-08-27 08:14:09','2025-08-27 08:14:09'),(484,195,22,'2025-08-27','active',NULL,NULL,NULL,NULL,NULL,100.00,3400000.00,0.00,'Đăng ký qua import Excel',NULL,'2025-08-27 08:14:09','2025-08-27 08:14:09'),(485,322,22,'2025-08-27','active',NULL,NULL,NULL,NULL,NULL,100.00,3400000.00,0.00,'Đăng ký qua import Excel',NULL,'2025-08-27 08:14:09','2025-08-27 08:14:09'),(486,323,23,'2025-08-27','active',NULL,NULL,NULL,NULL,NULL,100.00,4300000.00,0.00,'Đăng ký qua import Excel',NULL,'2025-08-27 08:47:51','2025-08-27 08:47:51'),(487,324,23,'2025-08-27','active',NULL,NULL,NULL,NULL,NULL,100.00,4300000.00,0.00,'Đăng ký qua import Excel',NULL,'2025-08-27 08:47:51','2025-08-27 08:47:51'),(488,325,23,'2025-08-27','active',NULL,NULL,NULL,NULL,NULL,100.00,4300000.00,0.00,'Đăng ký qua import Excel',NULL,'2025-08-27 08:47:51','2025-08-27 08:47:51'),(489,326,23,'2025-08-27','active',NULL,NULL,NULL,NULL,NULL,100.00,4300000.00,0.00,'Đăng ký qua import Excel',NULL,'2025-08-27 08:47:51','2025-08-27 08:47:51'),(490,327,23,'2025-08-27','active',NULL,NULL,NULL,NULL,NULL,100.00,4300000.00,0.00,'Đăng ký qua import Excel',NULL,'2025-08-27 08:47:51','2025-08-27 08:47:51'),(491,328,34,'2025-08-27','active',NULL,NULL,NULL,NULL,NULL,0.00,0.00,5300000.00,NULL,NULL,'2025-08-27 08:55:01','2025-08-27 08:55:01'),(492,329,34,'2025-08-27','active',NULL,NULL,NULL,NULL,NULL,100.00,5300000.00,0.00,'Đăng ký qua import Excel',NULL,'2025-08-27 08:59:21','2025-08-27 08:59:21'),(493,330,34,'2025-08-27','active',NULL,NULL,NULL,NULL,NULL,100.00,5300000.00,0.00,'Đăng ký qua import Excel',NULL,'2025-08-27 08:59:21','2025-08-27 08:59:21'),(494,331,34,'2025-08-27','active',NULL,NULL,NULL,NULL,NULL,100.00,5300000.00,0.00,'Đăng ký qua import Excel',NULL,'2025-08-27 08:59:21','2025-08-27 08:59:21'),(495,332,34,'2025-08-27','active',NULL,NULL,NULL,NULL,NULL,100.00,5300000.00,0.00,'Đăng ký qua import Excel',NULL,'2025-08-27 08:59:21','2025-08-27 08:59:21'),(496,333,34,'2025-08-27','active',NULL,NULL,NULL,NULL,NULL,100.00,5300000.00,0.00,'Đăng ký qua import Excel',NULL,'2025-08-27 08:59:21','2025-08-27 08:59:21'),(497,334,34,'2025-08-27','active',NULL,NULL,NULL,NULL,NULL,100.00,5300000.00,0.00,'Đăng ký qua import Excel',NULL,'2025-08-27 08:59:21','2025-08-27 08:59:21'),(498,335,34,'2025-08-27','active',NULL,NULL,NULL,NULL,NULL,100.00,5300000.00,0.00,'Đăng ký qua import Excel',NULL,'2025-08-27 08:59:21','2025-08-27 08:59:21'),(499,336,34,'2025-08-27','active',NULL,NULL,NULL,NULL,NULL,100.00,5300000.00,0.00,'Đăng ký qua import Excel',NULL,'2025-08-27 08:59:21','2025-08-27 08:59:21'),(500,337,34,'2025-08-27','active',NULL,NULL,NULL,NULL,NULL,100.00,5300000.00,0.00,'Đăng ký qua import Excel',NULL,'2025-08-27 08:59:21','2025-08-27 08:59:21'),(501,338,34,'2025-08-27','active',NULL,NULL,NULL,NULL,NULL,100.00,5300000.00,0.00,'Đăng ký qua import Excel',NULL,'2025-08-27 08:59:21','2025-08-27 08:59:21'),(502,339,34,'2025-08-27','active',NULL,NULL,NULL,NULL,NULL,100.00,5300000.00,0.00,'Đăng ký qua import Excel',NULL,'2025-08-27 08:59:21','2025-08-27 08:59:21'),(503,340,34,'2025-08-27','active',NULL,NULL,NULL,NULL,NULL,100.00,5300000.00,0.00,'Đăng ký qua import Excel',NULL,'2025-08-27 08:59:21','2025-08-27 08:59:21'),(504,341,34,'2025-08-27','active',NULL,NULL,NULL,NULL,NULL,100.00,5300000.00,0.00,'Đăng ký qua import Excel',NULL,'2025-08-27 08:59:21','2025-08-27 08:59:21'),(505,342,34,'2025-08-27','active',NULL,NULL,NULL,NULL,NULL,100.00,5300000.00,0.00,'Đăng ký qua import Excel',NULL,'2025-08-27 08:59:21','2025-08-27 08:59:21'),(506,343,34,'2025-08-27','active',NULL,NULL,NULL,NULL,NULL,100.00,5300000.00,0.00,'Đăng ký qua import Excel',NULL,'2025-08-27 08:59:21','2025-08-27 08:59:21'),(507,344,34,'2025-08-27','active',NULL,NULL,NULL,NULL,NULL,100.00,5300000.00,0.00,'Đăng ký qua import Excel',NULL,'2025-08-27 08:59:21','2025-08-27 08:59:21'),(508,345,46,'2025-08-27','active',NULL,NULL,NULL,NULL,NULL,0.00,0.00,18600000.00,NULL,NULL,'2025-08-27 09:39:10','2025-08-27 09:39:10'),(538,376,25,'2025-08-28','active',NULL,NULL,NULL,NULL,NULL,100.00,5300000.00,0.00,'Đăng ký qua import Excel',NULL,'2025-08-28 08:16:12','2025-08-28 08:16:12'),(539,377,25,'2025-08-28','active',NULL,NULL,NULL,NULL,NULL,100.00,5300000.00,0.00,'Đăng ký qua import Excel',NULL,'2025-08-28 08:16:12','2025-08-28 08:16:12'),(540,378,25,'2025-08-28','active',NULL,NULL,NULL,NULL,NULL,100.00,5300000.00,0.00,'Đăng ký qua import Excel',NULL,'2025-08-28 08:16:12','2025-08-28 08:16:12'),(541,379,25,'2025-08-28','active',NULL,NULL,NULL,NULL,NULL,100.00,5300000.00,0.00,'Đăng ký qua import Excel',NULL,'2025-08-28 08:16:12','2025-08-28 08:16:12'),(542,380,25,'2025-08-28','active',NULL,NULL,NULL,NULL,NULL,100.00,5300000.00,0.00,'Đăng ký qua import Excel',NULL,'2025-08-28 08:16:12','2025-08-28 08:16:12'),(543,381,25,'2025-08-28','active',NULL,NULL,NULL,NULL,NULL,100.00,5300000.00,0.00,'Đăng ký qua import Excel',NULL,'2025-08-28 08:16:12','2025-08-28 08:16:12'),(544,382,25,'2025-08-28','active',NULL,NULL,NULL,NULL,NULL,100.00,5300000.00,0.00,'Đăng ký qua import Excel',NULL,'2025-08-28 08:16:12','2025-08-28 08:16:12'),(545,383,25,'2025-08-28','active',NULL,NULL,NULL,NULL,NULL,100.00,5300000.00,0.00,'Đăng ký qua import Excel',NULL,'2025-08-28 08:16:12','2025-08-28 08:16:12'),(546,384,25,'2025-08-28','active',NULL,NULL,NULL,NULL,NULL,100.00,5300000.00,0.00,'Đăng ký qua import Excel',NULL,'2025-08-28 08:16:12','2025-08-28 08:16:12'),(547,385,25,'2025-08-28','active',NULL,NULL,NULL,NULL,NULL,100.00,5300000.00,0.00,'Đăng ký qua import Excel',NULL,'2025-08-28 08:16:12','2025-08-28 08:16:12'),(548,386,25,'2025-08-28','active',NULL,NULL,NULL,NULL,NULL,100.00,5300000.00,0.00,'Đăng ký qua import Excel',NULL,'2025-08-28 08:16:12','2025-08-28 08:16:12'),(549,387,25,'2025-08-28','active',NULL,NULL,NULL,NULL,NULL,100.00,5300000.00,0.00,'Đăng ký qua import Excel',NULL,'2025-08-28 08:16:12','2025-08-28 08:16:12'),(550,388,25,'2025-08-28','active',NULL,NULL,NULL,NULL,NULL,100.00,5300000.00,0.00,'Đăng ký qua import Excel',NULL,'2025-08-28 08:16:12','2025-08-28 08:16:12'),(551,389,25,'2025-08-28','active',NULL,NULL,NULL,NULL,NULL,100.00,5300000.00,0.00,'Đăng ký qua import Excel',NULL,'2025-08-28 08:16:12','2025-08-28 08:16:12'),(552,390,25,'2025-08-28','active',NULL,NULL,NULL,NULL,NULL,100.00,5300000.00,0.00,'Đăng ký qua import Excel',NULL,'2025-08-28 08:16:12','2025-08-28 08:16:12'),(553,391,25,'2025-08-28','active',NULL,NULL,NULL,NULL,NULL,100.00,5300000.00,0.00,'Đăng ký qua import Excel',NULL,'2025-08-28 08:16:12','2025-08-28 08:16:12'),(554,392,25,'2025-08-28','active',NULL,NULL,NULL,NULL,NULL,100.00,5300000.00,0.00,'Đăng ký qua import Excel',NULL,'2025-08-28 08:16:12','2025-08-28 08:16:12'),(555,393,25,'2025-08-28','active',NULL,NULL,NULL,NULL,NULL,100.00,5300000.00,0.00,'Đăng ký qua import Excel',NULL,'2025-08-28 08:16:12','2025-08-28 08:16:12'),(556,394,25,'2025-08-28','active',NULL,NULL,NULL,NULL,NULL,0.00,0.00,5300000.00,'Đăng ký qua import Excel',NULL,'2025-08-28 08:16:12','2025-08-28 08:37:45'),(557,395,25,'2025-08-28','active',NULL,NULL,NULL,NULL,NULL,100.00,5300000.00,0.00,'Đăng ký qua import Excel',NULL,'2025-08-28 08:16:12','2025-08-28 08:16:12'),(558,396,25,'2025-08-28','active',NULL,NULL,NULL,NULL,NULL,100.00,5300000.00,0.00,'Đăng ký qua import Excel',NULL,'2025-08-28 08:16:12','2025-08-28 08:16:12'),(559,397,25,'2025-08-28','active',NULL,NULL,NULL,NULL,NULL,100.00,5300000.00,0.00,'Đăng ký qua import Excel',NULL,'2025-08-28 08:16:12','2025-08-28 08:16:12'),(560,398,25,'2025-08-28','active',NULL,NULL,NULL,NULL,NULL,100.00,5300000.00,0.00,'Đăng ký qua import Excel',NULL,'2025-08-28 08:16:12','2025-08-28 08:16:12'),(561,399,25,'2025-08-28','active',NULL,NULL,NULL,NULL,NULL,100.00,5300000.00,0.00,'Đăng ký qua import Excel',NULL,'2025-08-28 08:16:12','2025-08-28 08:16:12'),(562,400,25,'2025-08-28','active',NULL,NULL,NULL,NULL,NULL,100.00,5300000.00,0.00,'Đăng ký qua import Excel',NULL,'2025-08-28 08:16:12','2025-08-28 08:16:12'),(563,401,25,'2025-08-28','active',NULL,NULL,NULL,NULL,NULL,100.00,5300000.00,0.00,'Đăng ký qua import Excel',NULL,'2025-08-28 08:16:12','2025-08-28 08:16:12'),(564,402,25,'2025-08-28','active',NULL,NULL,NULL,NULL,NULL,100.00,5300000.00,0.00,'Đăng ký qua import Excel',NULL,'2025-08-28 08:16:12','2025-08-28 08:16:12'),(565,403,25,'2025-08-28','active',NULL,NULL,NULL,NULL,NULL,100.00,5300000.00,0.00,'Đăng ký qua import Excel',NULL,'2025-08-28 08:16:12','2025-08-28 08:16:12'),(566,404,25,'2025-08-28','active',NULL,NULL,NULL,NULL,NULL,0.00,0.00,5300000.00,'Đăng ký qua import Excel',NULL,'2025-08-28 08:16:12','2025-08-28 08:36:56'),(567,405,35,'2025-08-28','active',NULL,NULL,NULL,NULL,NULL,100.00,1300000.00,0.00,'Đăng ký qua import Excel',NULL,'2025-08-28 08:24:44','2025-08-28 08:24:44'),(568,406,35,'2025-08-28','active',NULL,NULL,NULL,NULL,NULL,100.00,1300000.00,0.00,'Đăng ký qua import Excel',NULL,'2025-08-28 08:24:44','2025-08-28 08:24:44'),(569,407,35,'2025-08-28','active',NULL,NULL,NULL,NULL,NULL,100.00,1300000.00,0.00,'Đăng ký qua import Excel',NULL,'2025-08-28 08:24:44','2025-08-28 08:24:44'),(570,408,35,'2025-08-28','active',NULL,NULL,NULL,NULL,NULL,100.00,1300000.00,0.00,'Đăng ký qua import Excel',NULL,'2025-08-28 08:24:44','2025-08-28 08:24:44'),(571,409,26,'2025-08-28','active',NULL,NULL,NULL,NULL,NULL,100.00,1300000.00,0.00,'Đăng ký qua import Excel',NULL,'2025-08-28 08:25:50','2025-08-28 08:25:50'),(572,410,26,'2025-08-28','active',NULL,NULL,NULL,NULL,NULL,100.00,1300000.00,0.00,'Đăng ký qua import Excel',NULL,'2025-08-28 08:25:50','2025-08-28 08:25:50'),(573,411,26,'2025-08-28','active',NULL,NULL,NULL,NULL,NULL,100.00,1300000.00,0.00,'Đăng ký qua import Excel',NULL,'2025-08-28 08:25:50','2025-08-28 08:25:50'),(574,412,26,'2025-08-28','active',NULL,NULL,NULL,NULL,NULL,100.00,1300000.00,0.00,'Đăng ký qua import Excel',NULL,'2025-08-28 08:25:50','2025-08-28 08:25:50'),(575,413,26,'2025-08-28','active',NULL,NULL,NULL,NULL,NULL,100.00,1300000.00,0.00,'Đăng ký qua import Excel',NULL,'2025-08-28 08:25:50','2025-08-28 08:25:50'),(576,414,26,'2025-08-28','active',NULL,NULL,NULL,NULL,NULL,100.00,1300000.00,0.00,'Đăng ký qua import Excel',NULL,'2025-08-28 08:25:50','2025-08-28 08:25:50'),(578,416,95,'2025-08-28','active',NULL,NULL,NULL,NULL,NULL,100.00,3000000.00,0.00,'Đăng ký qua import Excel',NULL,'2025-08-28 11:08:02','2025-08-28 11:08:02'),(579,417,95,'2025-08-28','active',NULL,NULL,NULL,NULL,NULL,100.00,3000000.00,0.00,'Đăng ký qua import Excel',NULL,'2025-08-28 11:08:02','2025-08-28 11:08:02'),(580,418,95,'2025-08-28','active',NULL,NULL,NULL,NULL,NULL,100.00,3000000.00,0.00,'Đăng ký qua import Excel',NULL,'2025-08-28 11:08:02','2025-08-28 11:08:02'),(581,419,95,'2025-08-28','active',NULL,NULL,NULL,NULL,NULL,100.00,3000000.00,0.00,'Đăng ký qua import Excel',NULL,'2025-08-28 11:08:02','2025-08-28 11:08:02'),(582,420,95,'2025-08-28','active',NULL,NULL,NULL,NULL,NULL,100.00,3000000.00,0.00,'Đăng ký qua import Excel',NULL,'2025-08-28 11:08:02','2025-08-28 11:08:02'),(583,421,95,'2025-08-28','active',NULL,NULL,NULL,NULL,NULL,100.00,3000000.00,0.00,'Đăng ký qua import Excel',NULL,'2025-08-28 11:08:02','2025-08-28 11:08:02'),(584,422,95,'2025-08-28','active',NULL,NULL,NULL,NULL,NULL,100.00,3000000.00,0.00,'Đăng ký qua import Excel',NULL,'2025-08-28 11:08:02','2025-08-28 11:08:02'),(585,423,95,'2025-08-28','active',NULL,NULL,NULL,NULL,NULL,100.00,3000000.00,0.00,'Đăng ký qua import Excel',NULL,'2025-08-28 11:08:02','2025-08-28 11:08:02'),(586,424,95,'2025-08-28','active',NULL,NULL,NULL,NULL,NULL,100.00,3000000.00,0.00,'Đăng ký qua import Excel',NULL,'2025-08-28 11:08:02','2025-08-28 11:08:02'),(587,425,95,'2025-08-28','active',NULL,NULL,NULL,NULL,NULL,100.00,3000000.00,0.00,'Đăng ký qua import Excel',NULL,'2025-08-28 11:08:02','2025-08-28 11:08:02'),(588,426,95,'2025-08-28','active',NULL,NULL,NULL,NULL,NULL,100.00,3000000.00,0.00,'Đăng ký qua import Excel',NULL,'2025-08-28 11:08:02','2025-08-28 11:08:02'),(589,427,95,'2025-08-28','active',NULL,NULL,NULL,NULL,NULL,100.00,3000000.00,0.00,'Đăng ký qua import Excel',NULL,'2025-08-28 11:08:02','2025-08-28 11:08:02'),(590,428,95,'2025-08-28','active',NULL,NULL,NULL,NULL,NULL,100.00,3000000.00,0.00,'Đăng ký qua import Excel',NULL,'2025-08-28 11:08:02','2025-08-28 11:08:02'),(591,429,95,'2025-08-28','active',NULL,NULL,NULL,NULL,NULL,100.00,3000000.00,0.00,'Đăng ký qua import Excel',NULL,'2025-08-28 11:08:02','2025-08-28 11:08:02'),(592,430,95,'2025-08-28','active',NULL,NULL,NULL,NULL,NULL,100.00,3000000.00,0.00,'Đăng ký qua import Excel',NULL,'2025-08-28 11:08:02','2025-08-28 11:08:02'),(593,431,95,'2025-08-28','active',NULL,NULL,NULL,NULL,NULL,100.00,3000000.00,0.00,'Đăng ký qua import Excel',NULL,'2025-08-28 11:08:02','2025-08-28 11:08:02'),(594,432,95,'2025-08-28','active',NULL,NULL,NULL,NULL,NULL,100.00,3000000.00,0.00,'Đăng ký qua import Excel',NULL,'2025-08-28 11:08:02','2025-08-28 11:08:02'),(595,433,95,'2025-08-28','active',NULL,NULL,NULL,NULL,NULL,100.00,3000000.00,0.00,'Đăng ký qua import Excel',NULL,'2025-08-28 11:08:02','2025-08-28 11:08:02'),(596,434,95,'2025-08-28','active',NULL,NULL,NULL,NULL,NULL,100.00,3000000.00,0.00,'Đăng ký qua import Excel',NULL,'2025-08-28 11:08:02','2025-08-28 11:08:02'),(597,435,95,'2025-08-28','active',NULL,NULL,NULL,NULL,NULL,100.00,3000000.00,0.00,'Đăng ký qua import Excel',NULL,'2025-08-28 11:08:02','2025-08-28 11:08:02'),(598,436,95,'2025-08-28','active',NULL,NULL,NULL,NULL,NULL,100.00,3000000.00,0.00,'Đăng ký qua import Excel',NULL,'2025-08-28 11:08:02','2025-08-28 11:08:02'),(599,208,57,'2025-08-28','active',NULL,NULL,NULL,NULL,NULL,100.00,4200000.00,0.00,'Đăng ký qua import Excel',NULL,'2025-08-28 12:00:21','2025-08-28 12:00:21'),(600,209,57,'2025-08-28','active',NULL,NULL,NULL,NULL,NULL,100.00,4200000.00,0.00,'Đăng ký qua import Excel',NULL,'2025-08-28 12:00:21','2025-08-28 12:00:21'),(601,210,57,'2025-08-28','active',NULL,NULL,NULL,NULL,NULL,100.00,4200000.00,0.00,'Đăng ký qua import Excel',NULL,'2025-08-28 12:00:21','2025-08-28 12:00:21'),(602,211,57,'2025-08-28','active',NULL,NULL,NULL,NULL,NULL,100.00,4200000.00,0.00,'Đăng ký qua import Excel',NULL,'2025-08-28 12:00:21','2025-08-28 12:00:21'),(603,212,57,'2025-08-28','active',NULL,NULL,NULL,NULL,NULL,100.00,4200000.00,0.00,'Đăng ký qua import Excel',NULL,'2025-08-28 12:00:21','2025-08-28 12:00:21'),(604,213,57,'2025-08-28','active',NULL,NULL,NULL,NULL,NULL,100.00,4200000.00,0.00,'Đăng ký qua import Excel',NULL,'2025-08-28 12:00:21','2025-08-28 12:00:21'),(605,214,57,'2025-08-28','active',NULL,NULL,NULL,NULL,NULL,100.00,4200000.00,0.00,'Đăng ký qua import Excel',NULL,'2025-08-28 12:00:21','2025-08-28 12:00:21'),(606,215,57,'2025-08-28','active',NULL,NULL,NULL,NULL,NULL,100.00,4200000.00,0.00,'Đăng ký qua import Excel',NULL,'2025-08-28 12:00:21','2025-08-28 12:00:21'),(607,449,88,'2025-08-28','active',NULL,NULL,NULL,NULL,NULL,100.00,4200000.00,0.00,'Đăng ký qua import Excel',NULL,'2025-08-28 12:07:39','2025-08-28 12:07:39'),(608,450,88,'2025-08-28','active',NULL,NULL,NULL,NULL,NULL,100.00,4200000.00,0.00,'Đăng ký qua import Excel',NULL,'2025-08-28 12:07:39','2025-08-28 12:07:39'),(609,451,88,'2025-08-28','active',NULL,NULL,NULL,NULL,NULL,100.00,4200000.00,0.00,'Đăng ký qua import Excel',NULL,'2025-08-28 12:07:39','2025-08-28 12:07:39'),(610,452,88,'2025-08-28','active',NULL,NULL,NULL,NULL,NULL,100.00,4200000.00,0.00,'Đăng ký qua import Excel',NULL,'2025-08-28 12:07:39','2025-08-28 12:07:39'),(611,453,88,'2025-08-28','active',NULL,NULL,NULL,NULL,NULL,100.00,4200000.00,0.00,'Đăng ký qua import Excel',NULL,'2025-08-28 12:07:39','2025-08-28 12:07:39'),(612,454,88,'2025-08-28','active',NULL,NULL,NULL,NULL,NULL,100.00,4200000.00,0.00,'Đăng ký qua import Excel',NULL,'2025-08-28 12:07:39','2025-08-28 12:07:39'),(613,455,88,'2025-08-28','active',NULL,NULL,NULL,NULL,NULL,100.00,4200000.00,0.00,'Đăng ký qua import Excel',NULL,'2025-08-28 12:07:39','2025-08-28 12:07:39'),(614,456,88,'2025-08-28','active',NULL,NULL,NULL,NULL,NULL,100.00,4200000.00,0.00,'Đăng ký qua import Excel',NULL,'2025-08-28 12:07:39','2025-08-28 12:07:39'),(615,457,88,'2025-08-28','active',NULL,NULL,NULL,NULL,NULL,100.00,4200000.00,0.00,'Đăng ký qua import Excel',NULL,'2025-08-28 12:07:39','2025-08-28 12:07:39'),(616,458,88,'2025-08-28','active',NULL,NULL,NULL,NULL,NULL,100.00,4200000.00,0.00,'Đăng ký qua import Excel',NULL,'2025-08-28 12:07:39','2025-08-28 12:07:39'),(617,459,88,'2025-08-28','active',NULL,NULL,NULL,NULL,NULL,100.00,4200000.00,0.00,'Đăng ký qua import Excel',NULL,'2025-08-28 12:07:39','2025-08-28 12:07:39'),(618,460,88,'2025-08-28','active',NULL,NULL,NULL,NULL,NULL,100.00,4200000.00,0.00,'Đăng ký qua import Excel',NULL,'2025-08-28 12:07:39','2025-08-28 12:07:39'),(715,557,114,'2025-08-29','active',NULL,NULL,NULL,NULL,NULL,100.00,4200000.00,0.00,'Đăng ký qua import Excel',NULL,'2025-08-29 05:12:31','2025-08-29 05:12:31'),(716,558,114,'2025-08-29','active',NULL,NULL,NULL,NULL,NULL,100.00,4200000.00,0.00,'Đăng ký qua import Excel',NULL,'2025-08-29 05:12:31','2025-08-29 05:12:31'),(717,559,114,'2025-08-29','active',NULL,NULL,NULL,NULL,NULL,100.00,4200000.00,0.00,'Đăng ký qua import Excel',NULL,'2025-08-29 05:12:31','2025-08-29 05:12:31'),(718,560,114,'2025-08-29','active',NULL,NULL,NULL,NULL,NULL,100.00,4200000.00,0.00,'Đăng ký qua import Excel',NULL,'2025-08-29 05:12:31','2025-08-29 05:12:31'),(719,561,114,'2025-08-29','active',NULL,NULL,NULL,NULL,NULL,100.00,4200000.00,0.00,'Đăng ký qua import Excel',NULL,'2025-08-29 05:12:31','2025-08-29 05:12:31'),(720,562,114,'2025-08-29','active',NULL,NULL,NULL,NULL,NULL,100.00,4200000.00,0.00,'Đăng ký qua import Excel',NULL,'2025-08-29 05:12:31','2025-08-29 05:12:31'),(721,563,114,'2025-08-29','active',NULL,NULL,NULL,NULL,NULL,100.00,4200000.00,0.00,'Đăng ký qua import Excel',NULL,'2025-08-29 05:12:31','2025-08-29 05:12:31'),(722,564,114,'2025-08-29','active',NULL,NULL,NULL,NULL,NULL,100.00,4200000.00,0.00,'Đăng ký qua import Excel',NULL,'2025-08-29 05:12:31','2025-08-29 05:12:31'),(723,565,114,'2025-08-29','active',NULL,NULL,NULL,NULL,NULL,100.00,4200000.00,0.00,'Đăng ký qua import Excel',NULL,'2025-08-29 05:12:31','2025-08-29 05:12:31'),(724,566,114,'2025-08-29','active',NULL,NULL,NULL,NULL,NULL,100.00,4200000.00,0.00,'Đăng ký qua import Excel',NULL,'2025-08-29 05:12:31','2025-08-29 05:12:31'),(725,567,114,'2025-08-29','active',NULL,NULL,NULL,NULL,NULL,100.00,4200000.00,0.00,'Đăng ký qua import Excel',NULL,'2025-08-29 05:12:31','2025-08-29 05:12:31'),(726,568,114,'2025-08-29','active',NULL,NULL,NULL,NULL,NULL,100.00,4200000.00,0.00,'Đăng ký qua import Excel',NULL,'2025-08-29 05:12:31','2025-08-29 05:12:31'),(727,415,129,'2025-08-29','active',NULL,NULL,NULL,NULL,NULL,100.00,0.00,0.00,NULL,NULL,'2025-08-29 05:26:27','2025-08-29 05:26:27'),(728,569,83,'2025-08-29','active',NULL,NULL,NULL,NULL,NULL,0.00,0.00,3000000.00,'Đăng ký qua import Excel',NULL,'2025-08-29 05:39:20','2025-08-29 05:39:20'),(729,570,83,'2025-08-29','active',NULL,NULL,NULL,NULL,NULL,0.00,0.00,3000000.00,'Đăng ký qua import Excel',NULL,'2025-08-29 05:39:20','2025-08-29 05:39:20'),(730,571,83,'2025-08-29','active',NULL,NULL,NULL,NULL,NULL,0.00,0.00,3000000.00,'Đăng ký qua import Excel',NULL,'2025-08-29 05:39:20','2025-08-29 05:39:20'),(731,572,83,'2025-08-29','active',NULL,NULL,NULL,NULL,NULL,0.00,0.00,3000000.00,'Đăng ký qua import Excel',NULL,'2025-08-29 05:39:20','2025-08-29 05:39:20'),(732,573,83,'2025-08-29','active',NULL,NULL,NULL,NULL,NULL,0.00,0.00,3000000.00,'Đăng ký qua import Excel',NULL,'2025-08-29 05:39:20','2025-08-29 05:39:20'),(733,574,83,'2025-08-29','active',NULL,NULL,NULL,NULL,NULL,100.00,3000000.00,0.00,'Đăng ký qua import Excel',NULL,'2025-08-29 05:39:20','2025-08-29 05:41:29'),(734,575,83,'2025-08-29','active',NULL,NULL,NULL,NULL,NULL,100.00,3000000.00,0.00,'Đăng ký qua import Excel',NULL,'2025-08-29 05:39:20','2025-08-29 05:41:43'),(735,576,83,'2025-08-29','active',NULL,NULL,NULL,NULL,NULL,100.00,3000000.00,0.00,'Đăng ký qua import Excel',NULL,'2025-08-29 05:39:20','2025-08-29 05:41:53'),(736,577,83,'2025-08-29','active',NULL,NULL,NULL,NULL,NULL,0.00,0.00,3000000.00,'Đăng ký qua import Excel',NULL,'2025-08-29 05:39:20','2025-08-29 05:39:20'),(737,578,83,'2025-08-29','active',NULL,NULL,NULL,NULL,NULL,100.00,3000000.00,0.00,'Đăng ký qua import Excel',NULL,'2025-08-29 05:39:20','2025-09-04 09:49:02'),(738,579,83,'2025-08-29','active',NULL,NULL,NULL,NULL,NULL,0.00,0.00,3000000.00,'Đăng ký qua import Excel',NULL,'2025-08-29 05:39:20','2025-08-29 05:39:20'),(739,580,83,'2025-08-29','active',NULL,NULL,NULL,NULL,NULL,100.00,3000000.00,0.00,'Đăng ký qua import Excel',NULL,'2025-08-29 05:39:20','2025-08-29 05:51:56'),(740,581,83,'2025-08-29','active',NULL,NULL,NULL,NULL,NULL,0.00,0.00,3000000.00,'Đăng ký qua import Excel',NULL,'2025-08-29 05:39:20','2025-08-29 05:39:20'),(741,582,83,'2025-08-29','active',NULL,NULL,NULL,NULL,NULL,0.00,0.00,3000000.00,'Đăng ký qua import Excel',NULL,'2025-08-29 05:39:20','2025-08-29 05:39:20'),(742,583,83,'2025-08-29','active',NULL,NULL,NULL,NULL,NULL,0.00,0.00,3000000.00,'Đăng ký qua import Excel',NULL,'2025-08-29 05:39:20','2025-08-29 05:39:20'),(743,584,83,'2025-08-29','active',NULL,NULL,NULL,NULL,NULL,0.00,0.00,3000000.00,'Đăng ký qua import Excel',NULL,'2025-08-29 05:39:20','2025-08-29 05:39:20'),(744,585,83,'2025-08-29','active',NULL,NULL,NULL,NULL,NULL,0.00,0.00,3000000.00,'Đăng ký qua import Excel',NULL,'2025-08-29 05:39:20','2025-08-29 05:39:20'),(745,586,83,'2025-08-29','active',NULL,NULL,NULL,NULL,NULL,0.00,0.00,3000000.00,'Đăng ký qua import Excel',NULL,'2025-08-29 05:39:20','2025-08-29 05:39:20'),(746,587,83,'2025-08-29','active',NULL,NULL,NULL,NULL,NULL,0.00,0.00,3000000.00,'Đăng ký qua import Excel',NULL,'2025-08-29 05:39:20','2025-08-29 05:39:20'),(747,588,83,'2025-08-29','active',NULL,NULL,NULL,NULL,NULL,0.00,0.00,3000000.00,'Đăng ký qua import Excel',NULL,'2025-08-29 05:39:20','2025-08-29 05:39:20'),(748,589,83,'2025-08-29','active',NULL,NULL,NULL,NULL,NULL,0.00,0.00,3000000.00,'Đăng ký qua import Excel',NULL,'2025-08-29 05:39:20','2025-08-29 05:39:20'),(749,590,83,'2025-08-29','active',NULL,NULL,NULL,NULL,NULL,0.00,0.00,3000000.00,'Đăng ký qua import Excel',NULL,'2025-08-29 05:39:20','2025-08-29 05:39:20'),(750,591,83,'2025-08-29','active',NULL,NULL,NULL,NULL,NULL,0.00,0.00,3000000.00,'Đăng ký qua import Excel',NULL,'2025-08-29 05:39:20','2025-08-29 05:39:20'),(751,592,83,'2025-08-29','active',NULL,NULL,NULL,NULL,NULL,100.00,3000000.00,0.00,'Đăng ký qua import Excel',NULL,'2025-08-29 05:39:20','2025-08-29 05:52:32'),(752,593,83,'2025-08-29','active',NULL,NULL,NULL,NULL,NULL,0.00,0.00,3000000.00,'Đăng ký qua import Excel',NULL,'2025-08-29 05:39:20','2025-08-29 05:39:20'),(753,594,83,'2025-08-29','active',NULL,NULL,NULL,NULL,NULL,0.00,0.00,3000000.00,'Đăng ký qua import Excel',NULL,'2025-08-29 05:39:20','2025-08-29 05:39:20'),(754,595,83,'2025-08-29','active',NULL,NULL,NULL,NULL,NULL,0.00,0.00,3000000.00,'Đăng ký qua import Excel',NULL,'2025-08-29 05:39:21','2025-08-29 05:39:21'),(755,596,83,'2025-08-29','active',NULL,NULL,NULL,NULL,NULL,100.00,3000000.00,0.00,'Đăng ký qua import Excel',NULL,'2025-08-29 05:39:21','2025-08-29 05:55:15'),(756,597,83,'2025-08-29','active',NULL,NULL,NULL,NULL,NULL,0.00,0.00,3000000.00,'Đăng ký qua import Excel',NULL,'2025-08-29 05:39:21','2025-08-29 05:39:21'),(757,598,80,'2025-08-29','active',NULL,NULL,NULL,NULL,NULL,0.00,0.00,3000000.00,'Đăng ký qua import Excel',NULL,'2025-08-29 06:55:26','2025-08-29 06:55:26'),(758,599,80,'2025-08-29','active',NULL,NULL,NULL,NULL,NULL,100.00,3000000.00,0.00,'Đăng ký qua import Excel',NULL,'2025-08-29 06:55:26','2025-08-29 06:55:50'),(759,600,80,'2025-08-29','active',NULL,NULL,NULL,NULL,NULL,100.00,3000000.00,0.00,'Đăng ký qua import Excel',NULL,'2025-08-29 06:55:26','2025-08-29 06:56:03'),(761,602,80,'2025-08-29','active',NULL,NULL,NULL,NULL,NULL,100.00,3000000.00,0.00,'Đăng ký qua import Excel',NULL,'2025-08-29 06:55:26','2025-08-29 06:56:26'),(762,603,80,'2025-08-29','active',NULL,NULL,NULL,NULL,NULL,100.00,3000000.00,0.00,'Đăng ký qua import Excel',NULL,'2025-08-29 06:55:26','2025-08-29 06:56:37'),(763,604,80,'2025-08-29','active',NULL,NULL,NULL,NULL,NULL,0.00,0.00,3000000.00,'Đăng ký qua import Excel',NULL,'2025-08-29 06:55:26','2025-08-29 06:55:26'),(764,605,80,'2025-08-29','active',NULL,NULL,NULL,NULL,NULL,0.00,0.00,3000000.00,'Đăng ký qua import Excel',NULL,'2025-08-29 06:55:26','2025-08-29 06:55:26'),(765,606,80,'2025-08-29','active',NULL,NULL,NULL,NULL,NULL,0.00,0.00,3000000.00,'Đăng ký qua import Excel',NULL,'2025-08-29 06:55:26','2025-08-29 06:55:26'),(766,607,80,'2025-08-29','active',NULL,NULL,NULL,NULL,NULL,0.00,0.00,3000000.00,'Đăng ký qua import Excel',NULL,'2025-08-29 06:55:26','2025-08-29 06:55:26'),(767,608,80,'2025-08-29','active',NULL,NULL,NULL,NULL,NULL,0.00,0.00,3000000.00,'Đăng ký qua import Excel',NULL,'2025-08-29 06:55:26','2025-08-29 06:55:26'),(768,609,80,'2025-08-29','active',NULL,NULL,NULL,NULL,NULL,0.00,0.00,3000000.00,'Đăng ký qua import Excel',NULL,'2025-08-29 06:55:26','2025-08-29 06:55:26'),(769,610,80,'2025-08-29','active',NULL,NULL,NULL,NULL,NULL,0.00,0.00,3000000.00,'Đăng ký qua import Excel',NULL,'2025-08-29 06:55:26','2025-08-29 06:55:26'),(770,611,80,'2025-08-29','active',NULL,NULL,NULL,NULL,NULL,0.00,0.00,3000000.00,'Đăng ký qua import Excel',NULL,'2025-08-29 06:55:26','2025-08-29 06:55:26'),(771,612,80,'2025-08-29','active',NULL,NULL,NULL,NULL,NULL,0.00,0.00,3000000.00,'Đăng ký qua import Excel',NULL,'2025-08-29 06:55:26','2025-08-29 06:55:26'),(772,613,80,'2025-08-29','active',NULL,NULL,NULL,NULL,NULL,0.00,0.00,3000000.00,'Đăng ký qua import Excel',NULL,'2025-08-29 06:55:26','2025-08-29 06:55:26'),(773,614,80,'2025-08-29','active',NULL,NULL,NULL,NULL,NULL,0.00,0.00,3000000.00,'Đăng ký qua import Excel',NULL,'2025-08-29 06:55:26','2025-08-29 06:55:26'),(775,616,80,'2025-08-29','active',NULL,NULL,NULL,NULL,NULL,0.00,0.00,3000000.00,'Đăng ký qua import Excel',NULL,'2025-08-29 06:55:26','2025-08-29 06:55:26'),(776,617,80,'2025-08-29','active',NULL,NULL,NULL,NULL,NULL,0.00,0.00,3000000.00,'Đăng ký qua import Excel',NULL,'2025-08-29 06:55:26','2025-08-29 06:55:26'),(778,618,65,'2025-08-30','active',NULL,NULL,NULL,NULL,NULL,0.00,0.00,5300000.00,NULL,NULL,'2025-08-30 05:58:13','2025-08-30 05:58:13'),(779,619,131,'2025-08-31','active',NULL,NULL,NULL,NULL,NULL,0.00,0.00,4200000.00,NULL,NULL,'2025-08-31 04:24:42','2025-09-08 07:37:03'),(780,619,60,'2025-08-31','waiting',NULL,NULL,NULL,NULL,NULL,0.00,0.00,18600000.00,NULL,NULL,'2025-08-31 04:25:55','2025-08-31 04:25:55'),(781,620,60,'2025-08-31','waiting',NULL,NULL,NULL,NULL,NULL,0.00,0.00,18600000.00,NULL,NULL,'2025-08-31 05:41:53','2025-08-31 05:41:53'),(783,621,100,'2025-09-02','active',NULL,NULL,NULL,NULL,NULL,100.00,3000000.00,0.00,'Đăng ký qua import Excel',NULL,'2025-09-02 13:21:57','2025-09-02 13:21:57'),(784,622,100,'2025-09-02','active',NULL,NULL,NULL,NULL,NULL,100.00,3000000.00,0.00,'Đăng ký qua import Excel',NULL,'2025-09-02 13:21:57','2025-09-02 13:21:57'),(785,623,100,'2025-09-02','active',NULL,NULL,NULL,NULL,NULL,100.00,3000000.00,0.00,'Đăng ký qua import Excel',NULL,'2025-09-02 13:21:57','2025-09-02 13:21:57'),(786,624,100,'2025-09-02','active',NULL,NULL,NULL,NULL,NULL,100.00,3000000.00,0.00,'Đăng ký qua import Excel',NULL,'2025-09-02 13:21:57','2025-09-02 13:21:57'),(787,625,100,'2025-09-02','active',NULL,NULL,NULL,NULL,NULL,100.00,3000000.00,0.00,'Đăng ký qua import Excel',NULL,'2025-09-02 13:21:57','2025-09-02 13:21:57'),(788,626,100,'2025-09-02','active',NULL,NULL,NULL,NULL,NULL,100.00,3000000.00,0.00,'Đăng ký qua import Excel',NULL,'2025-09-02 13:21:57','2025-09-02 13:21:57'),(789,627,100,'2025-09-02','active',NULL,NULL,NULL,NULL,NULL,100.00,3000000.00,0.00,'Đăng ký qua import Excel',NULL,'2025-09-02 13:21:57','2025-09-02 13:21:57'),(790,628,100,'2025-09-02','active',NULL,NULL,NULL,NULL,NULL,100.00,3000000.00,0.00,'Đăng ký qua import Excel',NULL,'2025-09-02 13:21:57','2025-09-02 13:21:57'),(791,629,100,'2025-09-02','active',NULL,NULL,NULL,NULL,NULL,100.00,3000000.00,0.00,'Đăng ký qua import Excel',NULL,'2025-09-02 13:21:57','2025-09-02 13:21:57'),(792,630,100,'2025-09-02','active',NULL,NULL,NULL,NULL,NULL,100.00,3000000.00,0.00,'Đăng ký qua import Excel',NULL,'2025-09-02 13:21:57','2025-09-02 13:21:57'),(793,631,100,'2025-09-02','active',NULL,NULL,NULL,NULL,NULL,100.00,3000000.00,0.00,'Đăng ký qua import Excel',NULL,'2025-09-02 13:21:57','2025-09-02 13:21:57'),(794,632,100,'2025-09-02','active',NULL,NULL,NULL,NULL,NULL,100.00,3000000.00,0.00,'Đăng ký qua import Excel',NULL,'2025-09-02 13:21:57','2025-09-02 13:21:57'),(795,633,100,'2025-09-02','active',NULL,NULL,NULL,NULL,NULL,100.00,3000000.00,0.00,'Đăng ký qua import Excel',NULL,'2025-09-02 13:21:57','2025-09-02 13:21:57'),(796,634,100,'2025-09-02','active',NULL,NULL,NULL,NULL,NULL,100.00,3000000.00,0.00,'Đăng ký qua import Excel',NULL,'2025-09-02 13:21:57','2025-09-02 13:21:57'),(797,635,100,'2025-09-02','active',NULL,NULL,NULL,NULL,NULL,100.00,3000000.00,0.00,'Đăng ký qua import Excel',NULL,'2025-09-02 13:21:57','2025-09-02 13:21:57'),(798,636,100,'2025-09-02','active',NULL,NULL,NULL,NULL,NULL,100.00,3000000.00,0.00,'Đăng ký qua import Excel',NULL,'2025-09-02 13:21:57','2025-09-02 13:21:57'),(799,637,100,'2025-09-02','active',NULL,NULL,NULL,NULL,NULL,100.00,3000000.00,0.00,'Đăng ký qua import Excel',NULL,'2025-09-02 13:21:57','2025-09-02 13:21:57'),(800,638,100,'2025-09-02','active',NULL,NULL,NULL,NULL,NULL,100.00,3000000.00,0.00,'Đăng ký qua import Excel',NULL,'2025-09-02 13:21:57','2025-09-02 13:21:57'),(801,639,100,'2025-09-02','active',NULL,NULL,NULL,NULL,NULL,100.00,3000000.00,0.00,'Đăng ký qua import Excel',NULL,'2025-09-02 13:21:57','2025-09-02 13:21:57'),(802,640,100,'2025-09-02','active',NULL,NULL,NULL,NULL,NULL,100.00,3000000.00,0.00,'Đăng ký qua import Excel',NULL,'2025-09-02 13:21:57','2025-09-02 13:21:57'),(803,641,100,'2025-09-02','active',NULL,NULL,NULL,NULL,NULL,100.00,3000000.00,0.00,'Đăng ký qua import Excel',NULL,'2025-09-02 13:21:57','2025-09-02 13:21:57'),(804,642,100,'2025-09-02','active',NULL,NULL,NULL,NULL,NULL,100.00,3000000.00,0.00,'Đăng ký qua import Excel',NULL,'2025-09-02 13:21:57','2025-09-02 13:21:57'),(805,643,100,'2025-09-02','active',NULL,NULL,NULL,NULL,NULL,100.00,3000000.00,0.00,'Đăng ký qua import Excel',NULL,'2025-09-02 13:21:57','2025-09-02 13:21:57'),(806,644,100,'2025-09-02','active',NULL,NULL,NULL,NULL,NULL,100.00,3000000.00,0.00,'Đăng ký qua import Excel',NULL,'2025-09-02 13:21:57','2025-09-02 13:21:57'),(807,645,100,'2025-09-02','active',NULL,NULL,NULL,NULL,NULL,100.00,3000000.00,0.00,'Đăng ký qua import Excel',NULL,'2025-09-02 13:21:57','2025-09-02 13:21:57'),(808,646,100,'2025-09-02','active',NULL,NULL,NULL,NULL,NULL,100.00,3000000.00,0.00,'Đăng ký qua import Excel',NULL,'2025-09-02 13:21:57','2025-09-02 13:21:57'),(809,647,100,'2025-09-02','active',NULL,NULL,NULL,NULL,NULL,100.00,3000000.00,0.00,'Đăng ký qua import Excel',NULL,'2025-09-02 13:21:57','2025-09-02 13:21:57'),(810,648,100,'2025-09-02','active',NULL,NULL,NULL,NULL,NULL,100.00,3000000.00,0.00,'Đăng ký qua import Excel',NULL,'2025-09-02 13:21:57','2025-09-02 13:21:57'),(811,649,100,'2025-09-02','active',NULL,NULL,NULL,NULL,NULL,100.00,3000000.00,0.00,'Đăng ký qua import Excel',NULL,'2025-09-02 13:21:57','2025-09-02 13:21:57'),(812,650,100,'2025-09-02','active',NULL,NULL,NULL,NULL,NULL,100.00,3000000.00,0.00,'Đăng ký qua import Excel',NULL,'2025-09-02 13:21:57','2025-09-02 13:21:57'),(813,651,100,'2025-09-02','active',NULL,NULL,NULL,NULL,NULL,100.00,3000000.00,0.00,'Đăng ký qua import Excel',NULL,'2025-09-02 13:21:57','2025-09-02 13:21:57'),(814,652,100,'2025-09-02','active',NULL,NULL,NULL,NULL,NULL,100.00,3000000.00,0.00,'Đăng ký qua import Excel',NULL,'2025-09-02 13:21:57','2025-09-02 13:21:57'),(815,653,90,'2025-09-03','active',NULL,NULL,NULL,NULL,NULL,0.00,0.00,1.00,'Đăng ký qua import Excel',NULL,'2025-09-03 03:22:48','2025-09-03 03:22:48'),(816,654,90,'2025-09-03','active',NULL,NULL,NULL,NULL,NULL,0.00,0.00,1.00,'Đăng ký qua import Excel',NULL,'2025-09-03 03:22:48','2025-09-03 03:22:48'),(817,655,90,'2025-09-03','active',NULL,NULL,NULL,NULL,NULL,0.00,0.00,1.00,'Đăng ký qua import Excel',NULL,'2025-09-03 03:22:48','2025-09-03 03:22:48'),(818,656,90,'2025-09-03','active',NULL,NULL,NULL,NULL,NULL,0.00,0.00,1.00,'Đăng ký qua import Excel',NULL,'2025-09-03 03:22:48','2025-09-03 03:22:48'),(819,657,90,'2025-09-03','active',NULL,NULL,NULL,NULL,NULL,0.00,0.00,1.00,'Đăng ký qua import Excel',NULL,'2025-09-03 03:22:48','2025-09-03 03:22:48'),(820,658,90,'2025-09-03','active',NULL,NULL,NULL,NULL,NULL,0.00,0.00,1.00,'Đăng ký qua import Excel',NULL,'2025-09-03 03:22:48','2025-09-03 03:22:48'),(821,659,90,'2025-09-03','active',NULL,NULL,NULL,NULL,NULL,0.00,0.00,1.00,'Đăng ký qua import Excel',NULL,'2025-09-03 03:22:48','2025-09-03 03:22:48'),(822,660,90,'2025-09-03','active',NULL,NULL,NULL,NULL,NULL,0.00,0.00,1.00,'Đăng ký qua import Excel',NULL,'2025-09-03 03:22:48','2025-09-03 03:22:48'),(823,661,90,'2025-09-03','active',NULL,NULL,NULL,NULL,NULL,0.00,0.00,1.00,'Đăng ký qua import Excel',NULL,'2025-09-03 03:22:48','2025-09-03 03:22:48'),(824,662,90,'2025-09-03','active',NULL,NULL,NULL,NULL,NULL,0.00,0.00,1.00,'Đăng ký qua import Excel',NULL,'2025-09-03 03:22:48','2025-09-03 03:22:48'),(825,663,90,'2025-09-03','active',NULL,NULL,NULL,NULL,NULL,0.00,0.00,1.00,'Đăng ký qua import Excel',NULL,'2025-09-03 03:22:48','2025-09-03 03:22:48'),(826,664,90,'2025-09-03','active',NULL,NULL,NULL,NULL,NULL,0.00,0.00,1.00,'Đăng ký qua import Excel',NULL,'2025-09-03 03:22:48','2025-09-03 03:22:48'),(827,665,90,'2025-09-03','active',NULL,NULL,NULL,NULL,NULL,0.00,0.00,1.00,'Đăng ký qua import Excel',NULL,'2025-09-03 03:22:48','2025-09-03 03:22:48'),(828,666,90,'2025-09-03','active',NULL,NULL,NULL,NULL,NULL,0.00,0.00,1.00,'Đăng ký qua import Excel',NULL,'2025-09-03 03:22:48','2025-09-03 03:22:48'),(829,667,90,'2025-09-03','active',NULL,NULL,NULL,NULL,NULL,0.00,0.00,1.00,'Đăng ký qua import Excel',NULL,'2025-09-03 03:22:48','2025-09-03 03:22:48'),(830,668,90,'2025-09-03','active',NULL,NULL,NULL,NULL,NULL,0.00,0.00,1.00,'Đăng ký qua import Excel',NULL,'2025-09-03 03:22:48','2025-09-03 03:22:48'),(831,669,90,'2025-09-03','active',NULL,NULL,NULL,NULL,NULL,0.00,0.00,1.00,'Đăng ký qua import Excel',NULL,'2025-09-03 03:22:48','2025-09-03 03:22:48'),(832,670,90,'2025-09-03','active',NULL,NULL,NULL,NULL,NULL,0.00,0.00,1.00,'Đăng ký qua import Excel',NULL,'2025-09-03 03:22:48','2025-09-03 03:22:48'),(833,671,90,'2025-09-03','active',NULL,NULL,NULL,NULL,NULL,0.00,0.00,1.00,'Đăng ký qua import Excel',NULL,'2025-09-03 03:22:48','2025-09-03 03:22:48'),(834,672,90,'2025-09-03','active',NULL,NULL,NULL,NULL,NULL,0.00,0.00,1.00,'Đăng ký qua import Excel',NULL,'2025-09-03 03:22:48','2025-09-03 03:22:48'),(835,673,90,'2025-09-03','active',NULL,NULL,NULL,NULL,NULL,0.00,0.00,1.00,'Đăng ký qua import Excel',NULL,'2025-09-03 03:22:48','2025-09-03 03:22:48'),(836,674,90,'2025-09-03','active',NULL,NULL,NULL,NULL,NULL,0.00,0.00,1.00,'Đăng ký qua import Excel',NULL,'2025-09-03 03:22:48','2025-09-03 03:22:48'),(837,675,90,'2025-09-03','active',NULL,NULL,NULL,NULL,NULL,0.00,0.00,1.00,'Đăng ký qua import Excel',NULL,'2025-09-03 03:22:48','2025-09-03 03:22:48'),(838,676,90,'2025-09-03','active',NULL,NULL,NULL,NULL,NULL,0.00,0.00,1.00,'Đăng ký qua import Excel',NULL,'2025-09-03 03:22:48','2025-09-03 03:22:48'),(839,677,90,'2025-09-03','active',NULL,NULL,NULL,NULL,NULL,0.00,0.00,1.00,'Đăng ký qua import Excel',NULL,'2025-09-03 03:22:48','2025-09-03 03:22:48'),(840,678,90,'2025-09-03','active',NULL,NULL,NULL,NULL,NULL,0.00,0.00,1.00,'Đăng ký qua import Excel',NULL,'2025-09-03 03:22:48','2025-09-03 03:22:48'),(841,679,90,'2025-09-03','active',NULL,NULL,NULL,NULL,NULL,0.00,0.00,1.00,'Đăng ký qua import Excel',NULL,'2025-09-03 03:22:48','2025-09-03 03:22:48'),(842,680,90,'2025-09-03','active',NULL,NULL,NULL,NULL,NULL,0.00,0.00,1.00,'Đăng ký qua import Excel',NULL,'2025-09-03 03:22:48','2025-09-03 03:22:48'),(843,681,90,'2025-09-03','active',NULL,NULL,NULL,NULL,NULL,0.00,0.00,1.00,'Đăng ký qua import Excel',NULL,'2025-09-03 03:22:48','2025-09-03 03:22:48'),(844,682,90,'2025-09-03','active',NULL,NULL,NULL,NULL,NULL,0.00,0.00,1.00,'Đăng ký qua import Excel',NULL,'2025-09-03 03:22:48','2025-09-03 03:22:48'),(845,683,90,'2025-09-03','active',NULL,NULL,NULL,NULL,NULL,0.00,0.00,1.00,'Đăng ký qua import Excel',NULL,'2025-09-03 03:22:48','2025-09-03 03:22:48'),(846,684,90,'2025-09-03','active',NULL,NULL,NULL,NULL,NULL,0.00,0.00,1.00,'Đăng ký qua import Excel',NULL,'2025-09-03 03:22:48','2025-09-03 03:22:48'),(847,685,90,'2025-09-03','active',NULL,NULL,NULL,NULL,NULL,0.00,0.00,1.00,'Đăng ký qua import Excel',NULL,'2025-09-03 03:22:48','2025-09-03 03:22:48'),(848,686,90,'2025-09-03','active',NULL,NULL,NULL,NULL,NULL,0.00,0.00,1.00,'Đăng ký qua import Excel',NULL,'2025-09-03 03:22:48','2025-09-03 03:22:48'),(849,687,90,'2025-09-03','active',NULL,NULL,NULL,NULL,NULL,0.00,0.00,1.00,'Đăng ký qua import Excel',NULL,'2025-09-03 03:22:48','2025-09-03 03:22:48'),(850,688,90,'2025-09-03','active',NULL,NULL,NULL,NULL,NULL,0.00,0.00,1.00,'Đăng ký qua import Excel',NULL,'2025-09-03 03:22:48','2025-09-03 03:22:48'),(851,689,74,'2025-09-03','active',NULL,NULL,NULL,NULL,NULL,0.00,0.00,5300000.00,NULL,NULL,'2025-09-03 03:43:53','2025-09-03 03:43:53'),(852,690,60,'2025-09-03','active',NULL,NULL,NULL,NULL,NULL,50.00,9300000.00,9300000.00,NULL,NULL,'2025-09-03 03:59:03','2025-09-08 07:27:51'),(853,691,61,'2025-09-03','active',NULL,NULL,NULL,NULL,NULL,0.00,0.00,18600000.00,NULL,NULL,'2025-09-03 04:03:12','2025-09-03 04:03:12'),(854,701,118,'2025-09-03','active',NULL,NULL,NULL,NULL,NULL,100.00,5300000.00,0.00,'Đăng ký qua import Excel',NULL,'2025-09-03 04:16:37','2025-09-03 04:16:37'),(855,702,118,'2025-09-03','active',NULL,NULL,NULL,NULL,NULL,100.00,5300000.00,0.00,'Đăng ký qua import Excel',NULL,'2025-09-03 04:16:37','2025-09-03 04:16:37'),(856,703,118,'2025-09-03','active',NULL,NULL,NULL,NULL,NULL,100.00,5300000.00,0.00,'Đăng ký qua import Excel',NULL,'2025-09-03 04:16:37','2025-09-03 04:16:37'),(857,704,118,'2025-09-03','active',NULL,NULL,NULL,NULL,NULL,100.00,5300000.00,0.00,'Đăng ký qua import Excel',NULL,'2025-09-03 04:16:37','2025-09-03 04:16:37'),(858,705,118,'2025-09-03','active',NULL,NULL,NULL,NULL,NULL,100.00,5300000.00,0.00,'Đăng ký qua import Excel',NULL,'2025-09-03 04:16:37','2025-09-03 04:16:37'),(859,706,118,'2025-09-03','active',NULL,NULL,NULL,NULL,NULL,100.00,5300000.00,0.00,'Đăng ký qua import Excel',NULL,'2025-09-03 04:16:37','2025-09-03 04:16:37'),(860,707,118,'2025-09-03','active',NULL,NULL,NULL,NULL,NULL,100.00,5300000.00,0.00,'Đăng ký qua import Excel',NULL,'2025-09-03 04:16:37','2025-09-03 04:16:37'),(861,708,118,'2025-09-03','active',NULL,NULL,NULL,NULL,NULL,100.00,5300000.00,0.00,'Đăng ký qua import Excel',NULL,'2025-09-03 04:16:37','2025-09-03 04:16:37'),(862,709,118,'2025-09-03','active',NULL,NULL,NULL,NULL,NULL,100.00,5300000.00,0.00,'Đăng ký qua import Excel',NULL,'2025-09-03 04:16:37','2025-09-03 04:16:37'),(863,710,107,'2025-09-03','active',NULL,NULL,NULL,NULL,NULL,100.00,5300000.00,0.00,'Đăng ký qua import Excel',NULL,'2025-09-03 04:23:25','2025-09-03 04:23:25'),(864,711,107,'2025-09-03','active',NULL,NULL,NULL,NULL,NULL,100.00,5300000.00,0.00,'Đăng ký qua import Excel',NULL,'2025-09-03 04:23:25','2025-09-03 04:23:25'),(865,712,107,'2025-09-03','active',NULL,NULL,NULL,NULL,NULL,100.00,5300000.00,0.00,'Đăng ký qua import Excel',NULL,'2025-09-03 04:23:25','2025-09-03 04:23:25'),(866,713,107,'2025-09-03','active',NULL,NULL,NULL,NULL,NULL,100.00,5300000.00,0.00,'Đăng ký qua import Excel',NULL,'2025-09-03 04:23:25','2025-09-03 04:23:25'),(867,714,107,'2025-09-03','active',NULL,NULL,NULL,NULL,NULL,100.00,5300000.00,0.00,'Đăng ký qua import Excel',NULL,'2025-09-03 04:23:25','2025-09-03 04:23:25'),(868,715,107,'2025-09-03','active',NULL,NULL,NULL,NULL,NULL,100.00,5300000.00,0.00,'Đăng ký qua import Excel',NULL,'2025-09-03 04:23:25','2025-09-03 04:23:25'),(869,716,107,'2025-09-03','active',NULL,NULL,NULL,NULL,NULL,100.00,5300000.00,0.00,'Đăng ký qua import Excel',NULL,'2025-09-03 04:23:25','2025-09-03 04:23:25'),(870,717,107,'2025-09-03','active',NULL,NULL,NULL,NULL,NULL,100.00,5300000.00,0.00,'Đăng ký qua import Excel',NULL,'2025-09-03 04:23:25','2025-09-03 04:23:25'),(871,718,107,'2025-09-03','active',NULL,NULL,NULL,NULL,NULL,100.00,5300000.00,0.00,'Đăng ký qua import Excel',NULL,'2025-09-03 04:23:25','2025-09-03 04:23:25'),(872,719,107,'2025-09-03','active',NULL,NULL,NULL,NULL,NULL,100.00,5300000.00,0.00,'Đăng ký qua import Excel',NULL,'2025-09-03 04:23:25','2025-09-03 04:23:25'),(873,720,107,'2025-09-03','active',NULL,NULL,NULL,NULL,NULL,100.00,5300000.00,0.00,'Đăng ký qua import Excel',NULL,'2025-09-03 04:23:25','2025-09-03 04:23:25'),(874,721,107,'2025-09-03','active',NULL,NULL,NULL,NULL,NULL,100.00,5300000.00,0.00,'Đăng ký qua import Excel',NULL,'2025-09-03 04:23:25','2025-09-03 04:23:25'),(875,722,107,'2025-09-03','active',NULL,NULL,NULL,NULL,NULL,100.00,5300000.00,0.00,'Đăng ký qua import Excel',NULL,'2025-09-03 04:23:25','2025-09-03 04:23:25'),(876,723,107,'2025-09-03','active',NULL,NULL,NULL,NULL,NULL,100.00,5300000.00,0.00,'Đăng ký qua import Excel',NULL,'2025-09-03 04:23:25','2025-09-03 04:23:25'),(877,724,107,'2025-09-03','active',NULL,NULL,NULL,NULL,NULL,100.00,5300000.00,0.00,'Đăng ký qua import Excel',NULL,'2025-09-03 04:23:25','2025-09-03 04:23:25'),(878,725,116,'2025-09-03','active',NULL,NULL,NULL,NULL,NULL,100.00,3400000.00,0.00,'Đăng ký qua import Excel',NULL,'2025-09-03 04:28:43','2025-09-03 04:28:43'),(879,726,116,'2025-09-03','active',NULL,NULL,NULL,NULL,NULL,100.00,3400000.00,0.00,'Đăng ký qua import Excel',NULL,'2025-09-03 04:28:43','2025-09-03 04:28:43'),(880,727,105,'2025-09-03','active',NULL,NULL,NULL,NULL,NULL,100.00,3400000.00,0.00,'Đăng ký qua import Excel',NULL,'2025-09-03 04:30:10','2025-09-03 04:30:10'),(881,728,105,'2025-09-03','active',NULL,NULL,NULL,NULL,NULL,100.00,3400000.00,0.00,'Đăng ký qua import Excel',NULL,'2025-09-03 04:30:10','2025-09-03 04:30:10'),(882,729,106,'2025-09-03','active',NULL,NULL,NULL,NULL,NULL,100.00,4300000.00,0.00,'Đăng ký qua import Excel',NULL,'2025-09-03 04:33:36','2025-09-03 04:33:36'),(883,730,106,'2025-09-03','active',NULL,NULL,NULL,NULL,NULL,100.00,4300000.00,0.00,'Đăng ký qua import Excel',NULL,'2025-09-03 04:33:36','2025-09-03 04:33:36'),(884,731,106,'2025-09-03','active',NULL,NULL,NULL,NULL,NULL,100.00,4300000.00,0.00,'Đăng ký qua import Excel',NULL,'2025-09-03 04:33:36','2025-09-03 04:33:36'),(885,732,106,'2025-09-03','active',NULL,NULL,NULL,NULL,NULL,100.00,4300000.00,0.00,'Đăng ký qua import Excel',NULL,'2025-09-03 04:33:36','2025-09-03 04:33:36'),(886,733,106,'2025-09-03','active',NULL,NULL,NULL,NULL,NULL,100.00,4300000.00,0.00,'Đăng ký qua import Excel',NULL,'2025-09-03 04:33:36','2025-09-03 04:33:36'),(887,734,106,'2025-09-03','active',NULL,NULL,NULL,NULL,NULL,100.00,4300000.00,0.00,'Đăng ký qua import Excel',NULL,'2025-09-03 04:33:36','2025-09-03 04:33:36'),(888,735,120,'2025-09-03','active',NULL,NULL,NULL,NULL,NULL,100.00,1300000.00,0.00,'Đăng ký qua import Excel',NULL,'2025-09-03 04:35:25','2025-09-03 04:35:25'),(889,736,120,'2025-09-03','active',NULL,NULL,NULL,NULL,NULL,100.00,1300000.00,0.00,'Đăng ký qua import Excel',NULL,'2025-09-03 04:35:25','2025-09-03 04:35:25'),(891,738,137,'2025-09-03','active',NULL,NULL,NULL,NULL,NULL,100.00,2500000.00,0.00,'Đăng ký qua import Excel',NULL,'2025-09-03 08:31:36','2025-09-03 08:31:36'),(892,739,135,'2025-09-03','active',NULL,NULL,NULL,NULL,NULL,100.00,2500000.00,0.00,'Đăng ký qua import Excel',NULL,'2025-09-03 08:35:31','2025-09-03 08:35:31'),(893,740,135,'2025-09-03','active',NULL,NULL,NULL,NULL,NULL,100.00,2500000.00,0.00,'Đăng ký qua import Excel',NULL,'2025-09-03 08:35:31','2025-09-03 08:35:31'),(894,741,135,'2025-09-03','active',NULL,NULL,NULL,NULL,NULL,100.00,2500000.00,0.00,'Đăng ký qua import Excel',NULL,'2025-09-03 08:35:31','2025-09-03 08:35:31'),(895,742,135,'2025-09-03','active',NULL,NULL,NULL,NULL,NULL,100.00,2500000.00,0.00,'Đăng ký qua import Excel',NULL,'2025-09-03 08:35:31','2025-09-03 08:35:31'),(896,743,135,'2025-09-03','active',NULL,NULL,NULL,NULL,NULL,100.00,2500000.00,0.00,'Đăng ký qua import Excel',NULL,'2025-09-03 08:35:31','2025-09-03 08:35:31'),(897,747,80,'2025-09-04','waiting',NULL,NULL,NULL,NULL,NULL,0.00,0.00,3000000.00,NULL,NULL,'2025-09-04 03:35:09','2025-09-04 03:35:09'),(898,748,139,'2025-09-04','waiting',NULL,NULL,NULL,NULL,NULL,0.00,0.00,26800000.00,NULL,NULL,'2025-09-04 03:45:19','2025-09-04 03:45:19'),(900,750,121,'2025-09-04','active',NULL,NULL,NULL,NULL,NULL,20.00,260000.00,1040000.00,'Đăng ký qua import Excel',NULL,'2025-09-04 09:21:21','2025-09-08 07:17:19'),(901,751,121,'2025-09-04','active',NULL,NULL,NULL,NULL,NULL,20.00,260000.00,1040000.00,'Đăng ký qua import Excel',NULL,'2025-09-04 09:21:21','2025-09-08 07:17:28'),(902,752,121,'2025-09-04','active',NULL,NULL,NULL,NULL,NULL,20.00,260000.00,1040000.00,'Đăng ký qua import Excel',NULL,'2025-09-04 09:21:21','2025-09-08 07:17:41'),(903,753,121,'2025-09-04','active',NULL,NULL,NULL,NULL,NULL,20.00,260000.00,1040000.00,'Đăng ký qua import Excel',NULL,'2025-09-04 09:21:21','2025-09-08 07:19:37'),(904,754,121,'2025-09-04','active',NULL,NULL,NULL,NULL,NULL,20.00,260000.00,1040000.00,'Đăng ký qua import Excel',NULL,'2025-09-04 09:21:21','2025-09-08 07:17:53'),(905,755,121,'2025-09-04','active',NULL,NULL,NULL,NULL,NULL,20.00,260000.00,1040000.00,'Đăng ký qua import Excel',NULL,'2025-09-04 09:21:21','2025-09-08 07:17:05'),(906,756,121,'2025-09-04','active',NULL,NULL,NULL,NULL,NULL,50.00,650000.00,650000.00,'Đăng ký qua import Excel',NULL,'2025-09-04 09:21:21','2025-09-08 07:18:09'),(907,757,121,'2025-09-04','active',NULL,NULL,NULL,NULL,NULL,20.00,260000.00,1040000.00,'Đăng ký qua import Excel',NULL,'2025-09-04 09:21:21','2025-09-08 07:18:01'),(908,758,65,'2025-09-04','active',NULL,NULL,NULL,NULL,NULL,0.00,0.00,5300000.00,NULL,NULL,'2025-09-04 09:58:54','2025-09-04 09:58:54'),(909,759,65,'2025-09-04','active',NULL,NULL,NULL,NULL,NULL,100.00,5300000.00,0.00,NULL,NULL,'2025-09-04 10:05:31','2025-09-04 10:17:20'),(910,760,65,'2025-09-04','active',NULL,NULL,NULL,NULL,NULL,0.00,0.00,5300000.00,NULL,NULL,'2025-09-04 10:07:52','2025-09-04 10:07:52'),(911,761,66,'2025-09-04','active',NULL,NULL,NULL,NULL,NULL,0.00,0.00,1300000.00,NULL,NULL,'2025-09-04 10:09:55','2025-09-04 10:09:55'),(912,762,65,'2025-09-04','active',NULL,NULL,NULL,NULL,NULL,0.00,0.00,5300000.00,NULL,NULL,'2025-09-04 10:16:30','2025-09-04 10:16:30'),(913,221,49,'2025-09-04','active',NULL,NULL,NULL,NULL,NULL,0.00,0.00,26800000.00,NULL,NULL,'2025-09-04 10:23:42','2025-09-04 10:23:42'),(915,763,92,'2025-09-05','active',NULL,NULL,NULL,NULL,NULL,10.00,420000.00,3780000.00,NULL,NULL,'2025-09-05 04:13:25','2025-09-08 07:27:18'),(916,766,140,'2025-09-08','waiting',NULL,NULL,NULL,NULL,NULL,0.00,0.00,1.00,NULL,NULL,'2025-09-08 03:40:13','2025-09-08 03:40:13'),(917,767,80,'2025-09-08','active',NULL,NULL,NULL,NULL,NULL,0.00,0.00,3000000.00,NULL,NULL,'2025-09-08 07:25:11','2025-09-08 07:25:11'),(921,768,132,'2025-09-08','active',NULL,NULL,NULL,NULL,NULL,10.00,0.00,3780000.00,NULL,NULL,'2025-09-08 07:34:32','2025-09-08 07:34:32'),(922,769,132,'2025-09-08','active',NULL,NULL,NULL,NULL,NULL,10.00,0.00,3780000.00,NULL,NULL,'2025-09-08 07:34:55','2025-09-08 07:34:55'),(923,770,93,'2025-09-08','active',NULL,NULL,NULL,NULL,NULL,10.00,0.00,3780000.00,NULL,NULL,'2025-09-08 07:41:06','2025-09-08 07:41:06'),(926,773,80,'2025-09-08','active',NULL,NULL,NULL,NULL,NULL,10.00,300000.00,2700000.00,'Đăng ký qua import Excel',NULL,'2025-09-08 07:54:03','2025-09-08 07:54:03'),(927,774,80,'2025-09-08','active',NULL,NULL,NULL,NULL,NULL,10.00,300000.00,2700000.00,'Đăng ký qua import Excel',NULL,'2025-09-08 07:54:03','2025-09-08 07:54:03'),(928,775,80,'2025-09-08','active',NULL,NULL,NULL,NULL,NULL,10.00,300000.00,2700000.00,'Đăng ký qua import Excel',NULL,'2025-09-08 07:54:03','2025-09-08 07:54:03'),(929,776,80,'2025-09-08','active',NULL,NULL,NULL,NULL,NULL,10.00,300000.00,2700000.00,'Đăng ký qua import Excel',NULL,'2025-09-08 07:54:03','2025-09-08 07:54:03'),(930,777,80,'2025-09-08','active',NULL,NULL,NULL,NULL,NULL,0.00,0.00,3000000.00,NULL,NULL,'2025-09-08 07:56:55','2025-09-08 07:56:55'),(931,780,64,'2025-09-08','active',NULL,NULL,NULL,NULL,NULL,10.00,0.00,3870000.00,'Sinh viên',NULL,'2025-09-08 08:01:26','2025-09-08 08:01:26'),(932,779,74,'2025-09-08','active',NULL,NULL,NULL,NULL,NULL,0.00,0.00,5300000.00,NULL,NULL,'2025-09-08 08:01:57','2025-09-08 08:01:57'),(933,778,65,'2025-09-08','active',NULL,NULL,NULL,NULL,NULL,0.00,0.00,5300000.00,NULL,NULL,'2025-09-08 08:02:06','2025-09-08 08:02:06'),(934,781,134,'2025-09-08','active',NULL,NULL,NULL,NULL,NULL,100.00,0.00,0.00,NULL,NULL,'2025-09-08 08:18:37','2025-09-08 08:18:37'),(935,782,49,'2025-09-08','active',NULL,NULL,NULL,NULL,NULL,100.00,0.00,0.00,NULL,NULL,'2025-09-08 08:22:11','2025-09-08 08:22:11'),(936,783,49,'2025-09-08','active',NULL,NULL,NULL,NULL,NULL,100.00,0.00,0.00,NULL,NULL,'2025-09-08 08:27:25','2025-09-08 08:27:25'),(937,784,61,'2025-09-08','active',NULL,NULL,NULL,NULL,NULL,0.00,0.00,18600000.00,NULL,NULL,'2025-09-08 08:32:15','2025-09-08 08:32:15'),(938,785,80,'2025-09-08','active',NULL,NULL,NULL,NULL,NULL,0.00,0.00,3000000.00,NULL,NULL,'2025-09-08 08:50:46','2025-09-08 08:50:46'),(939,786,80,'2025-09-08','active',NULL,NULL,NULL,NULL,NULL,0.00,0.00,3000000.00,'Đăng ký qua import Excel',NULL,'2025-09-08 09:48:04','2025-09-08 09:48:04'),(940,787,80,'2025-09-08','active',NULL,NULL,NULL,NULL,NULL,0.00,0.00,3000000.00,'Đăng ký qua import Excel',NULL,'2025-09-08 09:48:04','2025-09-08 09:48:04'),(941,788,80,'2025-09-08','active',NULL,NULL,NULL,NULL,NULL,0.00,0.00,3000000.00,'Đăng ký qua import Excel',NULL,'2025-09-08 09:48:04','2025-09-08 09:48:04'),(942,789,80,'2025-09-08','active',NULL,NULL,NULL,NULL,NULL,0.00,0.00,3000000.00,'Đăng ký qua import Excel',NULL,'2025-09-08 09:48:04','2025-09-08 09:48:04'),(943,790,80,'2025-09-08','active',NULL,NULL,NULL,NULL,NULL,0.00,0.00,3000000.00,'Đăng ký qua import Excel',NULL,'2025-09-08 09:48:04','2025-09-08 09:48:04'),(944,791,80,'2025-09-08','active',NULL,NULL,NULL,NULL,NULL,0.00,0.00,3000000.00,'Đăng ký qua import Excel',NULL,'2025-09-08 09:48:04','2025-09-08 09:48:04'),(945,792,80,'2025-09-08','active',NULL,NULL,NULL,NULL,NULL,0.00,0.00,3000000.00,'Đăng ký qua import Excel',NULL,'2025-09-08 09:48:04','2025-09-08 09:48:04'),(946,793,80,'2025-09-08','active',NULL,NULL,NULL,NULL,NULL,0.00,0.00,3000000.00,'Đăng ký qua import Excel',NULL,'2025-09-08 09:48:04','2025-09-08 09:48:04'),(947,794,80,'2025-09-08','active',NULL,NULL,NULL,NULL,NULL,0.00,0.00,3000000.00,'Đăng ký qua import Excel',NULL,'2025-09-08 09:48:04','2025-09-08 09:48:04'),(948,795,80,'2025-09-08','active',NULL,NULL,NULL,NULL,NULL,10.00,300000.00,2700000.00,'Đăng ký qua import Excel',NULL,'2025-09-08 09:48:04','2025-09-10 04:28:51'),(949,796,80,'2025-09-08','active',NULL,NULL,NULL,NULL,NULL,0.00,0.00,3000000.00,'Đăng ký qua import Excel',NULL,'2025-09-08 09:48:04','2025-09-08 09:48:04'),(950,797,80,'2025-09-08','active',NULL,NULL,NULL,NULL,NULL,0.00,0.00,3000000.00,'Đăng ký qua import Excel',NULL,'2025-09-08 09:48:04','2025-09-08 09:48:04'),(951,798,80,'2025-09-08','active',NULL,NULL,NULL,NULL,NULL,10.00,300000.00,2700000.00,'Đăng ký qua import Excel',NULL,'2025-09-08 09:48:04','2025-09-10 04:29:16'),(952,799,80,'2025-09-08','active',NULL,NULL,NULL,NULL,NULL,0.00,0.00,3000000.00,NULL,NULL,'2025-09-08 10:04:06','2025-09-08 10:04:06'),(953,217,73,'2025-09-10','active',NULL,NULL,NULL,NULL,NULL,0.00,0.00,4300000.00,NULL,NULL,'2025-09-10 04:20:06','2025-09-10 04:20:06'),(954,800,74,'2025-09-10','active',NULL,NULL,NULL,NULL,NULL,0.00,0.00,5300000.00,NULL,NULL,'2025-09-10 04:21:07','2025-09-10 04:21:07'),(955,801,41,'2025-09-10','active',NULL,NULL,NULL,NULL,NULL,0.00,0.00,3400000.00,NULL,NULL,'2025-09-10 04:21:23','2025-09-10 04:21:23'),(956,802,64,'2025-09-10','active',NULL,NULL,NULL,NULL,NULL,0.00,0.00,4300000.00,NULL,NULL,'2025-09-10 04:22:19','2025-09-10 04:22:19'),(957,803,65,'2025-09-10','active',NULL,NULL,NULL,NULL,NULL,0.00,0.00,5300000.00,NULL,NULL,'2025-09-10 04:22:33','2025-09-10 04:22:39'),(958,615,80,'2025-09-10','active',NULL,NULL,NULL,NULL,NULL,10.00,0.00,2700000.00,NULL,NULL,'2025-09-10 04:28:39','2025-09-10 04:28:39'),(959,804,80,'2025-09-10','active',NULL,NULL,NULL,NULL,NULL,0.00,0.00,3000000.00,NULL,NULL,'2025-09-10 04:40:03','2025-09-10 04:40:33');
/*!40000 ALTER TABLE `enrollments` ENABLE KEYS */;
UNLOCK TABLES;

--
-- Table structure for table `ethnicities`
--

DROP TABLE IF EXISTS `ethnicities`;
/*!40101 SET @saved_cs_client     = @@character_set_client */;
/*!50503 SET character_set_client = utf8mb4 */;
CREATE TABLE `ethnicities` (
  `id` bigint unsigned NOT NULL AUTO_INCREMENT,
  `name` varchar(191) COLLATE utf8mb4_unicode_ci NOT NULL,
  `code` varchar(10) COLLATE utf8mb4_unicode_ci NOT NULL,
  `created_at` timestamp NULL DEFAULT NULL,
  `updated_at` timestamp NULL DEFAULT NULL,
  PRIMARY KEY (`id`),
  UNIQUE KEY `ethnicities_name_unique` (`name`),
  UNIQUE KEY `ethnicities_code_unique` (`code`),
  KEY `ethnicities_name_index` (`name`),
  KEY `ethnicities_code_index` (`code`)
) ENGINE=InnoDB AUTO_INCREMENT=54 DEFAULT CHARSET=utf8mb4 COLLATE=utf8mb4_unicode_ci;
/*!40101 SET character_set_client = @saved_cs_client */;

--
-- Dumping data for table `ethnicities`
--

LOCK TABLES `ethnicities` WRITE;
/*!40000 ALTER TABLE `ethnicities` DISABLE KEYS */;
INSERT INTO `ethnicities` VALUES (1,'Ba Na','BNA','2025-08-21 11:13:14','2025-08-21 11:13:14'),(2,'Bố Y','BOY','2025-08-21 11:13:14','2025-08-21 11:13:14'),(3,'Brâu','BRA','2025-08-21 11:13:14','2025-08-21 11:13:14'),(4,'Bru - Vân Kiều','BVK','2025-08-21 11:13:14','2025-08-21 11:13:14'),(5,'Chăm','CHA','2025-08-21 11:13:14','2025-08-21 11:13:14'),(6,'Chơ Ro','CRO','2025-08-21 11:13:14','2025-08-21 11:13:14'),(7,'Chu Ru','CRU','2025-08-21 11:13:14','2025-08-21 11:13:14'),(8,'Chứt','CHU','2025-08-21 11:13:14','2025-08-21 11:13:14'),(9,'Co','CO','2025-08-21 11:13:14','2025-08-21 11:13:14'),(10,'Cống','CON','2025-08-21 11:13:14','2025-08-21 11:13:14'),(11,'Co Tu','CTU','2025-08-21 11:13:14','2025-08-21 11:13:14'),(12,'Cờ Ho','CHO','2025-08-21 11:13:14','2025-08-21 11:13:14'),(13,'Cờ Lao','CLA','2025-08-21 11:13:14','2025-08-21 11:13:14'),(14,'Dao','DAO','2025-08-21 11:13:14','2025-08-21 11:13:14'),(15,'Ê Đê','EDE','2025-08-21 11:13:14','2025-08-21 11:13:14'),(16,'Gia Rai','GRA','2025-08-21 11:13:14','2025-08-21 11:13:14'),(17,'Giáy','GIA','2025-08-21 11:13:14','2025-08-21 11:13:14'),(18,'Giẻ Triêng','GTR','2025-08-21 11:13:14','2025-08-21 11:13:14'),(19,'Hà Nhì','HNI','2025-08-21 11:13:14','2025-08-21 11:13:14'),(20,'Hmông','HMO','2025-08-21 11:13:14','2025-08-21 11:13:14'),(21,'Hrê','HRE','2025-08-21 11:13:14','2025-08-21 11:13:14'),(22,'Khác','KHA','2025-08-21 11:13:14','2025-08-21 11:13:14'),(23,'Khmer','KHM','2025-08-21 11:13:14','2025-08-21 11:13:14'),(24,'Kho Mú','KMU','2025-08-21 11:13:14','2025-08-21 11:13:14'),(25,'Kinh','KIN','2025-08-21 11:13:14','2025-08-21 11:13:14'),(26,'La Chí','LCH','2025-08-21 11:13:14','2025-08-21 11:13:14'),(27,'La Ha','LHA','2025-08-21 11:13:14','2025-08-21 11:13:14'),(28,'La Hủ','LHU','2025-08-21 11:13:14','2025-08-21 11:13:14'),(29,'Lào','LAO','2025-08-21 11:13:14','2025-08-21 11:13:14'),(30,'Lô Lô','LLO','2025-08-21 11:13:14','2025-08-21 11:13:14'),(31,'Lự','LU','2025-08-21 11:13:14','2025-08-21 11:13:14'),(32,'Mạ','MA','2025-08-21 11:13:14','2025-08-21 11:13:14'),(33,'Mảng','MAN','2025-08-21 11:13:14','2025-08-21 11:13:14'),(34,'Mnông','MNO','2025-08-21 11:13:14','2025-08-21 11:13:14'),(35,'Mường','MUO','2025-08-21 11:13:14','2025-08-21 11:13:14'),(36,'Ngái','NGA','2025-08-21 11:13:14','2025-08-21 11:13:14'),(37,'Nùng','NUN','2025-08-21 11:13:14','2025-08-21 11:13:14'),(38,'Ơ Đu','ODU','2025-08-21 11:13:14','2025-08-21 11:13:14'),(39,'Phù Lá','PLA','2025-08-21 11:13:14','2025-08-21 11:13:14'),(40,'Pu Péo','PPE','2025-08-21 11:13:14','2025-08-21 11:13:14'),(41,'Ra Glai','RGL','2025-08-21 11:13:14','2025-08-21 11:13:14'),(42,'Rơ Măm','RMA','2025-08-21 11:13:14','2025-08-21 11:13:14'),(43,'Sán Chay','SCH','2025-08-21 11:13:14','2025-08-21 11:13:14'),(44,'Sán Dìu','SDI','2025-08-21 11:13:14','2025-08-21 11:13:14'),(45,'Si La','SLA','2025-08-21 11:13:14','2025-08-21 11:13:14'),(46,'Tà Ôi','TAO','2025-08-21 11:13:14','2025-08-21 11:13:14'),(47,'Tày','TAY','2025-08-21 11:13:14','2025-08-21 11:13:14'),(48,'Thái','THA','2025-08-21 11:13:14','2025-08-21 11:13:14'),(49,'Thổ','THO','2025-08-21 11:13:14','2025-08-21 11:13:14'),(50,'Xinh Mun','XMU','2025-08-21 11:13:14','2025-08-21 11:13:14'),(51,'Xơ Đăng','XDA','2025-08-21 11:13:14','2025-08-21 11:13:14'),(52,'X\'tiêng','XTI','2025-08-21 11:13:14','2025-08-21 11:13:14'),(53,'Xứ','XU','2025-08-21 11:13:14','2025-08-21 11:13:14');
/*!40000 ALTER TABLE `ethnicities` ENABLE KEYS */;
UNLOCK TABLES;

--
-- Table structure for table `failed_jobs`
--

DROP TABLE IF EXISTS `failed_jobs`;
/*!40101 SET @saved_cs_client     = @@character_set_client */;
/*!50503 SET character_set_client = utf8mb4 */;
CREATE TABLE `failed_jobs` (
  `id` bigint unsigned NOT NULL AUTO_INCREMENT,
  `uuid` varchar(191) COLLATE utf8mb4_unicode_ci NOT NULL,
  `connection` text COLLATE utf8mb4_unicode_ci NOT NULL,
  `queue` text COLLATE utf8mb4_unicode_ci NOT NULL,
  `payload` longtext COLLATE utf8mb4_unicode_ci NOT NULL,
  `exception` longtext COLLATE utf8mb4_unicode_ci NOT NULL,
  `failed_at` timestamp NOT NULL DEFAULT CURRENT_TIMESTAMP,
  PRIMARY KEY (`id`),
  UNIQUE KEY `failed_jobs_uuid_unique` (`uuid`)
) ENGINE=InnoDB AUTO_INCREMENT=3 DEFAULT CHARSET=utf8mb4 COLLATE=utf8mb4_unicode_ci;
/*!40101 SET character_set_client = @saved_cs_client */;

--
-- Dumping data for table `failed_jobs`
--

LOCK TABLES `failed_jobs` WRITE;
/*!40000 ALTER TABLE `failed_jobs` DISABLE KEYS */;
INSERT INTO `failed_jobs` VALUES (1,'45158bcd-31c6-481e-9773-515c2b54578e','database','default','{\"uuid\":\"45158bcd-31c6-481e-9773-515c2b54578e\",\"displayName\":\"App\\\\Mail\\\\PaymentReminderMail\",\"job\":\"Illuminate\\\\Queue\\\\CallQueuedHandler@call\",\"maxTries\":null,\"maxExceptions\":null,\"failOnTimeout\":false,\"backoff\":null,\"timeout\":null,\"retryUntil\":null,\"data\":{\"commandName\":\"Illuminate\\\\Mail\\\\SendQueuedMailable\",\"command\":\"O:34:\\\"Illuminate\\\\Mail\\\\SendQueuedMailable\\\":15:{s:8:\\\"mailable\\\";O:28:\\\"App\\\\Mail\\\\PaymentReminderMail\\\":6:{s:10:\\\"enrollment\\\";O:45:\\\"Illuminate\\\\Contracts\\\\Database\\\\ModelIdentifier\\\":5:{s:5:\\\"class\\\";s:21:\\\"App\\\\Models\\\\Enrollment\\\";s:2:\\\"id\\\";i:8;s:9:\\\"relations\\\";a:3:{i:0;s:7:\\\"student\\\";i:1;s:10:\\\"courseItem\\\";i:2;s:8:\\\"payments\\\";}s:10:\\\"connection\\\";s:5:\\\"mysql\\\";s:15:\\\"collectionClass\\\";N;}s:9:\\\"remaining\\\";d:120000;s:6:\\\"qrData\\\";a:6:{s:8:\\\"qr_image\\\";s:94:\\\"https:\\/\\/qr.sepay.vn\\/img?acc=0913145464&bank=MBBank&amount=120000.00&des=SEVQR&template=compact\\\";s:9:\\\"bank_name\\\";s:6:\\\"MBBank\\\";s:12:\\\"bank_account\\\";s:10:\\\"0913145464\\\";s:13:\\\"account_owner\\\";s:16:\\\"Tran Phuong Thao\\\";s:6:\\\"amount\\\";s:9:\\\"120000.00\\\";s:7:\\\"content\\\";s:5:\\\"SEVQR\\\";}s:11:\\\"paymentLink\\\";s:93:\\\"https:\\/\\/neube.winhouse.id.vn\\/pay\\/eyJlbnJvbGxtZW50X2lkIjo4LCJleHBpcmVzX2F0IjoxNzU4Mzg3OTE1fQ==\\\";s:2:\\\"to\\\";a:1:{i:0;a:2:{s:4:\\\"name\\\";N;s:7:\\\"address\\\";s:28:\\\"Vuthuyduong221006@gmail .com\\\";}}s:6:\\\"mailer\\\";s:4:\\\"smtp\\\";}s:5:\\\"tries\\\";N;s:7:\\\"timeout\\\";N;s:13:\\\"maxExceptions\\\";N;s:17:\\\"shouldBeEncrypted\\\";b:0;s:10:\\\"connection\\\";N;s:5:\\\"queue\\\";N;s:15:\\\"chainConnection\\\";N;s:10:\\\"chainQueue\\\";N;s:19:\\\"chainCatchCallbacks\\\";N;s:5:\\\"delay\\\";N;s:11:\\\"afterCommit\\\";N;s:10:\\\"middleware\\\";a:0:{}s:7:\\\"chained\\\";a:0:{}s:3:\\\"job\\\";N;}\"}}','Symfony\\Component\\Mailer\\Exception\\UnexpectedResponseException: Expected response code \"250/251/252\" but got code \"553\", with message \"553-5.1.3 The recipient address <Vuthuyduong221006@gmail .com> is not a valid\r\n553-5.1.3 RFC 5321 address. For more information, go to\r\n553-5.1.3  https://support.google.com/a/answer/3221692 and review RFC 5321\r\n553 5.1.3 specifications. 41be03b00d2f7-b4763fba76bsm5185629a12.1 - gsmtp\". in /www/wwwroot/quanlyhocphi/vendor/symfony/mailer/Transport/Smtp/SmtpTransport.php:338\nStack trace:\n#0 /www/wwwroot/quanlyhocphi/vendor/symfony/mailer/Transport/Smtp/SmtpTransport.php(197): Symfony\\Component\\Mailer\\Transport\\Smtp\\SmtpTransport->assertResponseCode()\n#1 /www/wwwroot/quanlyhocphi/vendor/symfony/mailer/Transport/Smtp/EsmtpTransport.php(118): Symfony\\Component\\Mailer\\Transport\\Smtp\\SmtpTransport->executeCommand()\n#2 /www/wwwroot/quanlyhocphi/vendor/symfony/mailer/Transport/Smtp/SmtpTransport.php(264): Symfony\\Component\\Mailer\\Transport\\Smtp\\EsmtpTransport->executeCommand()\n#3 /www/wwwroot/quanlyhocphi/vendor/symfony/mailer/Transport/Smtp/SmtpTransport.php(216): Symfony\\Component\\Mailer\\Transport\\Smtp\\SmtpTransport->doRcptToCommand()\n#4 /www/wwwroot/quanlyhocphi/vendor/symfony/mailer/Transport/AbstractTransport.php(69): Symfony\\Component\\Mailer\\Transport\\Smtp\\SmtpTransport->doSend()\n#5 /www/wwwroot/quanlyhocphi/vendor/symfony/mailer/Transport/Smtp/SmtpTransport.php(137): Symfony\\Component\\Mailer\\Transport\\AbstractTransport->send()\n#6 /www/wwwroot/quanlyhocphi/vendor/laravel/framework/src/Illuminate/Mail/Mailer.php(573): Symfony\\Component\\Mailer\\Transport\\Smtp\\SmtpTransport->send()\n#7 /www/wwwroot/quanlyhocphi/vendor/laravel/framework/src/Illuminate/Mail/Mailer.php(335): Illuminate\\Mail\\Mailer->sendSymfonyMessage()\n#8 /www/wwwroot/quanlyhocphi/vendor/laravel/framework/src/Illuminate/Mail/Mailable.php(205): Illuminate\\Mail\\Mailer->send()\n#9 /www/wwwroot/quanlyhocphi/vendor/laravel/framework/src/Illuminate/Support/Traits/Localizable.php(19): Illuminate\\Mail\\Mailable->Illuminate\\Mail\\{closure}()\n#10 /www/wwwroot/quanlyhocphi/vendor/laravel/framework/src/Illuminate/Mail/Mailable.php(198): Illuminate\\Mail\\Mailable->withLocale()\n#11 /www/wwwroot/quanlyhocphi/vendor/laravel/framework/src/Illuminate/Mail/SendQueuedMailable.php(83): Illuminate\\Mail\\Mailable->send()\n#12 /www/wwwroot/quanlyhocphi/vendor/laravel/framework/src/Illuminate/Container/BoundMethod.php(36): Illuminate\\Mail\\SendQueuedMailable->handle()\n#13 /www/wwwroot/quanlyhocphi/vendor/laravel/framework/src/Illuminate/Container/Util.php(41): Illuminate\\Container\\BoundMethod::Illuminate\\Container\\{closure}()\n#14 /www/wwwroot/quanlyhocphi/vendor/laravel/framework/src/Illuminate/Container/BoundMethod.php(93): Illuminate\\Container\\Util::unwrapIfClosure()\n#15 /www/wwwroot/quanlyhocphi/vendor/laravel/framework/src/Illuminate/Container/BoundMethod.php(35): Illuminate\\Container\\BoundMethod::callBoundMethod()\n#16 /www/wwwroot/quanlyhocphi/vendor/laravel/framework/src/Illuminate/Container/Container.php(662): Illuminate\\Container\\BoundMethod::call()\n#17 /www/wwwroot/quanlyhocphi/vendor/laravel/framework/src/Illuminate/Bus/Dispatcher.php(128): Illuminate\\Container\\Container->call()\n#18 /www/wwwroot/quanlyhocphi/vendor/laravel/framework/src/Illuminate/Pipeline/Pipeline.php(144): Illuminate\\Bus\\Dispatcher->Illuminate\\Bus\\{closure}()\n#19 /www/wwwroot/quanlyhocphi/vendor/laravel/framework/src/Illuminate/Pipeline/Pipeline.php(119): Illuminate\\Pipeline\\Pipeline->Illuminate\\Pipeline\\{closure}()\n#20 /www/wwwroot/quanlyhocphi/vendor/laravel/framework/src/Illuminate/Bus/Dispatcher.php(132): Illuminate\\Pipeline\\Pipeline->then()\n#21 /www/wwwroot/quanlyhocphi/vendor/laravel/framework/src/Illuminate/Queue/CallQueuedHandler.php(123): Illuminate\\Bus\\Dispatcher->dispatchNow()\n#22 /www/wwwroot/quanlyhocphi/vendor/laravel/framework/src/Illuminate/Pipeline/Pipeline.php(144): Illuminate\\Queue\\CallQueuedHandler->Illuminate\\Queue\\{closure}()\n#23 /www/wwwroot/quanlyhocphi/vendor/laravel/framework/src/Illuminate/Pipeline/Pipeline.php(119): Illuminate\\Pipeline\\Pipeline->Illuminate\\Pipeline\\{closure}()\n#24 /www/wwwroot/quanlyhocphi/vendor/laravel/framework/src/Illuminate/Queue/CallQueuedHandler.php(122): Illuminate\\Pipeline\\Pipeline->then()\n#25 /www/wwwroot/quanlyhocphi/vendor/laravel/framework/src/Illuminate/Queue/CallQueuedHandler.php(70): Illuminate\\Queue\\CallQueuedHandler->dispatchThroughMiddleware()\n#26 /www/wwwroot/quanlyhocphi/vendor/laravel/framework/src/Illuminate/Queue/Jobs/Job.php(102): Illuminate\\Queue\\CallQueuedHandler->call()\n#27 /www/wwwroot/quanlyhocphi/vendor/laravel/framework/src/Illuminate/Queue/Worker.php(439): Illuminate\\Queue\\Jobs\\Job->fire()\n#28 /www/wwwroot/quanlyhocphi/vendor/laravel/framework/src/Illuminate/Queue/Worker.php(389): Illuminate\\Queue\\Worker->process()\n#29 /www/wwwroot/quanlyhocphi/vendor/laravel/framework/src/Illuminate/Queue/Worker.php(176): Illuminate\\Queue\\Worker->runJob()\n#30 /www/wwwroot/quanlyhocphi/vendor/laravel/framework/src/Illuminate/Queue/Console/WorkCommand.php(137): Illuminate\\Queue\\Worker->daemon()\n#31 /www/wwwroot/quanlyhocphi/vendor/laravel/framework/src/Illuminate/Queue/Console/WorkCommand.php(120): Illuminate\\Queue\\Console\\WorkCommand->runWorker()\n#32 /www/wwwroot/quanlyhocphi/vendor/laravel/framework/src/Illuminate/Container/BoundMethod.php(36): Illuminate\\Queue\\Console\\WorkCommand->handle()\n#33 /www/wwwroot/quanlyhocphi/vendor/laravel/framework/src/Illuminate/Container/Util.php(41): Illuminate\\Container\\BoundMethod::Illuminate\\Container\\{closure}()\n#34 /www/wwwroot/quanlyhocphi/vendor/laravel/framework/src/Illuminate/Container/BoundMethod.php(93): Illuminate\\Container\\Util::unwrapIfClosure()\n#35 /www/wwwroot/quanlyhocphi/vendor/laravel/framework/src/Illuminate/Container/BoundMethod.php(35): Illuminate\\Container\\BoundMethod::callBoundMethod()\n#36 /www/wwwroot/quanlyhocphi/vendor/laravel/framework/src/Illuminate/Container/Container.php(662): Illuminate\\Container\\BoundMethod::call()\n#37 /www/wwwroot/quanlyhocphi/vendor/laravel/framework/src/Illuminate/Console/Command.php(211): Illuminate\\Container\\Container->call()\n#38 /www/wwwroot/quanlyhocphi/vendor/symfony/console/Command/Command.php(326): Illuminate\\Console\\Command->execute()\n#39 /www/wwwroot/quanlyhocphi/vendor/laravel/framework/src/Illuminate/Console/Command.php(180): Symfony\\Component\\Console\\Command\\Command->run()\n#40 /www/wwwroot/quanlyhocphi/vendor/symfony/console/Application.php(1096): Illuminate\\Console\\Command->run()\n#41 /www/wwwroot/quanlyhocphi/vendor/symfony/console/Application.php(324): Symfony\\Component\\Console\\Application->doRunCommand()\n#42 /www/wwwroot/quanlyhocphi/vendor/symfony/console/Application.php(175): Symfony\\Component\\Console\\Application->doRun()\n#43 /www/wwwroot/quanlyhocphi/vendor/laravel/framework/src/Illuminate/Foundation/Console/Kernel.php(201): Symfony\\Component\\Console\\Application->run()\n#44 /www/wwwroot/quanlyhocphi/artisan(35): Illuminate\\Foundation\\Console\\Kernel->handle()\n#45 {main}','2025-08-21 17:06:19'),(2,'d8a6bd26-efd3-4ea6-8473-8401d5cca635','database','default','{\"uuid\":\"d8a6bd26-efd3-4ea6-8473-8401d5cca635\",\"displayName\":\"App\\\\Mail\\\\PaymentReminderMail\",\"job\":\"Illuminate\\\\Queue\\\\CallQueuedHandler@call\",\"maxTries\":null,\"maxExceptions\":null,\"failOnTimeout\":false,\"backoff\":null,\"timeout\":null,\"retryUntil\":null,\"data\":{\"commandName\":\"Illuminate\\\\Mail\\\\SendQueuedMailable\",\"command\":\"O:34:\\\"Illuminate\\\\Mail\\\\SendQueuedMailable\\\":15:{s:8:\\\"mailable\\\";O:28:\\\"App\\\\Mail\\\\PaymentReminderMail\\\":6:{s:10:\\\"enrollment\\\";O:45:\\\"Illuminate\\\\Contracts\\\\Database\\\\ModelIdentifier\\\":5:{s:5:\\\"class\\\";s:21:\\\"App\\\\Models\\\\Enrollment\\\";s:2:\\\"id\\\";i:8;s:9:\\\"relations\\\";a:3:{i:0;s:7:\\\"student\\\";i:1;s:10:\\\"courseItem\\\";i:2;s:8:\\\"payments\\\";}s:10:\\\"connection\\\";s:5:\\\"mysql\\\";s:15:\\\"collectionClass\\\";N;}s:9:\\\"remaining\\\";d:120000;s:6:\\\"qrData\\\";a:6:{s:8:\\\"qr_image\\\";s:94:\\\"https:\\/\\/qr.sepay.vn\\/img?acc=0913145464&bank=MBBank&amount=120000.00&des=SEVQR&template=compact\\\";s:9:\\\"bank_name\\\";s:6:\\\"MBBank\\\";s:12:\\\"bank_account\\\";s:10:\\\"0913145464\\\";s:13:\\\"account_owner\\\";s:16:\\\"Tran Phuong Thao\\\";s:6:\\\"amount\\\";s:9:\\\"120000.00\\\";s:7:\\\"content\\\";s:5:\\\"SEVQR\\\";}s:11:\\\"paymentLink\\\";s:93:\\\"https:\\/\\/neube.winhouse.id.vn\\/pay\\/eyJlbnJvbGxtZW50X2lkIjo4LCJleHBpcmVzX2F0IjoxNzU4Mzg4MDA5fQ==\\\";s:2:\\\"to\\\";a:1:{i:0;a:2:{s:4:\\\"name\\\";N;s:7:\\\"address\\\";s:28:\\\"Vuthuyduong221006@gmail .com\\\";}}s:6:\\\"mailer\\\";s:4:\\\"smtp\\\";}s:5:\\\"tries\\\";N;s:7:\\\"timeout\\\";N;s:13:\\\"maxExceptions\\\";N;s:17:\\\"shouldBeEncrypted\\\";b:0;s:10:\\\"connection\\\";N;s:5:\\\"queue\\\";N;s:15:\\\"chainConnection\\\";N;s:10:\\\"chainQueue\\\";N;s:19:\\\"chainCatchCallbacks\\\";N;s:5:\\\"delay\\\";N;s:11:\\\"afterCommit\\\";N;s:10:\\\"middleware\\\";a:0:{}s:7:\\\"chained\\\";a:0:{}s:3:\\\"job\\\";N;}\"}}','Symfony\\Component\\Mailer\\Exception\\UnexpectedResponseException: Expected response code \"250/251/252\" but got code \"553\", with message \"553-5.1.3 The recipient address <Vuthuyduong221006@gmail .com> is not a valid\r\n553-5.1.3 RFC 5321 address. For more information, go to\r\n553-5.1.3  https://support.google.com/a/answer/3221692 and review RFC 5321\r\n553 5.1.3 specifications. 41be03b00d2f7-b4763fba76bsm5185629a12.1 - gsmtp\". in /www/wwwroot/quanlyhocphi/vendor/symfony/mailer/Transport/Smtp/SmtpTransport.php:338\nStack trace:\n#0 /www/wwwroot/quanlyhocphi/vendor/symfony/mailer/Transport/Smtp/SmtpTransport.php(197): Symfony\\Component\\Mailer\\Transport\\Smtp\\SmtpTransport->assertResponseCode()\n#1 /www/wwwroot/quanlyhocphi/vendor/symfony/mailer/Transport/Smtp/EsmtpTransport.php(118): Symfony\\Component\\Mailer\\Transport\\Smtp\\SmtpTransport->executeCommand()\n#2 /www/wwwroot/quanlyhocphi/vendor/symfony/mailer/Transport/Smtp/SmtpTransport.php(264): Symfony\\Component\\Mailer\\Transport\\Smtp\\EsmtpTransport->executeCommand()\n#3 /www/wwwroot/quanlyhocphi/vendor/symfony/mailer/Transport/Smtp/SmtpTransport.php(216): Symfony\\Component\\Mailer\\Transport\\Smtp\\SmtpTransport->doRcptToCommand()\n#4 /www/wwwroot/quanlyhocphi/vendor/symfony/mailer/Transport/AbstractTransport.php(69): Symfony\\Component\\Mailer\\Transport\\Smtp\\SmtpTransport->doSend()\n#5 /www/wwwroot/quanlyhocphi/vendor/symfony/mailer/Transport/Smtp/SmtpTransport.php(137): Symfony\\Component\\Mailer\\Transport\\AbstractTransport->send()\n#6 /www/wwwroot/quanlyhocphi/vendor/laravel/framework/src/Illuminate/Mail/Mailer.php(573): Symfony\\Component\\Mailer\\Transport\\Smtp\\SmtpTransport->send()\n#7 /www/wwwroot/quanlyhocphi/vendor/laravel/framework/src/Illuminate/Mail/Mailer.php(335): Illuminate\\Mail\\Mailer->sendSymfonyMessage()\n#8 /www/wwwroot/quanlyhocphi/vendor/laravel/framework/src/Illuminate/Mail/Mailable.php(205): Illuminate\\Mail\\Mailer->send()\n#9 /www/wwwroot/quanlyhocphi/vendor/laravel/framework/src/Illuminate/Support/Traits/Localizable.php(19): Illuminate\\Mail\\Mailable->Illuminate\\Mail\\{closure}()\n#10 /www/wwwroot/quanlyhocphi/vendor/laravel/framework/src/Illuminate/Mail/Mailable.php(198): Illuminate\\Mail\\Mailable->withLocale()\n#11 /www/wwwroot/quanlyhocphi/vendor/laravel/framework/src/Illuminate/Mail/SendQueuedMailable.php(83): Illuminate\\Mail\\Mailable->send()\n#12 /www/wwwroot/quanlyhocphi/vendor/laravel/framework/src/Illuminate/Container/BoundMethod.php(36): Illuminate\\Mail\\SendQueuedMailable->handle()\n#13 /www/wwwroot/quanlyhocphi/vendor/laravel/framework/src/Illuminate/Container/Util.php(41): Illuminate\\Container\\BoundMethod::Illuminate\\Container\\{closure}()\n#14 /www/wwwroot/quanlyhocphi/vendor/laravel/framework/src/Illuminate/Container/BoundMethod.php(93): Illuminate\\Container\\Util::unwrapIfClosure()\n#15 /www/wwwroot/quanlyhocphi/vendor/laravel/framework/src/Illuminate/Container/BoundMethod.php(35): Illuminate\\Container\\BoundMethod::callBoundMethod()\n#16 /www/wwwroot/quanlyhocphi/vendor/laravel/framework/src/Illuminate/Container/Container.php(662): Illuminate\\Container\\BoundMethod::call()\n#17 /www/wwwroot/quanlyhocphi/vendor/laravel/framework/src/Illuminate/Bus/Dispatcher.php(128): Illuminate\\Container\\Container->call()\n#18 /www/wwwroot/quanlyhocphi/vendor/laravel/framework/src/Illuminate/Pipeline/Pipeline.php(144): Illuminate\\Bus\\Dispatcher->Illuminate\\Bus\\{closure}()\n#19 /www/wwwroot/quanlyhocphi/vendor/laravel/framework/src/Illuminate/Pipeline/Pipeline.php(119): Illuminate\\Pipeline\\Pipeline->Illuminate\\Pipeline\\{closure}()\n#20 /www/wwwroot/quanlyhocphi/vendor/laravel/framework/src/Illuminate/Bus/Dispatcher.php(132): Illuminate\\Pipeline\\Pipeline->then()\n#21 /www/wwwroot/quanlyhocphi/vendor/laravel/framework/src/Illuminate/Queue/CallQueuedHandler.php(123): Illuminate\\Bus\\Dispatcher->dispatchNow()\n#22 /www/wwwroot/quanlyhocphi/vendor/laravel/framework/src/Illuminate/Pipeline/Pipeline.php(144): Illuminate\\Queue\\CallQueuedHandler->Illuminate\\Queue\\{closure}()\n#23 /www/wwwroot/quanlyhocphi/vendor/laravel/framework/src/Illuminate/Pipeline/Pipeline.php(119): Illuminate\\Pipeline\\Pipeline->Illuminate\\Pipeline\\{closure}()\n#24 /www/wwwroot/quanlyhocphi/vendor/laravel/framework/src/Illuminate/Queue/CallQueuedHandler.php(122): Illuminate\\Pipeline\\Pipeline->then()\n#25 /www/wwwroot/quanlyhocphi/vendor/laravel/framework/src/Illuminate/Queue/CallQueuedHandler.php(70): Illuminate\\Queue\\CallQueuedHandler->dispatchThroughMiddleware()\n#26 /www/wwwroot/quanlyhocphi/vendor/laravel/framework/src/Illuminate/Queue/Jobs/Job.php(102): Illuminate\\Queue\\CallQueuedHandler->call()\n#27 /www/wwwroot/quanlyhocphi/vendor/laravel/framework/src/Illuminate/Queue/Worker.php(439): Illuminate\\Queue\\Jobs\\Job->fire()\n#28 /www/wwwroot/quanlyhocphi/vendor/laravel/framework/src/Illuminate/Queue/Worker.php(389): Illuminate\\Queue\\Worker->process()\n#29 /www/wwwroot/quanlyhocphi/vendor/laravel/framework/src/Illuminate/Queue/Worker.php(176): Illuminate\\Queue\\Worker->runJob()\n#30 /www/wwwroot/quanlyhocphi/vendor/laravel/framework/src/Illuminate/Queue/Console/WorkCommand.php(137): Illuminate\\Queue\\Worker->daemon()\n#31 /www/wwwroot/quanlyhocphi/vendor/laravel/framework/src/Illuminate/Queue/Console/WorkCommand.php(120): Illuminate\\Queue\\Console\\WorkCommand->runWorker()\n#32 /www/wwwroot/quanlyhocphi/vendor/laravel/framework/src/Illuminate/Container/BoundMethod.php(36): Illuminate\\Queue\\Console\\WorkCommand->handle()\n#33 /www/wwwroot/quanlyhocphi/vendor/laravel/framework/src/Illuminate/Container/Util.php(41): Illuminate\\Container\\BoundMethod::Illuminate\\Container\\{closure}()\n#34 /www/wwwroot/quanlyhocphi/vendor/laravel/framework/src/Illuminate/Container/BoundMethod.php(93): Illuminate\\Container\\Util::unwrapIfClosure()\n#35 /www/wwwroot/quanlyhocphi/vendor/laravel/framework/src/Illuminate/Container/BoundMethod.php(35): Illuminate\\Container\\BoundMethod::callBoundMethod()\n#36 /www/wwwroot/quanlyhocphi/vendor/laravel/framework/src/Illuminate/Container/Container.php(662): Illuminate\\Container\\BoundMethod::call()\n#37 /www/wwwroot/quanlyhocphi/vendor/laravel/framework/src/Illuminate/Console/Command.php(211): Illuminate\\Container\\Container->call()\n#38 /www/wwwroot/quanlyhocphi/vendor/symfony/console/Command/Command.php(326): Illuminate\\Console\\Command->execute()\n#39 /www/wwwroot/quanlyhocphi/vendor/laravel/framework/src/Illuminate/Console/Command.php(180): Symfony\\Component\\Console\\Command\\Command->run()\n#40 /www/wwwroot/quanlyhocphi/vendor/symfony/console/Application.php(1096): Illuminate\\Console\\Command->run()\n#41 /www/wwwroot/quanlyhocphi/vendor/symfony/console/Application.php(324): Symfony\\Component\\Console\\Application->doRunCommand()\n#42 /www/wwwroot/quanlyhocphi/vendor/symfony/console/Application.php(175): Symfony\\Component\\Console\\Application->doRun()\n#43 /www/wwwroot/quanlyhocphi/vendor/laravel/framework/src/Illuminate/Foundation/Console/Kernel.php(201): Symfony\\Component\\Console\\Application->run()\n#44 /www/wwwroot/quanlyhocphi/artisan(35): Illuminate\\Foundation\\Console\\Kernel->handle()\n#45 {main}','2025-08-21 17:08:09');
/*!40000 ALTER TABLE `failed_jobs` ENABLE KEYS */;
UNLOCK TABLES;

--
-- Table structure for table `jobs`
--

DROP TABLE IF EXISTS `jobs`;
/*!40101 SET @saved_cs_client     = @@character_set_client */;
/*!50503 SET character_set_client = utf8mb4 */;
CREATE TABLE `jobs` (
  `id` bigint unsigned NOT NULL AUTO_INCREMENT,
  `queue` varchar(191) COLLATE utf8mb4_unicode_ci NOT NULL,
  `payload` longtext COLLATE utf8mb4_unicode_ci NOT NULL,
  `attempts` tinyint unsigned NOT NULL,
  `reserved_at` int unsigned DEFAULT NULL,
  `available_at` int unsigned NOT NULL,
  `created_at` int unsigned NOT NULL,
  PRIMARY KEY (`id`),
  KEY `jobs_queue_index` (`queue`)
) ENGINE=InnoDB AUTO_INCREMENT=52 DEFAULT CHARSET=utf8mb4 COLLATE=utf8mb4_unicode_ci;
/*!40101 SET character_set_client = @saved_cs_client */;

--
-- Dumping data for table `jobs`
--

LOCK TABLES `jobs` WRITE;
/*!40000 ALTER TABLE `jobs` DISABLE KEYS */;
/*!40000 ALTER TABLE `jobs` ENABLE KEYS */;
UNLOCK TABLES;

--
-- Table structure for table `learning_path_progress`
--

DROP TABLE IF EXISTS `learning_path_progress`;
/*!40101 SET @saved_cs_client     = @@character_set_client */;
/*!50503 SET character_set_client = utf8mb4 */;
CREATE TABLE `learning_path_progress` (
  `id` bigint unsigned NOT NULL AUTO_INCREMENT,
  `learning_path_id` bigint unsigned NOT NULL,
  `enrollment_id` bigint unsigned NOT NULL,
  `is_completed` tinyint(1) NOT NULL DEFAULT '0',
  `completed_at` timestamp NULL DEFAULT NULL,
  `created_at` timestamp NULL DEFAULT NULL,
  `updated_at` timestamp NULL DEFAULT NULL,
  PRIMARY KEY (`id`),
  KEY `learning_path_progress_learning_path_id_foreign` (`learning_path_id`),
  KEY `learning_path_progress_enrollment_id_foreign` (`enrollment_id`),
  CONSTRAINT `learning_path_progress_enrollment_id_foreign` FOREIGN KEY (`enrollment_id`) REFERENCES `enrollments` (`id`) ON DELETE CASCADE,
  CONSTRAINT `learning_path_progress_learning_path_id_foreign` FOREIGN KEY (`learning_path_id`) REFERENCES `learning_paths` (`id`) ON DELETE CASCADE
) ENGINE=InnoDB DEFAULT CHARSET=utf8mb4 COLLATE=utf8mb4_unicode_ci;
/*!40101 SET character_set_client = @saved_cs_client */;

--
-- Dumping data for table `learning_path_progress`
--

LOCK TABLES `learning_path_progress` WRITE;
/*!40000 ALTER TABLE `learning_path_progress` DISABLE KEYS */;
/*!40000 ALTER TABLE `learning_path_progress` ENABLE KEYS */;
UNLOCK TABLES;

--
-- Table structure for table `learning_paths`
--

DROP TABLE IF EXISTS `learning_paths`;
/*!40101 SET @saved_cs_client     = @@character_set_client */;
/*!50503 SET character_set_client = utf8mb4 */;
CREATE TABLE `learning_paths` (
  `id` bigint unsigned NOT NULL AUTO_INCREMENT,
  `course_item_id` bigint unsigned NOT NULL,
  `title` varchar(191) COLLATE utf8mb4_unicode_ci NOT NULL,
  `description` text COLLATE utf8mb4_unicode_ci,
  `order` int NOT NULL,
  `is_completed` tinyint(1) NOT NULL DEFAULT '0',
  `created_at` timestamp NULL DEFAULT NULL,
  `updated_at` timestamp NULL DEFAULT NULL,
  PRIMARY KEY (`id`),
  KEY `learning_paths_course_item_id_foreign` (`course_item_id`),
  CONSTRAINT `learning_paths_course_item_id_foreign` FOREIGN KEY (`course_item_id`) REFERENCES `course_items` (`id`) ON DELETE CASCADE
) ENGINE=InnoDB AUTO_INCREMENT=354 DEFAULT CHARSET=utf8mb4 COLLATE=utf8mb4_unicode_ci;
/*!40101 SET character_set_client = @saved_cs_client */;

--
-- Dumping data for table `learning_paths`
--

LOCK TABLES `learning_paths` WRITE;
/*!40000 ALTER TABLE `learning_paths` DISABLE KEYS */;
INSERT INTO `learning_paths` VALUES (22,56,'Marketing','',1,0,'2025-08-25 09:23:28','2025-08-25 09:23:28'),(23,56,'Bán hàng','',2,0,'2025-08-25 09:23:28','2025-08-25 09:23:28'),(27,87,'Marketing','',1,1,'2025-08-27 07:11:36','2025-08-27 07:11:36'),(28,87,'Truyền thông','',2,0,'2025-08-27 07:11:36','2025-08-27 07:11:36'),(30,91,'Marketing','',1,0,'2025-08-27 07:11:55','2025-08-27 07:11:55'),(31,91,'Truyền thông','',2,0,'2025-08-27 07:11:55','2025-08-27 07:11:55'),(35,113,'Marketing','',1,1,'2025-08-29 05:13:59','2025-08-29 05:13:59'),(36,113,'Bán hàng','',2,0,'2025-08-29 05:13:59','2025-08-29 05:13:59'),(187,127,'Kế toán tổng hợp','',1,1,'2025-08-29 06:12:47','2025-08-29 06:12:47'),(188,127,'Kế toán sổ','',2,1,'2025-08-29 06:12:47','2025-08-29 06:12:47'),(189,127,'Kế toán máy','',3,1,'2025-08-29 06:12:47','2025-08-29 06:12:47'),(190,127,'Kế toán thuế','',4,1,'2025-08-29 06:12:47','2025-08-29 06:12:47'),(191,127,'Báo cáo tài chính','',5,0,'2025-08-29 06:12:47','2025-08-29 06:12:47'),(197,101,'Kế toán tổng hợp','',1,1,'2025-08-29 06:13:04','2025-08-29 06:13:04'),(198,101,'Kế toán sổ','',2,1,'2025-08-29 06:13:04','2025-08-29 06:14:05'),(199,101,'Kế toán máy','',3,0,'2025-08-29 06:13:04','2025-08-29 06:13:04'),(200,101,'Kế toán thuế','',4,0,'2025-08-29 06:13:04','2025-08-29 06:13:04'),(201,101,'Báo cáo tài chính','',5,0,'2025-08-29 06:13:04','2025-08-29 06:13:04'),(207,124,'Kế toán tổng hợp','',1,1,'2025-08-29 06:13:44','2025-08-29 06:13:44'),(208,124,'Kế toán sổ','',2,0,'2025-08-29 06:13:44','2025-08-29 06:13:44'),(209,124,'Kế toán máy','',3,0,'2025-08-29 06:13:44','2025-08-29 06:13:44'),(210,124,'Kế toán thuế','',4,0,'2025-08-29 06:13:44','2025-08-29 06:13:44'),(211,124,'Báo cáo tài chính','',5,0,'2025-08-29 06:13:44','2025-08-29 06:13:44'),(267,98,'Pháp luật liên quan đến DN','',1,1,'2025-08-29 06:20:24','2025-08-29 06:22:47'),(268,98,'Quản lý tài chính DN','',2,1,'2025-08-29 06:20:24','2025-08-29 06:22:48'),(269,98,'Pháp luật về thuế','',3,1,'2025-08-29 06:20:24','2025-08-29 06:22:49'),(270,98,'Thẩm định dự án đầu tư','',4,1,'2025-08-29 06:20:24','2025-08-29 06:22:51'),(271,98,'Quan hệ tín dụng, thanh toán và bảo lãnh giữa DN với NH và TCTC','',5,1,'2025-08-29 06:20:24','2025-08-29 06:22:50'),(272,98,'Pháp luật về kế toán','',6,1,'2025-08-29 06:20:24','2025-08-29 06:22:52'),(273,98,'Tổ chức công tác kế toán và vai trò, nhiệm vụ của KTT DN','',7,0,'2025-08-29 06:20:24','2025-08-29 06:20:24'),(274,98,'Kế toán TCDN (kể cả kế toán đặc thù)','',8,0,'2025-08-29 06:20:24','2025-08-29 06:20:24'),(275,98,'Tổ chức kế toán quản trị DN','',9,0,'2025-08-29 06:20:24','2025-08-29 06:20:24'),(276,98,'BCTC và phân tích TCDN','',10,0,'2025-08-29 06:20:24','2025-08-29 06:20:24'),(277,98,'Kiểm toán và kiểm toán BCTC DN','',11,0,'2025-08-29 06:20:24','2025-08-29 06:20:24'),(333,63,'Pháp luật liên quan đến DN','',1,0,'2025-08-29 06:22:09','2025-08-29 06:22:09'),(334,63,'Quản lý tài chính DN','',2,0,'2025-08-29 06:22:09','2025-08-29 06:22:09'),(335,63,'Pháp luật về thuế','',3,0,'2025-08-29 06:22:09','2025-08-29 06:22:09'),(336,63,'Thẩm định dự án đầu tư','',4,0,'2025-08-29 06:22:09','2025-08-29 06:22:09'),(337,63,'Quan hệ tín dụng, thanh toán và bảo lãnh giữa DN với NH và TCTC','',5,0,'2025-08-29 06:22:09','2025-08-29 06:22:09'),(338,63,'Pháp luật về kế toán','',6,0,'2025-08-29 06:22:09','2025-08-29 06:22:09'),(339,63,'Tổ chức công tác kế toán và vai trò, nhiệm vụ của KTT DN','',7,0,'2025-08-29 06:22:09','2025-08-29 06:22:09'),(340,63,'Kế toán TCDN (kể cả kế toán đặc thù)','',8,0,'2025-08-29 06:22:09','2025-08-29 06:22:09'),(341,63,'Tổ chức kế toán quản trị DN','',9,0,'2025-08-29 06:22:09','2025-08-29 06:22:09'),(342,63,'BCTC và phân tích TCDN','',10,0,'2025-08-29 06:22:09','2025-08-29 06:22:09'),(343,63,'Kiểm toán và kiểm toán BCTC DN','',11,0,'2025-08-29 06:22:09','2025-08-29 06:22:09'),(349,15,'KTTH','',1,0,'2025-09-02 13:42:39','2025-09-02 13:42:39'),(350,15,'KT Sổ','',2,0,'2025-09-02 13:42:39','2025-09-02 13:42:39'),(351,15,'KT Máy','',3,0,'2025-09-02 13:42:39','2025-09-02 13:42:39'),(352,15,'KT Thuế','',4,0,'2025-09-02 13:42:39','2025-09-02 13:42:39'),(353,15,'BCTC','',5,0,'2025-09-02 13:42:39','2025-09-02 13:42:39');
/*!40000 ALTER TABLE `learning_paths` ENABLE KEYS */;
UNLOCK TABLES;

--
-- Table structure for table `migrations`
--

DROP TABLE IF EXISTS `migrations`;
/*!40101 SET @saved_cs_client     = @@character_set_client */;
/*!50503 SET character_set_client = utf8mb4 */;
CREATE TABLE `migrations` (
  `id` int unsigned NOT NULL AUTO_INCREMENT,
  `migration` varchar(191) COLLATE utf8mb4_unicode_ci NOT NULL,
  `batch` int NOT NULL,
  PRIMARY KEY (`id`)
) ENGINE=InnoDB AUTO_INCREMENT=41 DEFAULT CHARSET=utf8mb4 COLLATE=utf8mb4_unicode_ci;
/*!40101 SET character_set_client = @saved_cs_client */;

--
-- Dumping data for table `migrations`
--

LOCK TABLES `migrations` WRITE;
/*!40000 ALTER TABLE `migrations` DISABLE KEYS */;
INSERT INTO `migrations` VALUES (1,'2014_10_12_000000_create_users_table',1),(2,'2014_10_12_100000_create_password_reset_tokens_table',1),(3,'2014_10_12_100000_create_password_resets_table',1),(4,'2019_08_19_000000_create_failed_jobs_table',1),(5,'2019_12_14_000001_create_personal_access_tokens_table',1),(6,'2025_07_09_155224_create_students_table',1),(7,'2025_07_10_045533_create_sepay_table',1),(8,'2025_07_12_042228_create_course_items_table',1),(9,'2025_07_12_042401_create_enrollments_for_new_structure',1),(10,'2025_07_12_042502_create_attendances_for_new_structure',1),(11,'2025_07_12_042530_create_payments_for_new_structure',1),(12,'2025_07_16_150410_add_course_item_id_to_enrollments',1),(13,'2025_07_20_062344_create_learning_paths_table',1),(14,'2025_07_20_062630_create_learning_path_progress_table',1),(15,'2025_07_25_192843_add_unique_constraint_to_enrollments',1),(16,'2025_07_28_185749_add_course_item_id_to_attendances',1),(17,'2025_07_30_000000_update_enrollment_status_for_waitlist_integration',1),(18,'2025_08_02_175506_create_provinces_table',1),(19,'2025_08_02_175600_add_province_id_to_students_table',1),(20,'2025_08_04_175848_create_reminder_batches_table',1),(21,'2025_08_04_201113_add_column_in_students_table',1),(22,'2025_08_08_102437_remove_unused_columns_from_schedules_table',1),(23,'2025_08_09_211649_add_cancelled_at_to_enrollments_table',1),(24,'2025_08_10_093445_create_ethnicities_table',1),(25,'2025_08_13_120000_add_company_fields_to_students_table',1),(26,'2025_08_13_121000_remove_tuition_fee_from_students_table',1),(27,'2025_08_14_130930_add_learning_method_to_course_items_table',1),(28,'2025_08_16_154801_add_sepay_to_payment_method_enum',1),(29,'2025_08_16_160412_create_jobs_table',1),(30,'2025_08_17_191449_add_source_to_students_table',1),(31,'2025_08_17_192431_add_other_fields_to_students_table',1),(32,'2025_08_17_233416_update_students_table_add_missing_fields',1),(33,'2025_08_17_234253_remove_place_of_birth_from_students_table',1),(34,'2025_08_20_000001_add_idempotency_and_security_to_payments',1),(35,'2025_08_20_000002_add_payment_constraints',1),(36,'2025_08_20_000003_create_audit_logs_table',1),(37,'2025_08_25_002459_remove_student_id_unique_constraint_from_enrollments',2),(38,'2025_08_26_080959_force_drop_discount_constraint',3),(39,'2025_08_26_081519_add_cccd_to_students_table',3),(40,'2025_08_26_fix_discount_constraint',3);
/*!40000 ALTER TABLE `migrations` ENABLE KEYS */;
UNLOCK TABLES;

--
-- Table structure for table `password_reset_tokens`
--

DROP TABLE IF EXISTS `password_reset_tokens`;
/*!40101 SET @saved_cs_client     = @@character_set_client */;
/*!50503 SET character_set_client = utf8mb4 */;
CREATE TABLE `password_reset_tokens` (
  `email` varchar(191) COLLATE utf8mb4_unicode_ci NOT NULL,
  `token` varchar(191) COLLATE utf8mb4_unicode_ci NOT NULL,
  `created_at` timestamp NULL DEFAULT NULL,
  PRIMARY KEY (`email`)
) ENGINE=InnoDB DEFAULT CHARSET=utf8mb4 COLLATE=utf8mb4_unicode_ci;
/*!40101 SET character_set_client = @saved_cs_client */;

--
-- Dumping data for table `password_reset_tokens`
--

LOCK TABLES `password_reset_tokens` WRITE;
/*!40000 ALTER TABLE `password_reset_tokens` DISABLE KEYS */;
/*!40000 ALTER TABLE `password_reset_tokens` ENABLE KEYS */;
UNLOCK TABLES;

--
-- Table structure for table `password_resets`
--

DROP TABLE IF EXISTS `password_resets`;
/*!40101 SET @saved_cs_client     = @@character_set_client */;
/*!50503 SET character_set_client = utf8mb4 */;
CREATE TABLE `password_resets` (
  `email` varchar(191) COLLATE utf8mb4_unicode_ci NOT NULL,
  `token` varchar(191) COLLATE utf8mb4_unicode_ci NOT NULL,
  `created_at` timestamp NULL DEFAULT NULL,
  KEY `password_resets_email_index` (`email`)
) ENGINE=InnoDB DEFAULT CHARSET=utf8mb4 COLLATE=utf8mb4_unicode_ci;
/*!40101 SET character_set_client = @saved_cs_client */;

--
-- Dumping data for table `password_resets`
--

LOCK TABLES `password_resets` WRITE;
/*!40000 ALTER TABLE `password_resets` DISABLE KEYS */;
/*!40000 ALTER TABLE `password_resets` ENABLE KEYS */;
UNLOCK TABLES;

--
-- Table structure for table `payments`
--

DROP TABLE IF EXISTS `payments`;
/*!40101 SET @saved_cs_client     = @@character_set_client */;
/*!50503 SET character_set_client = utf8mb4 */;
CREATE TABLE `payments` (
  `id` bigint unsigned NOT NULL AUTO_INCREMENT,
  `enrollment_id` bigint unsigned NOT NULL,
  `amount` decimal(15,2) NOT NULL,
  `payment_date` date NOT NULL,
  `payment_method` enum('cash','bank_transfer','card','qr_code','sepay') DEFAULT NULL,
  `transaction_reference` varchar(191) DEFAULT NULL,
  `idempotency_key` varchar(191) DEFAULT NULL,
  `status` enum('pending','confirmed','cancelled') NOT NULL DEFAULT 'confirmed',
  `confirmed_at` timestamp NULL DEFAULT NULL,
  `confirmed_by` bigint unsigned DEFAULT NULL,
  `cancelled_at` timestamp NULL DEFAULT NULL,
  `cancelled_by` bigint unsigned DEFAULT NULL,
  `webhook_id` varchar(191) DEFAULT NULL,
  `webhook_data` longtext CHARACTER SET utf8mb4 COLLATE utf8mb4_bin,
  `notes` text,
  `created_at` timestamp NULL DEFAULT NULL,
  `updated_at` timestamp NULL DEFAULT NULL,
  PRIMARY KEY (`id`),
  UNIQUE KEY `payments_idempotency_key_unique` (`idempotency_key`),
  KEY `payments_enrollment_id_foreign` (`enrollment_id`),
  KEY `payments_confirmed_by_foreign` (`confirmed_by`),
  KEY `payments_cancelled_by_foreign` (`cancelled_by`),
  KEY `payments_status_payment_date_index` (`status`,`payment_date`),
  KEY `payments_payment_method_status_index` (`payment_method`,`status`),
  KEY `payments_confirmed_at_index` (`confirmed_at`),
  CONSTRAINT `payments_cancelled_by_foreign` FOREIGN KEY (`cancelled_by`) REFERENCES `users` (`id`) ON DELETE SET NULL,
  CONSTRAINT `payments_confirmed_by_foreign` FOREIGN KEY (`confirmed_by`) REFERENCES `users` (`id`) ON DELETE SET NULL,
  CONSTRAINT `payments_enrollment_id_foreign` FOREIGN KEY (`enrollment_id`) REFERENCES `enrollments` (`id`) ON DELETE CASCADE,
  CONSTRAINT `payments_chk_1` CHECK (json_valid(`webhook_data`))
) ENGINE=InnoDB AUTO_INCREMENT=48 DEFAULT CHARSET=utf8mb3;
/*!40101 SET character_set_client = @saved_cs_client */;

--
-- Dumping data for table `payments`
--

LOCK TABLES `payments` WRITE;
/*!40000 ALTER TABLE `payments` DISABLE KEYS */;
INSERT INTO `payments` VALUES (5,749,3000000.00,'2025-09-01','bank_transfer',NULL,NULL,'confirmed',NULL,NULL,NULL,NULL,NULL,NULL,'Thanh toán 29-8','2025-08-29 05:57:14','2025-08-29 05:57:14'),(6,728,3000000.00,'2025-09-01','bank_transfer',NULL,NULL,'confirmed',NULL,NULL,NULL,NULL,NULL,NULL,NULL,'2025-08-29 05:59:34','2025-08-29 05:59:34'),(7,776,3000000.00,'2025-09-01','bank_transfer',NULL,NULL,'confirmed',NULL,NULL,NULL,NULL,NULL,NULL,NULL,'2025-08-29 06:58:21','2025-08-29 06:58:21'),(8,752,3000000.00,'2025-09-01','bank_transfer',NULL,NULL,'confirmed',NULL,NULL,NULL,NULL,NULL,NULL,NULL,'2025-08-29 07:45:12','2025-08-29 07:45:12'),(10,778,5300000.00,'2025-09-01','bank_transfer',NULL,NULL,'confirmed',NULL,NULL,NULL,NULL,NULL,NULL,NULL,'2025-08-30 05:58:41','2025-08-30 05:58:41'),(11,851,5300000.00,'2025-09-03','bank_transfer',NULL,NULL,'confirmed',NULL,NULL,NULL,NULL,NULL,NULL,NULL,'2025-09-03 03:44:15','2025-09-03 03:44:15'),(12,738,3000000.00,'2025-09-03','bank_transfer',NULL,NULL,'confirmed',NULL,NULL,NULL,NULL,NULL,NULL,NULL,'2025-09-04 03:18:31','2025-09-04 03:18:31'),(14,743,3000000.00,'2025-09-04','bank_transfer',NULL,NULL,'confirmed',NULL,NULL,NULL,NULL,NULL,NULL,NULL,'2025-09-04 05:19:44','2025-09-04 05:19:44'),(15,556,5300000.00,'2025-09-04','bank_transfer',NULL,NULL,'confirmed',NULL,NULL,NULL,NULL,NULL,NULL,NULL,'2025-09-04 05:33:58','2025-09-04 05:33:58'),(16,908,5300000.00,'2025-09-04','bank_transfer',NULL,NULL,'confirmed',NULL,NULL,NULL,NULL,NULL,NULL,NULL,'2025-09-04 09:59:30','2025-09-04 09:59:30'),(17,900,1040000.00,'2025-09-08','bank_transfer',NULL,NULL,'confirmed',NULL,NULL,NULL,NULL,NULL,NULL,NULL,'2025-09-08 07:19:57','2025-09-08 07:19:57'),(18,901,1040000.00,'2025-09-08','cash',NULL,NULL,'confirmed',NULL,NULL,NULL,NULL,NULL,NULL,NULL,'2025-09-08 07:20:20','2025-09-08 07:20:20'),(19,902,1040000.00,'2025-09-08','bank_transfer',NULL,NULL,'confirmed',NULL,NULL,NULL,NULL,NULL,NULL,NULL,'2025-09-08 07:20:34','2025-09-08 07:20:34'),(20,903,1040000.00,'2025-09-08','bank_transfer',NULL,NULL,'confirmed',NULL,NULL,NULL,NULL,NULL,NULL,NULL,'2025-09-08 07:20:43','2025-09-08 07:20:43'),(21,904,1040000.00,'2025-09-08','cash',NULL,NULL,'confirmed',NULL,NULL,NULL,NULL,NULL,NULL,NULL,'2025-09-08 07:20:49','2025-09-08 07:20:49'),(22,905,1040000.00,'2025-09-08','cash',NULL,NULL,'confirmed',NULL,NULL,NULL,NULL,NULL,NULL,NULL,'2025-09-08 07:20:54','2025-09-08 07:20:54'),(23,906,650000.00,'2025-09-08','bank_transfer',NULL,NULL,'confirmed',NULL,NULL,NULL,NULL,NULL,NULL,NULL,'2025-09-08 07:21:04','2025-09-08 07:21:04'),(24,907,1040000.00,'2025-09-08','bank_transfer',NULL,NULL,'confirmed',NULL,NULL,NULL,NULL,NULL,NULL,NULL,'2025-09-08 07:21:12','2025-09-08 07:21:12'),(25,917,3000000.00,'2025-09-08','bank_transfer',NULL,NULL,'confirmed',NULL,NULL,NULL,NULL,NULL,NULL,NULL,'2025-09-08 07:25:24','2025-09-08 07:25:24'),(26,915,3780000.00,'2025-09-08','bank_transfer',NULL,NULL,'confirmed',NULL,NULL,NULL,NULL,NULL,NULL,NULL,'2025-09-08 07:27:28','2025-09-08 07:27:28'),(27,852,9300000.00,'2025-09-08','bank_transfer',NULL,NULL,'confirmed',NULL,NULL,NULL,NULL,NULL,NULL,NULL,'2025-09-08 07:28:17','2025-09-08 07:28:17'),(28,396,25000000.00,'2025-09-08','bank_transfer',NULL,NULL,'confirmed',NULL,NULL,NULL,NULL,NULL,NULL,NULL,'2025-09-08 07:29:24','2025-09-08 07:29:24'),(29,922,3780000.00,'2025-09-08','bank_transfer',NULL,NULL,'confirmed',NULL,NULL,NULL,NULL,NULL,NULL,NULL,'2025-09-08 07:37:13','2025-09-08 07:37:13'),(30,921,3780000.00,'2025-09-08','bank_transfer',NULL,NULL,'confirmed',NULL,NULL,NULL,NULL,NULL,NULL,NULL,'2025-09-08 07:37:24','2025-09-08 07:37:24'),(31,745,3000000.00,'2025-09-08','bank_transfer',NULL,NULL,'confirmed',NULL,NULL,NULL,NULL,NULL,NULL,NULL,'2025-09-08 07:37:54','2025-09-08 07:37:54'),(32,765,3000000.00,'2025-09-08','bank_transfer',NULL,NULL,'confirmed',NULL,NULL,NULL,NULL,NULL,NULL,NULL,'2025-09-08 07:38:28','2025-09-08 07:38:28'),(33,923,3780000.00,'2025-09-08','bank_transfer',NULL,NULL,'confirmed',NULL,NULL,NULL,NULL,NULL,NULL,NULL,'2025-09-08 07:41:18','2025-09-08 07:41:18'),(34,491,5300000.00,'2025-09-08','bank_transfer',NULL,NULL,'confirmed',NULL,NULL,NULL,NULL,NULL,NULL,NULL,'2025-09-08 08:35:41','2025-09-08 08:35:41'),(35,928,2700000.00,'2025-09-08','bank_transfer',NULL,NULL,'confirmed',NULL,NULL,NULL,NULL,NULL,NULL,NULL,'2025-09-08 08:47:14','2025-09-08 08:47:14'),(36,927,2700000.00,'2025-09-08','bank_transfer',NULL,NULL,'confirmed',NULL,NULL,NULL,NULL,NULL,NULL,NULL,'2025-09-08 08:47:28','2025-09-08 08:47:28'),(37,926,2700000.00,'2025-09-08','bank_transfer',NULL,NULL,'confirmed',NULL,NULL,NULL,NULL,NULL,NULL,NULL,'2025-09-08 08:47:41','2025-09-08 08:47:41'),(38,929,2700000.00,'2025-09-08','bank_transfer',NULL,NULL,'confirmed',NULL,NULL,NULL,NULL,NULL,NULL,NULL,'2025-09-08 08:48:19','2025-09-08 08:48:19'),(39,938,3000000.00,'2025-09-08','bank_transfer',NULL,NULL,'confirmed',NULL,NULL,NULL,NULL,NULL,NULL,NULL,'2025-09-08 08:50:54','2025-09-08 08:50:54'),(40,944,3000000.00,'2025-09-08','bank_transfer',NULL,NULL,'confirmed',NULL,NULL,NULL,NULL,NULL,NULL,NULL,'2025-09-08 10:35:57','2025-09-08 10:35:57'),(41,945,3000000.00,'2025-09-10','bank_transfer',NULL,NULL,'confirmed',NULL,NULL,NULL,NULL,NULL,NULL,NULL,'2025-09-10 04:04:40','2025-09-10 04:04:40'),(42,954,5300000.00,'2025-09-10','bank_transfer',NULL,NULL,'confirmed',NULL,NULL,NULL,NULL,NULL,NULL,NULL,'2025-09-10 04:25:34','2025-09-10 04:25:34'),(44,951,2700000.00,'2025-09-10','bank_transfer',NULL,NULL,'confirmed',NULL,NULL,NULL,NULL,NULL,NULL,'Nhóm 3 cùng Nguyễn Thị Diệp','2025-09-10 04:29:38','2025-09-10 04:29:38'),(45,958,2700000.00,'2025-09-10','bank_transfer',NULL,NULL,'confirmed',NULL,NULL,NULL,NULL,NULL,NULL,'Nhóm 3 cùng Nguyễn Thị Diệp','2025-09-10 04:29:53','2025-09-10 04:29:53'),(46,948,2700000.00,'2025-09-10','bank_transfer',NULL,NULL,'confirmed',NULL,NULL,NULL,NULL,NULL,NULL,'Nhóm 3 cùng Nguyễn Thị Diệp','2025-09-10 04:30:14','2025-09-10 04:30:14'),(47,943,3000000.00,'2025-09-10','bank_transfer',NULL,NULL,'confirmed',NULL,NULL,NULL,NULL,NULL,NULL,NULL,'2025-09-10 05:04:44','2025-09-10 05:04:44');
/*!40000 ALTER TABLE `payments` ENABLE KEYS */;
UNLOCK TABLES;

--
-- Table structure for table `personal_access_tokens`
--

DROP TABLE IF EXISTS `personal_access_tokens`;
/*!40101 SET @saved_cs_client     = @@character_set_client */;
/*!50503 SET character_set_client = utf8mb4 */;
CREATE TABLE `personal_access_tokens` (
  `id` bigint unsigned NOT NULL AUTO_INCREMENT,
  `tokenable_type` varchar(191) COLLATE utf8mb4_unicode_ci NOT NULL,
  `tokenable_id` bigint unsigned NOT NULL,
  `name` varchar(191) COLLATE utf8mb4_unicode_ci NOT NULL,
  `token` varchar(64) COLLATE utf8mb4_unicode_ci NOT NULL,
  `abilities` text COLLATE utf8mb4_unicode_ci,
  `last_used_at` timestamp NULL DEFAULT NULL,
  `expires_at` timestamp NULL DEFAULT NULL,
  `created_at` timestamp NULL DEFAULT NULL,
  `updated_at` timestamp NULL DEFAULT NULL,
  PRIMARY KEY (`id`),
  UNIQUE KEY `personal_access_tokens_token_unique` (`token`),
  KEY `personal_access_tokens_tokenable_type_tokenable_id_index` (`tokenable_type`,`tokenable_id`)
) ENGINE=InnoDB AUTO_INCREMENT=35 DEFAULT CHARSET=utf8mb4 COLLATE=utf8mb4_unicode_ci;
/*!40101 SET character_set_client = @saved_cs_client */;

--
-- Dumping data for table `personal_access_tokens`
--

LOCK TABLES `personal_access_tokens` WRITE;
/*!40000 ALTER TABLE `personal_access_tokens` DISABLE KEYS */;
INSERT INTO `personal_access_tokens` VALUES (22,'App\\Models\\User',1,'auth-token','3db6ef3563d59f4cf71840e13cea03396c2d4b9332b5b6941b025b0e8d6a102e','[\"*\"]','2025-08-26 10:24:33',NULL,'2025-08-26 10:24:28','2025-08-26 10:24:33'),(23,'App\\Models\\User',1,'auth-token','06683e2121dfa2aac9b663cf25067c626b96e311284e5f06c1dd1ea874be6c68','[\"*\"]','2025-09-10 04:52:29',NULL,'2025-08-26 16:54:58','2025-09-10 04:52:29'),(24,'App\\Models\\User',1,'auth-token','e2be56dae59fff2fa2b32dca9c78e4edf29698b1f864f88cd88bdea00173aeae','[\"*\"]','2025-09-03 17:04:44',NULL,'2025-08-26 18:03:12','2025-09-03 17:04:44'),(25,'App\\Models\\User',1,'auth-token','0fb11ac2e1153a78ffc6de6c9d9bac9a3941f25efb4a8f7b1ca7fe8d23ac15ca','[\"*\"]','2025-09-10 05:44:03',NULL,'2025-08-27 04:18:39','2025-09-10 05:44:03'),(26,'App\\Models\\User',1,'auth-token','28418fc17110a4ad80eac75042293da7fa1ae4be4cc55601156c90974ed3de90','[\"*\"]','2025-09-04 08:52:23',NULL,'2025-08-27 06:07:53','2025-09-04 08:52:23'),(27,'App\\Models\\User',1,'auth-token','59b8c131f8acd75cac18442fd31203aa5a8db6620829bb162fe2f64240d33ec4','[\"*\"]','2025-09-10 04:40:43',NULL,'2025-08-27 10:01:25','2025-09-10 04:40:43'),(28,'App\\Models\\User',1,'auth-token','ba12a8755aab6d9dca5a0d09295d1c71791d137649d538ab05e7055d28e32061','[\"*\"]','2025-09-06 04:14:16',NULL,'2025-08-28 12:11:24','2025-09-06 04:14:16'),(29,'App\\Models\\User',1,'auth-token','936c142e5e2204837569c7ac8c6c230991d022e6e09cf107451abc8f0eaf657d','[\"*\"]','2025-08-29 09:32:35',NULL,'2025-08-29 06:45:12','2025-08-29 09:32:35'),(30,'App\\Models\\User',1,'auth-token','d5a7c85693d813c63f00af63c1e5c5b740db15051bb7bd379873d206e0ea8398','[\"*\"]','2025-09-09 09:26:23',NULL,'2025-08-29 06:50:21','2025-09-09 09:26:23'),(31,'App\\Models\\User',1,'auth-token','837804e1b982d0172b4f48d0e0d81404d40b9242ada7b4aa277c0d71811f899e','[\"*\"]','2025-08-29 09:21:25',NULL,'2025-08-29 08:05:45','2025-08-29 09:21:25'),(32,'App\\Models\\User',1,'auth-token','9c274ff5108e837665021fc5669fa637d1a662ee9df50673ff50121a564c703d','[\"*\"]','2025-09-04 11:16:07',NULL,'2025-09-04 10:18:14','2025-09-04 11:16:07'),(33,'App\\Models\\User',1,'auth-token','d38e9af8b98bb1a1b1e25155f1a1f57577ee4744f407a9342f7562f38a0695ae','[\"*\"]','2025-09-08 08:36:18',NULL,'2025-09-08 02:51:43','2025-09-08 08:36:18'),(34,'App\\Models\\User',1,'auth-token','224d97f383c77e88ada7e4f457d92a8928135dcbf268718a88c12769c1833f4c','[\"*\"]','2025-09-08 04:09:49',NULL,'2025-09-08 04:09:49','2025-09-08 04:09:49');
/*!40000 ALTER TABLE `personal_access_tokens` ENABLE KEYS */;
UNLOCK TABLES;

--
-- Table structure for table `provinces`
--

DROP TABLE IF EXISTS `provinces`;
/*!40101 SET @saved_cs_client     = @@character_set_client */;
/*!50503 SET character_set_client = utf8mb4 */;
CREATE TABLE `provinces` (
  `id` bigint unsigned NOT NULL AUTO_INCREMENT,
  `name` varchar(191) COLLATE utf8mb4_unicode_ci NOT NULL,
  `code` varchar(10) COLLATE utf8mb4_unicode_ci NOT NULL,
  `region` enum('north','central','south') COLLATE utf8mb4_unicode_ci NOT NULL,
  `created_at` timestamp NULL DEFAULT NULL,
  `updated_at` timestamp NULL DEFAULT NULL,
  PRIMARY KEY (`id`),
  UNIQUE KEY `provinces_code_unique` (`code`)
) ENGINE=InnoDB AUTO_INCREMENT=35 DEFAULT CHARSET=utf8mb4 COLLATE=utf8mb4_unicode_ci;
/*!40101 SET character_set_client = @saved_cs_client */;

--
-- Dumping data for table `provinces`
--

LOCK TABLES `provinces` WRITE;
/*!40000 ALTER TABLE `provinces` DISABLE KEYS */;
INSERT INTO `provinces` VALUES (1,'Hà Nội','HNI','north','2025-08-21 11:13:14','2025-08-21 11:13:14'),(2,'TP. Hồ Chí Minh','HCM','south','2025-08-21 11:13:14','2025-08-21 11:13:14'),(3,'Hải Phòng','HAP','north','2025-08-21 11:13:14','2025-08-21 11:13:14'),(4,'Đà Nẵng','DNG','central','2025-08-21 11:13:14','2025-08-21 11:13:14'),(5,'Huế','HUE','central','2025-08-21 11:13:14','2025-08-21 11:13:14'),(6,'Cần Thơ','CAT','south','2025-08-21 11:13:14','2025-08-21 11:13:14'),(7,'Cao Bằng','CAB','north','2025-08-21 11:13:14','2025-08-21 11:13:14'),(8,'Điện Biên','DIB','north','2025-08-21 11:13:14','2025-08-21 11:13:14'),(9,'Lai Châu','LAI','north','2025-08-21 11:13:14','2025-08-21 11:13:14'),(10,'Sơn La','SOL','north','2025-08-21 11:13:14','2025-08-21 11:13:14'),(11,'Lạng Sơn','LAS','north','2025-08-21 11:13:14','2025-08-21 11:13:14'),(12,'Quảng Ninh','QUN','north','2025-08-21 11:13:14','2025-08-21 11:13:14'),(13,'Thanh Hóa','THA','central','2025-08-21 11:13:14','2025-08-21 11:13:14'),(14,'Nghệ An','NGA','central','2025-08-21 11:13:14','2025-08-21 11:13:14'),(15,'Hà Tĩnh','HAT','central','2025-08-21 11:13:14','2025-08-21 11:13:14'),(16,'Tuyên Quang','TUQ','north','2025-08-21 11:13:14','2025-08-21 11:13:14'),(17,'Lào Cai','LAC','north','2025-08-21 11:13:14','2025-08-21 11:13:14'),(18,'Thái Nguyên','THN','north','2025-08-21 11:13:14','2025-08-21 11:13:14'),(19,'Phú Thọ','PHT','north','2025-08-21 11:13:14','2025-08-21 11:13:14'),(20,'Bắc Ninh','BAN','north','2025-08-21 11:13:14','2025-08-21 11:13:14'),(21,'Hưng Yên','HUY','north','2025-08-21 11:13:14','2025-08-21 11:13:14'),(22,'Ninh Bình','NIB','north','2025-08-21 11:13:14','2025-08-21 11:13:14'),(23,'Quảng Trị','QUT','central','2025-08-21 11:13:14','2025-08-21 11:13:14'),(24,'Quảng Ngãi','QNG','central','2025-08-21 11:13:14','2025-08-21 11:13:14'),(25,'Gia Lai','GIL','central','2025-08-21 11:13:14','2025-08-21 11:13:14'),(26,'Khánh Hòa','KHA','central','2025-08-21 11:13:14','2025-08-21 11:13:14'),(27,'Lâm Đồng','LAD','south','2025-08-21 11:13:14','2025-08-21 11:13:14'),(28,'Đắk Lắk','DAL','central','2025-08-21 11:13:14','2025-08-21 11:13:14'),(29,'Đồng Nai','DON','south','2025-08-21 11:13:14','2025-08-21 11:13:14'),(30,'Tây Ninh','TAN','south','2025-08-21 11:13:14','2025-08-21 11:13:14'),(31,'Vĩnh Long','VIL','south','2025-08-21 11:13:14','2025-08-21 11:13:14'),(32,'Đồng Tháp','DOT','south','2025-08-21 11:13:14','2025-08-21 11:13:14'),(33,'Cà Mau','CAM','south','2025-08-21 11:13:14','2025-08-21 11:13:14'),(34,'An Giang','ANG','south','2025-08-21 11:13:14','2025-08-21 11:13:14');
/*!40000 ALTER TABLE `provinces` ENABLE KEYS */;
UNLOCK TABLES;

--
-- Table structure for table `reminder_batches`
--

DROP TABLE IF EXISTS `reminder_batches`;
/*!40101 SET @saved_cs_client     = @@character_set_client */;
/*!50503 SET character_set_client = utf8mb4 */;
CREATE TABLE `reminder_batches` (
  `id` bigint unsigned NOT NULL AUTO_INCREMENT,
  `name` varchar(191) COLLATE utf8mb4_unicode_ci NOT NULL COMMENT 'Tên batch (VD: Nhắc nhở khóa ABC)',
  `type` enum('single_course','multiple_courses','individual') COLLATE utf8mb4_unicode_ci NOT NULL COMMENT 'Loại batch',
  `status` enum('pending','processing','completed','failed') COLLATE utf8mb4_unicode_ci NOT NULL DEFAULT 'pending',
  `total_count` int NOT NULL DEFAULT '0' COMMENT 'Tổng số email cần gửi',
  `processed_count` int NOT NULL DEFAULT '0' COMMENT 'Số email đã xử lý',
  `sent_count` int NOT NULL DEFAULT '0' COMMENT 'Số email gửi thành công',
  `failed_count` int NOT NULL DEFAULT '0' COMMENT 'Số email gửi thất bại',
  `skipped_count` int NOT NULL DEFAULT '0' COMMENT 'Số email bỏ qua',
  `course_ids` longtext CHARACTER SET utf8mb4 COLLATE utf8mb4_bin COMMENT 'Danh sách ID khóa học',
  `enrollment_ids` longtext CHARACTER SET utf8mb4 COLLATE utf8mb4_bin COMMENT 'Danh sách ID enrollment',
  `errors` longtext CHARACTER SET utf8mb4 COLLATE utf8mb4_bin COMMENT 'Chi tiết lỗi',
  `created_by` bigint unsigned DEFAULT NULL,
  `started_at` timestamp NULL DEFAULT NULL,
  `completed_at` timestamp NULL DEFAULT NULL,
  `created_at` timestamp NULL DEFAULT NULL,
  `updated_at` timestamp NULL DEFAULT NULL,
  PRIMARY KEY (`id`),
  KEY `reminder_batches_status_created_at_index` (`status`,`created_at`),
  KEY `reminder_batches_created_by_index` (`created_by`),
  CONSTRAINT `reminder_batches_created_by_foreign` FOREIGN KEY (`created_by`) REFERENCES `users` (`id`) ON DELETE SET NULL,
  CONSTRAINT `reminder_batches_chk_1` CHECK (json_valid(`course_ids`)),
  CONSTRAINT `reminder_batches_chk_2` CHECK (json_valid(`enrollment_ids`)),
  CONSTRAINT `reminder_batches_chk_3` CHECK (json_valid(`errors`))
) ENGINE=InnoDB AUTO_INCREMENT=5 DEFAULT CHARSET=utf8mb4 COLLATE=utf8mb4_unicode_ci;
/*!40101 SET character_set_client = @saved_cs_client */;

--
-- Dumping data for table `reminder_batches`
--

LOCK TABLES `reminder_batches` WRITE;
/*!40000 ALTER TABLE `reminder_batches` DISABLE KEYS */;
INSERT INTO `reminder_batches` VALUES (1,'Nhắc nhở khóa: 123','single_course','pending',24,0,0,0,0,NULL,'[1,2,3,4,5,6,7,8,9,10,11,12,13,14,15,16,17,18,19,20,21,22,23,24]',NULL,NULL,NULL,NULL,'2025-08-21 11:56:25','2025-08-21 11:56:25'),(2,'Nhắc nhở khóa: 123','single_course','completed',24,0,24,0,0,NULL,'[1,2,3,4,5,6,7,8,9,10,11,12,13,14,15,16,17,18,19,20,21,22,23,24]',NULL,NULL,NULL,'2025-08-21 17:06:03','2025-08-21 12:10:55','2025-08-21 17:06:03'),(3,'Nhắc nhở khóa: 123','single_course','completed',24,0,24,0,0,NULL,'[1,2,3,4,5,6,7,8,9,10,11,12,13,14,15,16,17,18,19,20,21,22,23,24]',NULL,NULL,NULL,'2025-08-21 17:07:37','2025-08-21 17:05:33','2025-08-21 17:07:37'),(4,'Nhắc nhở khóa: KTTH 261 Online','single_course','completed',1,0,0,1,0,NULL,'[911]',NULL,NULL,NULL,'2025-09-08 02:54:18','2025-09-08 02:54:17','2025-09-08 02:54:18');
/*!40000 ALTER TABLE `reminder_batches` ENABLE KEYS */;
UNLOCK TABLES;

--
-- Table structure for table `sepay_transactions`
--

DROP TABLE IF EXISTS `sepay_transactions`;
/*!40101 SET @saved_cs_client     = @@character_set_client */;
/*!50503 SET character_set_client = utf8mb4 */;
CREATE TABLE `sepay_transactions` (
  `id` bigint unsigned NOT NULL AUTO_INCREMENT,
  `gateway` varchar(191) COLLATE utf8mb4_unicode_ci NOT NULL,
  `transactionDate` varchar(191) COLLATE utf8mb4_unicode_ci NOT NULL,
  `accountNumber` varchar(191) COLLATE utf8mb4_unicode_ci NOT NULL,
  `subAccount` varchar(191) COLLATE utf8mb4_unicode_ci DEFAULT NULL,
  `code` varchar(191) COLLATE utf8mb4_unicode_ci DEFAULT NULL,
  `content` varchar(191) COLLATE utf8mb4_unicode_ci NOT NULL,
  `transferType` varchar(191) COLLATE utf8mb4_unicode_ci NOT NULL,
  `description` varchar(1000) COLLATE utf8mb4_unicode_ci DEFAULT NULL,
  `transferAmount` bigint NOT NULL,
  `referenceCode` varchar(191) COLLATE utf8mb4_unicode_ci DEFAULT NULL,
  `created_at` timestamp NULL DEFAULT NULL,
  `updated_at` timestamp NULL DEFAULT NULL,
  PRIMARY KEY (`id`)
) ENGINE=InnoDB DEFAULT CHARSET=utf8mb4 COLLATE=utf8mb4_unicode_ci;
/*!40101 SET character_set_client = @saved_cs_client */;

--
-- Dumping data for table `sepay_transactions`
--

LOCK TABLES `sepay_transactions` WRITE;
/*!40000 ALTER TABLE `sepay_transactions` DISABLE KEYS */;
/*!40000 ALTER TABLE `sepay_transactions` ENABLE KEYS */;
UNLOCK TABLES;

--
-- Table structure for table `students`
--

DROP TABLE IF EXISTS `students`;
/*!40101 SET @saved_cs_client     = @@character_set_client */;
/*!50503 SET character_set_client = utf8mb4 */;
CREATE TABLE `students` (
  `id` bigint unsigned NOT NULL AUTO_INCREMENT,
  `first_name` varchar(191) COLLATE utf8mb4_unicode_ci NOT NULL,
  `last_name` varchar(191) COLLATE utf8mb4_unicode_ci NOT NULL,
  `date_of_birth` date DEFAULT NULL,
  `gender` enum('male','female','other') COLLATE utf8mb4_unicode_ci DEFAULT NULL,
  `email` varchar(191) COLLATE utf8mb4_unicode_ci DEFAULT NULL,
  `phone` varchar(191) COLLATE utf8mb4_unicode_ci DEFAULT NULL,
  `citizen_id` varchar(191) COLLATE utf8mb4_unicode_ci DEFAULT NULL COMMENT 'Số CCCD/CMND',
  `company_name` varchar(191) COLLATE utf8mb4_unicode_ci DEFAULT NULL,
  `tax_code` varchar(191) COLLATE utf8mb4_unicode_ci DEFAULT NULL,
  `invoice_email` varchar(191) COLLATE utf8mb4_unicode_ci DEFAULT NULL,
  `company_address` text COLLATE utf8mb4_unicode_ci,
  `source` enum('facebook','zalo','website','linkedin','tiktok','friend_referral') COLLATE utf8mb4_unicode_ci DEFAULT NULL COMMENT 'Nguồn biết đến: Facebook, Zalo, Website, LinkedIn, TikTok, Bạn bè giới thiệu',
  `ethnicity` enum('kinh','tay','thai','muong','khmer','hoa','nung','hmong','dao','gia_rai','ngai','ede','ba_na','xo_dang','san_chay','co_ho','cham','san_diu','hre','mnong','ra_glai','xtieng','bru_van_kieu','tho','giay','co_tu','gie_trieng','ma','kho_mu','co','ta_oi','cho_ro','khanh','xinh_mun','ha_nhi','chu_ru','lao','la_chi','la_ha','pu_peo','bo_y','la_hu','cong','si_la','mang','pa_then','co_lao','cong_cong','lo_lo','chut','mieu','brau','o_du','roma','other') COLLATE utf8mb4_unicode_ci DEFAULT NULL COMMENT 'Dân tộc',
  `ethnicity_other` varchar(191) COLLATE utf8mb4_unicode_ci DEFAULT NULL COMMENT 'Dân tộc khác (khi chọn Khác)',
  `place_of_birth_other` varchar(191) COLLATE utf8mb4_unicode_ci DEFAULT NULL COMMENT 'Nơi sinh khác (khi chọn Khác)',
  `province_other` varchar(191) COLLATE utf8mb4_unicode_ci DEFAULT NULL COMMENT 'Tỉnh/thành khác (khi chọn Khác)',
  `province_id` bigint unsigned DEFAULT NULL,
  `current_workplace` varchar(191) COLLATE utf8mb4_unicode_ci DEFAULT NULL,
  `accounting_experience_years` int DEFAULT NULL,
  `training_specialization` varchar(191) COLLATE utf8mb4_unicode_ci DEFAULT NULL,
  `hard_copy_documents` enum('submitted','not_submitted') COLLATE utf8mb4_unicode_ci DEFAULT NULL,
  `education_level` enum('vocational','associate','bachelor','master','secondary') COLLATE utf8mb4_unicode_ci DEFAULT NULL,
  `notes` text COLLATE utf8mb4_unicode_ci,
  `created_at` timestamp NULL DEFAULT NULL,
  `updated_at` timestamp NULL DEFAULT NULL,
  `nation` varchar(191) COLLATE utf8mb4_unicode_ci DEFAULT NULL,
  `ethnicity_id` bigint unsigned DEFAULT NULL,
  `place_of_birth_province_id` bigint unsigned DEFAULT NULL,
  `user_note_id` bigint unsigned DEFAULT NULL,
  PRIMARY KEY (`id`),
  UNIQUE KEY `students_phone_unique` (`phone`),
  KEY `students_province_id_foreign` (`province_id`),
  KEY `students_user_note_id_foreign` (`user_note_id`),
  KEY `students_ethnicity_id_foreign` (`ethnicity_id`),
  KEY `students_place_of_birth_province_id_foreign` (`place_of_birth_province_id`),
  CONSTRAINT `students_ethnicity_id_foreign` FOREIGN KEY (`ethnicity_id`) REFERENCES `ethnicities` (`id`) ON DELETE SET NULL,
  CONSTRAINT `students_place_of_birth_province_id_foreign` FOREIGN KEY (`place_of_birth_province_id`) REFERENCES `provinces` (`id`) ON DELETE SET NULL,
  CONSTRAINT `students_province_id_foreign` FOREIGN KEY (`province_id`) REFERENCES `provinces` (`id`) ON DELETE SET NULL,
  CONSTRAINT `students_user_note_id_foreign` FOREIGN KEY (`user_note_id`) REFERENCES `users` (`id`) ON DELETE SET NULL
) ENGINE=InnoDB AUTO_INCREMENT=805 DEFAULT CHARSET=utf8mb4 COLLATE=utf8mb4_unicode_ci;
/*!40101 SET character_set_client = @saved_cs_client */;

--
-- Dumping data for table `students`
--

LOCK TABLES `students` WRITE;
/*!40000 ALTER TABLE `students` DISABLE KEYS */;
INSERT INTO `students` VALUES (195,'Cao Hồng','Ngọc','1991-11-18','female','caohongngoc@gmail.com','0915716789','001191006146','Cao Hồng Ngọc','001191006146','caohongngoc@gmail.com','2 Ngõ 55 Hai Bà Trưng, Cửa Nam, Hà Nội','website',NULL,NULL,NULL,NULL,1,NULL,NULL,NULL,NULL,NULL,NULL,'2025-08-25 03:01:08','2025-08-27 08:15:35','Việt Nam',25,1,NULL),(196,'Doãn Thị','Hạnh','1998-12-13','female','doanthihanh.1312@gmail.com','0901435014',NULL,'Doãn Thị Hạnh','38198017171','doanthihanh.1312@gmail.com','98D/Bis, TTH20, KP1A, Tân Thới Hiệp, Quận 12, Hồ Chí Minh','website',NULL,NULL,NULL,NULL,20,NULL,NULL,NULL,NULL,NULL,NULL,'2025-08-25 03:01:08','2025-08-25 03:06:16','Việt Nam',25,13,NULL),(197,'Dương Mạnh','Linh','1992-07-21','male','dmanhlinh824@gmail.com','0868679116',NULL,'Dương Mạnh Linh','26092002005','Duongthao.ceo@gmail.com','Thôn Hoà Loan - Xã Vĩnh Thành - Tỉnh Phú Thọ','website',NULL,NULL,NULL,NULL,19,NULL,NULL,NULL,NULL,NULL,NULL,'2025-08-25 03:16:41','2025-08-25 03:17:36','Việt Nam',25,19,NULL),(198,'Lê Dũng','Hoàng','2003-11-08','male','lehoangdung08112003@gmail.com','0347028927',NULL,'Lê Hoàng Dũng','79203010022','lehoangdung08112003@gmail.com','482/11 Nơ Trang Long phường bình lợi trung','website',NULL,NULL,NULL,NULL,2,NULL,NULL,NULL,NULL,NULL,NULL,'2025-08-25 03:16:41','2025-08-25 03:17:53','Việt Nam',25,2,NULL),(199,'Phạm Trường','Giang','1997-02-22','male','Phamtruonggiang.bnbn@gmail.com','0889772731',NULL,'Phạm Trường Giang','27097006569','Phamtruonggiang.bnbn@gmail.com','Lý anh tông, võ cường, bắc ninh','website',NULL,NULL,NULL,NULL,20,NULL,NULL,NULL,NULL,NULL,NULL,'2025-08-25 03:23:10','2025-08-25 03:23:29','Việt Nam',25,20,NULL),(200,'Phạm Tư','Xuất','1998-03-09','male','phamtuxuat@gmail.com','0944662851',NULL,'Công ty Tnhh Hùng gia','101868875','vat@cariny.vn','150 nguyễn an ninh , tương mai hà nội','website',NULL,NULL,NULL,NULL,1,NULL,NULL,NULL,NULL,NULL,NULL,'2025-08-25 03:23:10','2025-08-25 03:23:49','Việt Nam',25,22,NULL),(201,'Lê Việt','Dũng','1991-01-14','male','ls.levietdung@gmail.com','0982213691',NULL,'Công ty Luật TNHH Vũ Lê','110828156','info@luatvule.vn','Tổ 8, phường Vĩnh Hưng, thành phố Hà Nội','website',NULL,NULL,NULL,NULL,1,NULL,NULL,NULL,NULL,NULL,NULL,'2025-08-25 03:37:03','2025-08-25 03:37:25','Việt Nam',25,20,NULL),(202,'Hoàng Trung','Hiếu','2000-11-10','male','Hoanghieu101120@gmail.com','0865499557',NULL,'Hoàng Trung Hiếu','22200001285','Hoanghieu101120@gmail.com','Sảnh B 423 minh khai - Phường Vĩnh Tuy - Quận Hai Bà Trưng - Hà Nội','website',NULL,NULL,NULL,NULL,1,NULL,NULL,NULL,NULL,NULL,NULL,'2025-08-25 03:37:03','2025-08-25 03:37:37','Việt Nam',25,12,NULL),(203,'Ngô Linh','Trang','2003-04-20','female','Ngolinhtrang20042003@gmail.com','0832042003',NULL,'Ngô Linh Trang','22303003820','Ngolinhtrang20042003@gmail.com','Sảnh B 423 Minh Khai - Phường Vĩnh Tuy - Quận Hai Bà Trưng - Hà Nội','website',NULL,NULL,NULL,NULL,1,NULL,NULL,NULL,NULL,NULL,NULL,'2025-08-25 03:37:03','2025-08-25 03:37:54','Việt Nam',25,12,NULL),(204,'Nguyễn Hoài','Loan','2001-10-21','female','limlimxiu@gmail.com','0828738899',NULL,'Nguyễn Hoài Loan','44301001157','limlimxiu@gmail.com','264/47/6 ngọc thuỵ long biên hà nội','website',NULL,NULL,NULL,NULL,1,NULL,NULL,NULL,NULL,NULL,NULL,'2025-08-25 03:37:03','2025-08-25 03:38:20','Việt Nam',25,23,NULL),(205,'Trần Thị','Ánh','1998-11-30','female','anhtran.tanvuong@gmail.com','0968575789',NULL,'Trần Thị Ánh','30188009732','anhtran.tanvuong@gmail.com','CH 1501 , Tòa CT3 Khu nhà ở quận Hoàng Mai,Phường Hoàng Mai,thành phố Hà Nội','website',NULL,NULL,NULL,NULL,1,NULL,NULL,NULL,NULL,NULL,NULL,'2025-08-25 03:37:03','2025-08-25 03:38:40','Việt Nam',25,3,NULL),(206,'Lê Hải','Khánh','2002-12-27','male','lkhanh11@gmail.com','0949911933',NULL,'Lê Hải Khánh','25202004663','lkhanh11@gmail.com','Số 18 Ngõ 76 Nguyễn Chí Thanh, Láng Thượng, Đống Đa, Hà Nội','website',NULL,NULL,NULL,NULL,19,NULL,NULL,NULL,NULL,NULL,NULL,'2025-08-25 03:37:03','2025-08-25 03:38:59','Việt Nam',25,19,NULL),(207,'Nguyễn Đăng','Bình','1991-11-02','male','123@gmail.com','00000086686',NULL,NULL,NULL,NULL,NULL,'zalo',NULL,NULL,NULL,NULL,9,NULL,NULL,NULL,NULL,NULL,'Đã kết bạn Zalo','2025-08-25 09:00:42','2025-08-25 09:02:22',NULL,4,10,NULL),(208,'Nguyễn Thị Hoài','Thương','1991-05-28','female','thuong285sm@gmail.com','0966146557','014191009112','Nguyễn Thị Hoài Thương','‘014191009112','Thuong285sm@gmail.com','Tổ 66, khu 6B, phường Nông Trang, thành phố Việt Trì','website',NULL,NULL,NULL,NULL,NULL,NULL,NULL,NULL,NULL,NULL,NULL,'2025-08-25 09:18:02','2025-08-28 12:00:21','Kinh',NULL,10,NULL),(209,'Trần Hải','Anh','2005-01-15','female','anhtranhai2005@gmail.com','0384287399','001305002053','Trần Hải Anh','1305002053','anhtranhai2005@gmail.com','Số 7, ngách 41/35 Đông Tác, Phường Kim Liên, Hà Nội','website',NULL,NULL,NULL,NULL,NULL,NULL,NULL,NULL,NULL,NULL,NULL,'2025-08-25 09:18:02','2025-08-28 12:00:21','Kinh',NULL,1,NULL),(210,'Mai Thu','Hoài','2006-07-24','female','hoai.mai thu.4236@gmail.com','0789141428','036306008318','Mai Thu Hoài','Em chưa có ạ','hoaimai686@gmail.com','19d6 phúc la hà đông',NULL,NULL,NULL,NULL,NULL,NULL,NULL,NULL,NULL,NULL,NULL,NULL,'2025-08-25 09:18:02','2025-08-28 12:00:21','Kinh',NULL,1,NULL),(211,'Hồ Hữu','Khoa','1987-09-15','male','khoa.ho huu.7095@gmail.com','0963257686','040087042798','Hồ Hữu Khoa','40087042798','khoadolawins@gmail.com','Trực tiếp tại trường.',NULL,NULL,NULL,NULL,NULL,NULL,NULL,NULL,NULL,NULL,NULL,NULL,'2025-08-25 09:18:02','2025-08-28 12:00:21','Kinh',NULL,14,NULL),(212,'Phạm Minh','Phụng','1997-10-23','male','phung.pham minh.7027@gmail.com','0779832777','086097000059','Phạm Minh Phụng','86097000059','minhphung23091997@gmail.com','Trực tiếp tại trường',NULL,NULL,NULL,NULL,NULL,NULL,NULL,NULL,NULL,NULL,NULL,NULL,'2025-08-25 09:18:02','2025-08-28 12:00:21','Kinh',NULL,6,NULL),(213,'Bạch Nguyễn','Lâm Duy','1995-09-06','male','lam duy.bach nguyen.2367@gmail.com','0793404436','082095002952','Hồ Hữu Khoa','40087042798','khoadolawins@gmail.com','Trực tiếp tại trường',NULL,NULL,NULL,NULL,NULL,NULL,NULL,NULL,NULL,NULL,NULL,NULL,'2025-08-25 09:18:02','2025-08-28 12:00:21','Kinh',NULL,32,NULL),(214,'Đinh Thị Mỵ','Xuyên','1995-01-08','female','xuyen.Đinh thi my.6560@gmail.com','0783931061','091195005019','Đinh Thị Mỵ Xuyên','91195005019','kimsiu2701@gmail.com','Chung cư WestGate A2.12A-11 Chung cư WestGate, số 98 Tân Túc, khu phố 9, xã Tân Nhựt, TP Hồ Chí Minh',NULL,NULL,NULL,NULL,NULL,NULL,NULL,NULL,NULL,NULL,NULL,NULL,'2025-08-25 09:18:02','2025-08-28 12:00:21','Kinh',NULL,34,NULL),(215,'Trương Tân','Nhựt','1991-01-06','male','nhut.truong tan.4211@gmail.com','0932646955','049091009870','Trương Tân Nhựt','49091009870','Mrtannhut.qn@gmail.com','Xã Thạnh Bình, TP Đà Nẵng',NULL,NULL,NULL,NULL,NULL,NULL,NULL,NULL,NULL,NULL,NULL,NULL,'2025-08-25 09:18:02','2025-08-28 12:00:21','Kinh',NULL,4,NULL),(216,'Hồ Thị Hà','Anh',NULL,NULL,'haanhcyx@gmail.com','0981954362',NULL,'NGÂN HÀNG THƯƠNG MẠI CỔ PHẦN KỸ THƯƠNG VIỆT NAM','100230800','lent7@techcombank.com.vn','Số 6 Phố Quang Trung, Phường Cửa Nam, TP Hà Nội, Việt Nam',NULL,NULL,NULL,NULL,NULL,NULL,NULL,NULL,NULL,NULL,NULL,NULL,'2025-08-25 09:32:22','2025-08-27 04:55:02','Việt Nam',NULL,NULL,NULL),(217,'Phạm Thị Ngọc','Bích','2004-12-15','female','bichpham005@gmail.com','0963734862','034304001148','Phạm Thị Ngọc Bích','034304001148','bichpham005@gmail.com','Thành Công- Ba Đình-Hà Nôi','website',NULL,NULL,NULL,NULL,1,NULL,NULL,NULL,NULL,NULL,NULL,'2025-08-25 09:32:22','2025-09-10 04:17:11','Việt Nam',25,21,NULL),(219,'Lê Thị','Vân',NULL,NULL,'levantq1408@gmail.com','92946638466667',NULL,NULL,NULL,NULL,NULL,NULL,NULL,NULL,NULL,NULL,NULL,NULL,NULL,NULL,NULL,NULL,NULL,'2025-08-25 09:45:33','2025-08-25 09:45:33','Việt Nam',NULL,NULL,NULL),(220,'Nguyễn Thị Thu','Hà','1983-04-14','female','thuha.dr@gmail.com','0948443688','036183002061','Bệnh viện Mắt tỉnh Ninh Bình','2700612178','thuha.dr@gmail.com','số 314 Hải Thượng Lãn Ông, phường Hoa Lư, tỉnh Ninh Bình','website',NULL,NULL,NULL,NULL,22,NULL,NULL,NULL,NULL,NULL,NULL,'2025-08-25 09:45:33','2025-09-08 08:27:08','Việt Nam',25,22,NULL),(221,'Nguyễn Quang','Minh',NULL,NULL,'Hmu0208@gmail.com','89465527666667',NULL,NULL,NULL,NULL,NULL,NULL,NULL,NULL,NULL,NULL,NULL,NULL,NULL,NULL,NULL,NULL,NULL,'2025-08-25 09:45:33','2025-08-25 09:45:33','Việt Nam',NULL,NULL,NULL),(222,'Trương Văn','Đạt','1988-02-18','male','dattv.vn@gmail.com','0935465696','082088000320','Trương Văn Đạt','082088000320','dattv.vn@gmail.com','138A Giảng Võ, Hà Nội','website',NULL,NULL,NULL,NULL,1,NULL,NULL,NULL,NULL,NULL,NULL,'2025-08-25 09:45:33','2025-09-08 08:27:08','Việt Nam',25,32,NULL),(223,'Bùi Xuân','Khánh',NULL,NULL,'bsbuixuankhanh090986@gmail.com','85984416866667',NULL,NULL,NULL,NULL,NULL,NULL,NULL,NULL,NULL,NULL,NULL,NULL,NULL,NULL,NULL,NULL,NULL,'2025-08-25 09:45:33','2025-08-25 09:45:33','Việt Nam',NULL,NULL,NULL),(224,'Đặng Tiến','Quân',NULL,NULL,'Dangtienquanbkhy@gmail.com','84243861466667',NULL,NULL,NULL,NULL,NULL,NULL,NULL,NULL,NULL,NULL,NULL,NULL,NULL,NULL,NULL,NULL,NULL,'2025-08-25 09:45:33','2025-08-25 09:45:33','Việt Nam',NULL,NULL,NULL),(225,'Nguyễn Xuân','Phong',NULL,NULL,'nguyenphongttytts@gmail.com','82503306066667',NULL,NULL,NULL,NULL,NULL,NULL,NULL,NULL,NULL,NULL,NULL,NULL,NULL,NULL,NULL,NULL,NULL,'2025-08-25 09:45:33','2025-08-25 09:45:33','Việt Nam',NULL,NULL,NULL),(226,'Hoàng Văn','Lý',NULL,NULL,'phongdoanhktv7@gmail.com','80762750666667',NULL,NULL,NULL,NULL,NULL,NULL,NULL,NULL,NULL,NULL,NULL,NULL,NULL,NULL,NULL,NULL,NULL,'2025-08-25 09:45:33','2025-08-25 09:45:33','Việt Nam',NULL,NULL,NULL),(227,'Âu Hữu','Đức','1976-12-03','male','auhuuduc@gmail.com','0919831183','094076001157','Âu Hữu Đức','094076001157','auhuuduc@gmail.com','35 Võ Thị Sáu, Khóm 4, Phường Phú Lợi, TP Cần Thơ','website',NULL,NULL,NULL,NULL,6,NULL,NULL,NULL,NULL,NULL,NULL,'2025-08-25 09:45:33','2025-09-08 08:27:08','Việt Nam',25,6,NULL),(228,'Vũ Đức','Lợi',NULL,NULL,'abcde@gmail.com','77281639866667',NULL,NULL,NULL,NULL,NULL,NULL,NULL,NULL,NULL,NULL,NULL,NULL,NULL,NULL,NULL,NULL,NULL,'2025-08-25 09:45:33','2025-08-25 09:45:33','Việt Nam',NULL,NULL,NULL),(229,'Mai Đức','Thảo',NULL,NULL,'abcdef@gmail.com','75541084466667',NULL,NULL,NULL,NULL,NULL,NULL,NULL,NULL,NULL,NULL,NULL,NULL,NULL,NULL,NULL,NULL,NULL,'2025-08-25 09:45:33','2025-08-25 09:45:33','Việt Nam',NULL,NULL,NULL),(232,'Lê','Khánh','2025-08-06','male','khanhlbn@neu.edu.vn','0382339567','123456789',NULL,NULL,NULL,NULL,'facebook',NULL,NULL,NULL,NULL,11,NULL,NULL,NULL,NULL,NULL,NULL,'2025-08-26 18:26:59','2025-08-26 18:26:59',NULL,9,11,NULL),(233,'Nguyễn Vĩnh','Nghi','1986-07-06','male','nguyenvinhnghi0607@gmail.com','0833146181','058086000436','Bệnh viện Đa khoa Ninh Thuận','4500223107','nguyenvinhnghi0607@gmail.com','ThS.Nguyễn Vĩnh Nghi - Phòng Tổ chức cán bộ - Bệnh viện Đa khoa Ninh Thuận - đường Nguyễn Văn Cừ - phường Ninh Chử - tỉnh Khánh Hòa','facebook',NULL,NULL,NULL,NULL,26,NULL,NULL,NULL,NULL,NULL,NULL,'2025-08-26 18:56:42','2025-09-08 08:27:08',NULL,25,26,NULL),(254,'Lê Đại','Hành',NULL,'male','info@duongquanganjsc.com','0868646085',NULL,NULL,NULL,NULL,NULL,'website',NULL,NULL,NULL,NULL,NULL,NULL,NULL,NULL,NULL,NULL,NULL,'2025-08-27 04:55:02','2025-08-27 04:55:02','Việt Nam',NULL,NULL,NULL),(255,'Nguyễn Thị Ngọc ','Khánh','2006-03-08','female','giangnh@dasvietnam.com','0983687377',NULL,NULL,NULL,NULL,NULL,NULL,NULL,NULL,NULL,NULL,NULL,NULL,NULL,NULL,NULL,NULL,NULL,'2025-08-27 04:55:02','2025-08-27 04:55:02','Việt Nam',NULL,NULL,NULL),(256,'Bùi ','Quỳnh',NULL,NULL,'quynh0quynh4@gmail.com','0352899059',NULL,NULL,NULL,NULL,NULL,NULL,NULL,NULL,NULL,NULL,NULL,NULL,NULL,NULL,NULL,NULL,NULL,'2025-08-27 04:55:02','2025-08-27 04:55:02','Việt Nam',NULL,NULL,NULL),(257,'Mạc Thị Thu','Hương',NULL,NULL,'macthuhuong3110@gmail.com','0349195406',NULL,NULL,NULL,NULL,NULL,NULL,NULL,NULL,NULL,NULL,NULL,NULL,NULL,NULL,NULL,NULL,NULL,'2025-08-27 04:55:02','2025-08-27 04:55:02','Việt Nam',NULL,NULL,NULL),(258,'Trịnh Thị Khánh','Hòa',NULL,NULL,'hoa.trinhthikhanh@gmail.com','0337077492',NULL,NULL,NULL,NULL,NULL,NULL,NULL,NULL,NULL,NULL,NULL,NULL,NULL,NULL,NULL,NULL,NULL,'2025-08-27 04:55:02','2025-08-27 04:55:02','Việt Nam',NULL,NULL,NULL),(259,'Nguyễn Minh','Thư',NULL,NULL,'bremathu257@gmail.com','0947143254',NULL,NULL,NULL,NULL,NULL,NULL,NULL,NULL,NULL,NULL,NULL,NULL,NULL,NULL,NULL,NULL,NULL,'2025-08-27 04:55:02','2025-08-27 04:55:02','Việt Nam',NULL,NULL,NULL),(260,'Nguyễn Thị','Nhung',NULL,NULL,'nhung.kt86@gmail.com','0833048480',NULL,NULL,NULL,NULL,NULL,NULL,NULL,NULL,NULL,NULL,NULL,NULL,NULL,NULL,NULL,NULL,NULL,'2025-08-27 04:55:02','2025-08-27 04:55:02','Việt Nam',NULL,NULL,NULL),(261,'Cầm Linh','Chi',NULL,NULL,'linhchicam142@gmail.com','0333297234',NULL,NULL,NULL,NULL,NULL,NULL,NULL,NULL,NULL,NULL,NULL,NULL,NULL,NULL,NULL,NULL,NULL,'2025-08-27 04:55:02','2025-08-27 04:55:02','Việt Nam',NULL,NULL,NULL),(262,'Lê Xuân','Hưng',NULL,NULL,'lehung3611@gmail.com','0375145998',NULL,NULL,NULL,NULL,NULL,NULL,NULL,NULL,NULL,NULL,NULL,NULL,NULL,NULL,NULL,NULL,NULL,'2025-08-27 04:55:02','2025-08-27 04:55:02','Việt Nam',NULL,NULL,NULL),(263,'Nguyễn Phạm Thanh','Bình',NULL,NULL,'penamlung2004@gmail.com','0764494824',NULL,NULL,NULL,NULL,NULL,NULL,NULL,NULL,NULL,NULL,NULL,NULL,NULL,NULL,NULL,NULL,NULL,'2025-08-27 04:55:02','2025-08-27 04:55:02','Việt Nam',NULL,NULL,NULL),(264,'Hồ Ngọc','Anh',NULL,NULL,'hongocanh01022001@gmail.com','0924438352',NULL,NULL,NULL,NULL,NULL,NULL,NULL,NULL,NULL,NULL,NULL,NULL,NULL,NULL,NULL,NULL,NULL,'2025-08-27 04:55:02','2025-08-27 04:55:02','Việt Nam',NULL,NULL,NULL),(265,'CHU NGỌC','KHANH',NULL,NULL,'knc.chu@gmail.com','0862789809',NULL,NULL,NULL,NULL,NULL,NULL,NULL,NULL,NULL,NULL,NULL,NULL,NULL,NULL,NULL,NULL,NULL,'2025-08-27 04:55:02','2025-08-27 04:55:02','Việt Nam',NULL,NULL,NULL),(268,'NGUYỄN THỊ PHƯƠNG','THẢO',NULL,NULL,'thaophuong123344@gmail.com','0964222676',NULL,NULL,NULL,NULL,NULL,NULL,NULL,NULL,NULL,NULL,NULL,NULL,NULL,NULL,NULL,NULL,NULL,'2025-08-27 04:55:02','2025-08-27 04:55:02','Việt Nam',NULL,NULL,NULL),(269,'Trịnh Thị Hồng','Hạnh',NULL,NULL,'honghanhdakya123@gmail.com','0789682379',NULL,NULL,NULL,NULL,NULL,NULL,NULL,NULL,NULL,NULL,NULL,NULL,NULL,NULL,NULL,NULL,NULL,'2025-08-27 04:55:02','2025-08-27 04:55:02','Việt Nam',NULL,NULL,NULL),(270,'Mai','Hà',NULL,NULL,'mailedbyhamai@gmail.com','0986192320',NULL,NULL,NULL,NULL,NULL,NULL,NULL,NULL,NULL,NULL,NULL,NULL,NULL,NULL,NULL,NULL,NULL,'2025-08-27 04:55:02','2025-08-27 04:55:02','Việt Nam',NULL,NULL,NULL),(272,'Nguyễn Thị','Lê','1992-05-19','female','lenguyen.hanu1905@gmail.com','0931880628','001192042745','NGÂN HÀNG THƯƠNG MẠI CỔ PHẦN KỸ THƯƠNG VIỆT NAM','100230800','lent7@techcombank.com.vn','Số 6 Phố Quang Trung, Phường Cửa Nam, TP Hà Nội, Việt Nam','website',NULL,NULL,NULL,NULL,1,NULL,NULL,NULL,NULL,NULL,NULL,'2025-08-27 05:10:24','2025-08-27 05:12:21','Việt Nam',25,1,NULL),(273,'Nguyễn Tuấn','Linh','1993-12-12','male','linhnguyen1293@gmail.com','0988886823','001093022852','Nguyễn Tuấn Linh','1093022852','linhnguyen1293@gmail.com','807-L3 khu đô thị nam thăng long, phú thượng, hà nội','website',NULL,NULL,NULL,NULL,1,NULL,NULL,NULL,NULL,NULL,NULL,'2025-08-27 05:10:25','2025-08-27 05:12:50','Việt Nam',25,1,NULL),(312,'Chu Yến','Nhi','2004-10-19','female','yennhi101086@gmail.com','0942598589','001304011450','Chu Yến Nhi','001304011450','yennhi101086@gmail.com','18A Kim Hoa, Hà Nội','website',NULL,NULL,NULL,NULL,1,NULL,NULL,NULL,NULL,NULL,NULL,'2025-08-27 07:55:43','2025-08-27 08:13:20','Việt Nam',25,1,NULL),(313,'Phạm Duy','Thiên','2001-01-29','male','famduythien01@gmail.com','0966853069','042201001741','Phạm Duy Thiên','042201001741','famduythien01@gmail.com','famduythien01@gmail.com','website',NULL,NULL,NULL,NULL,1,NULL,NULL,NULL,NULL,NULL,NULL,'2025-08-27 07:55:43','2025-08-27 08:19:23','Việt Nam',25,15,NULL),(314,'Trương Thị','Hiền','2001-03-23','female','tthien23301@gmail.com','0932385782','040301026052','CHI NHÁNH SỐ I - CÔNG TY CỔ PHẦN BỆNH VIỆN MẮT SÀI GÒN - HÀ NỘI','0105406712-001','matsaigon.lah@dochoadon.com','số 532 đường Láng, Phường Láng, TP Hà Nội, Việt Nam','website',NULL,NULL,NULL,NULL,1,NULL,NULL,NULL,NULL,NULL,NULL,'2025-08-27 07:55:43','2025-08-27 08:19:49','Việt Nam',25,14,NULL),(315,'Diệp Kiều','Anh','1991-06-16','female','diepkieuanh1606@gmail.com','0907888261','075191004828','Diệp Kiều Anh','075191004828','diepkieuanh1606@gmail.com','Số 89, đường Lý Thái Tổ, Nhơn TRạch, Đồng Nai','website',NULL,NULL,NULL,NULL,29,NULL,NULL,NULL,NULL,NULL,NULL,'2025-08-27 08:05:44','2025-08-27 08:12:03','Việt Nam',25,2,NULL),(316,'Nguyễn Ái','My','2000-06-14','female','aimy1372@gmail.com','0899840019','079300006952','Nguyễn Ái My','079300006952','Aimy1372@gmail.com','333/11A Bến Vân Đồn, Phường Vĩnh Hội, TP.HCM','facebook',NULL,NULL,NULL,NULL,2,NULL,NULL,NULL,NULL,NULL,NULL,'2025-08-27 08:05:44','2025-08-27 08:12:15','Việt Nam',25,2,NULL),(317,'Đào Đức','Thắng','2002-01-13','male','thangdaoduc13@gmail.com','0859261975','001202002407','Đào Đức Thắng','001202002407','thangdaoduc13@gmail.com','254 Ngõ Chợ Khâm Thiên, Phường Văn Miếu - Quốc Tử Giám, Thành Phố Hà Nội','website',NULL,NULL,NULL,NULL,1,NULL,NULL,NULL,NULL,NULL,NULL,'2025-08-27 08:05:44','2025-08-27 08:12:25','Việt Nam',25,1,NULL),(318,'Trần Ngọc Thảo','Trang','1995-04-24','female','trangtran2404@gmail.com','0902707001','079195026338','Trần Ngọc Thảo Trang','079195026338','trangtran2404@gmail.com','71 đường 39 kp5 phường Bình Trưng, Thành Phố Hồ Chí Minh, Việt Nam','website',NULL,NULL,NULL,NULL,2,NULL,NULL,NULL,NULL,NULL,NULL,'2025-08-27 08:05:44','2025-08-27 08:12:54','Việt Nam',25,2,NULL),(319,'Trung Quỳnh','Anh','1990-02-06','female','quynhanhtrung20690@mail.com','0346535890','001190000140','TRUNG QUỲNH ANH','001190000140','quynhanhtrung20690@gmail.com','số 29 ngõ 191 Khương Thượng, phường Kim Liên, thành phố Hà Nội','website',NULL,NULL,NULL,NULL,1,NULL,NULL,NULL,NULL,NULL,NULL,'2025-08-27 08:14:09','2025-08-27 08:16:43','Việt Nam',25,1,NULL),(320,'Nguyễn Phương','Thảo','2003-11-29','female','phuongthao921103@gmail.com','0866072116','022303000759','Nguyễn Phương Thảo','022303000759','phuongthao921103@gmail.com','Số nhà 17, ngõ 53 Thiên Hiền, Mỹ Đình, Nam Từ Liêm, Hà Nội','website',NULL,NULL,NULL,NULL,12,NULL,NULL,NULL,NULL,NULL,NULL,'2025-08-27 08:14:09','2025-08-27 08:17:14','Việt Nam',25,12,NULL),(321,'Bùi Thị Hồng','Ánh','2003-09-09','female','buihonganh09092003@gmail.com','0899254402','031303001566','Bùi Thị Hồng Ánh','031303001566','buihonganh09092003@gmail.com','Số 5A, Trung Hành 6, Đằng Lâm, Hải An, Hải Phòng','website',NULL,NULL,NULL,NULL,3,NULL,NULL,NULL,NULL,NULL,NULL,'2025-08-27 08:14:09','2025-08-27 08:18:13','Việt Nam',25,3,NULL),(322,'Lưu Việt','Toàn','1999-08-06','male','luuviettoan@gmail.com','0367078137','066099018987','Lưu Việt Toàn','066099018987','luuviettoan@gmail.com','Thôn 11 - Xã Ea Wy - Đắk Lắk','website',NULL,NULL,NULL,NULL,28,NULL,NULL,NULL,NULL,NULL,NULL,'2025-08-27 08:14:09','2025-08-27 08:18:57','Việt Nam',25,28,NULL),(323,'Huỳnh Trần Huyền','Trang','1999-10-04','female','Huynhtranhuyentrang0410@gmail.com','0965047743','079199004307','Huỳnh Trần Huyền Trang','079199004307','Huynhtranhuyentrang0410@gmail.com','16 đường 705 ấp Bình Thượng 1, xã Thái Mỹ, Tp Hồ Chí Minh','website',NULL,NULL,NULL,NULL,2,NULL,NULL,NULL,NULL,NULL,NULL,'2025-08-27 08:47:51','2025-08-27 08:48:28','Việt Nam',25,2,NULL),(324,'Thái Thị Mỹ','Hạnh','1992-07-15','female','myhanh157.vcu@gmail.com','0358705291','026192002858','Thái Thị Mỹ Hạnh','026192002858','myhanh157.vcu@gmail.com','Thôn Chung, Ngọc Thanh, Xuân Hoà, Phú Thọ','website',NULL,NULL,NULL,NULL,19,NULL,NULL,NULL,NULL,NULL,NULL,'2025-08-27 08:47:51','2025-08-27 08:48:45','Việt Nam',25,19,NULL),(325,'Hoàng Thu','Minh','2003-11-26','female','Thuminh26112003@gmail.com','0934654732','001303011689','Hoàng Thu Minh','001303011689','Thuminh26112003@gmail.com','24 ngõ 7 Hà Trì 1 Hà Đông Hà Nội','website',NULL,NULL,NULL,NULL,1,NULL,NULL,NULL,NULL,NULL,NULL,'2025-08-27 08:47:51','2025-08-27 08:49:04','Việt Nam',25,1,NULL),(326,'Nguyễn Thị Ánh','Tuyết','2001-03-28','female','nguyenthilanh967@gmail.com','0964287262','034301000064','Nguyễn Thị Ánh Tuyết','034301000064','nguyenthilanh967@gmail.com','Tổ 5, Phường Hoàng Mai, Thành phố Hà Nội','website',NULL,NULL,NULL,NULL,1,NULL,NULL,NULL,NULL,NULL,NULL,'2025-08-27 08:47:51','2025-08-27 08:49:22','Việt Nam',25,21,NULL),(327,'LÊ MAI','HƯƠNG','1991-04-15','female','maihuong15491@gmail.com','0981914591','001191007830','Lê Mai Hương','001191007830','maihuong15491@gmail.com','Thôn Duyên Lãm, xã Quảng Oai, thành phố Hà Nội','website',NULL,NULL,NULL,NULL,1,NULL,NULL,NULL,NULL,NULL,NULL,'2025-08-27 08:47:51','2025-08-27 08:49:41','Việt Nam',25,1,NULL),(328,'Nguyễn Thị','Thảo','1995-04-10','female','nguyenthaohr95@gmail.com','0359195604','031195011331','Nguyễn Thị Thảo','031195011331','nguyenthaohr95@gmail.com','Xã An Lão, Thành phố Hải Phòng','website',NULL,NULL,NULL,NULL,1,NULL,NULL,NULL,NULL,NULL,NULL,'2025-08-27 08:54:36','2025-08-27 08:54:36',NULL,25,3,NULL),(329,'Mai Nhật','Minh','2007-11-17','male','Mainhatminh1711@gmail.com','0086171107','231207005086','Mai Nhật Minh','231207005086','Mainhatminh1711@gmail.com','Nhà 10 dãy c1 ngõ Van Chương 2 Khâm Thiên Đống Đa Hà Nội','website',NULL,NULL,NULL,NULL,1,NULL,NULL,NULL,NULL,NULL,'sai sđt','2025-08-27 08:59:21','2025-08-27 08:59:49','Việt Nam',25,1,NULL),(330,'Hoàng Thị Hương','Giang','2003-11-11','female','Hngthhuonggiang@gmail.com','0899563974','036303014916','Hoàng Thị Hương Giang','036303014916','Hngthhuonggiang@gmail.com','Số 07, ngách 58/80 phố Đại Linh, Trung Văn, Nam Từ Liêm Hà Nội','website',NULL,NULL,NULL,NULL,1,NULL,NULL,NULL,NULL,NULL,NULL,'2025-08-27 08:59:21','2025-08-27 09:00:03','Việt Nam',25,22,NULL),(331,'Trần Thu','Hà','1991-12-18','female','hatranthu.1812@gmail.com','0934514196','001191017333','Trần Thu Hà','001191017333','hatranthu.1812@gmail.com','28 Quán Thánh, phường Ba Đình, Hà Nội','website',NULL,NULL,NULL,NULL,1,NULL,NULL,NULL,NULL,NULL,NULL,'2025-08-27 08:59:21','2025-08-27 09:00:23','Việt Nam',25,1,NULL),(332,'Trần thị','Hoa','1992-10-18','female','Hoatran202433@gmail.com','0962996882','001192017228','Trần thị hoa','001192017228','Hoatran202433@gmail.com','Xã tây phương, Hà Nội','website',NULL,NULL,NULL,NULL,1,NULL,NULL,NULL,NULL,NULL,NULL,'2025-08-27 08:59:21','2025-08-27 09:00:58','Việt Nam',25,1,NULL),(333,'Ngô Thị Thu','Hoài','1988-10-07','female','ngothithuhoai2012@gmail.com','0977315161','026188000967','Công ty cổ phần thương mại và cơ khí NIC','0108335474','longnh.nic@gmail.com','Km15, Quốc Liên Ninh, Thanh Trì, Hà Nội ( Bên trong công ty Phú Cường)','website',NULL,NULL,NULL,NULL,1,NULL,NULL,NULL,NULL,NULL,NULL,'2025-08-27 08:59:21','2025-08-27 09:01:21','Việt Nam',25,19,NULL),(334,'Nguyễn Thị Mỹ','Linh','1997-06-05','female','linhnguyen050697@gmail.com','0942862546','001197012970','Nguyễn Thị Mỹ Linh','001197012970','linhnguyen050697@gmail.com','Số 30, ngách 169/119 đường Hoàng Mai, Phường Hoàng Mai, Hà Nội','website',NULL,NULL,NULL,NULL,1,NULL,NULL,NULL,NULL,NULL,NULL,'2025-08-27 08:59:21','2025-08-27 09:01:50','Việt Nam',25,1,NULL),(335,'Đào Gia','Linh','1998-11-17','female','daogialinh1711@gmail.com','0376876556','001198019620','Trung tâm Tư vấn và Chuyển giao công nghệ Cấp nước và Vệ sinh môi trường','0100962434','Gialinh199812@gmail.com','Ngõ 3 Cầu Bươu, đường Phan Trọng Tuệ, phường Thanh Liệt, tp Hà Nội','website',NULL,NULL,NULL,NULL,1,NULL,NULL,NULL,NULL,NULL,NULL,'2025-08-27 08:59:21','2025-08-27 09:02:10','Việt Nam',25,1,NULL),(336,'Trương Thị Quỳnh','Nga','1998-07-24','female','ngatruong240798@gmail.com','0334541616','038198005554','Trương Thị Quỳnh Nga','038198005554','ngatruong240798@gmail.com','sn100 H4 khu tập thể Bà Triệu, Phường Hà Đông, TP Hà NỘI','website',NULL,NULL,NULL,NULL,1,NULL,NULL,NULL,NULL,NULL,NULL,'2025-08-27 08:59:21','2025-08-27 09:02:27','Việt Nam',25,13,NULL),(337,'Nguyễn Thị Minh','Ngọc','2003-11-15','female','ntmn1511@gmail.com','0362206861','001303010969','Nguyễn Thị Minh Ngọc','001303010969','ntmn1511@gmail.com','Số 47, ngõ 98 Đ. Đặng Phúc Thông, thôn Quy Mông, xã Phù Đổng, TP Hà Nội','website',NULL,NULL,NULL,NULL,1,NULL,NULL,NULL,NULL,NULL,NULL,'2025-08-27 08:59:21','2025-08-27 09:02:54','Việt Nam',25,1,NULL),(338,'Nguyễn Thiên','Niên','2001-11-17','female','thiennien823@gmail.com','0931654976','025301000266','CÔNG TY CỔ PHẦN ĐẦU TƯ VÀ PHÁT TRIỂN ETC','0106752786','tswood@etcgroup.vn','Phòng 3715 Tầng 37 Tòa C5, khu chung cư D’capitale, đường Trần Duy Hưng, Phường Yên Hòa, TP Hà Nội.','website',NULL,NULL,NULL,NULL,1,NULL,NULL,NULL,NULL,NULL,NULL,'2025-08-27 08:59:21','2025-08-27 09:05:14','Việt Nam',25,19,NULL),(339,'Lê Thị','Thảo','1996-07-10','female','Lethithao1007@gmail.com','0969911632','034196003863','Công ty TNHH Thương mại Dịch vụ Kiên Nguyên Phát','0110809273','kiennguyenphat68@gmail.com','Số 10 ngõ 221 Phố Tôn Đức Thắng, Phường Văn Miếu- Quốc Tử Giám, TP Hà Nội','website',NULL,NULL,NULL,NULL,1,NULL,NULL,NULL,NULL,NULL,NULL,'2025-08-27 08:59:21','2025-08-27 09:05:33','Việt Nam',25,21,NULL),(340,'Nguyễn Thị Phương','Thảo','2004-01-10','female','phuongthao100104nd@gmail.com','0358829462','036304008610','Nguyễn Thị Phương Thảo','036304008610','phuongthao100104nd@gmail.com','Số 27 ngõ 50 đường lĩnh nam','website',NULL,NULL,NULL,NULL,1,NULL,NULL,NULL,NULL,NULL,NULL,'2025-08-27 08:59:21','2025-08-27 09:05:54','Việt Nam',25,22,NULL),(341,'VŨ THỊ','THƯƠNG','2003-07-10','female','Vuthithuong13032003@gmail.com','0399039663','034303008165','Vũ Thị Thương','034303008165','Vuthithuong13032003@gmail.com','Số 82, Khu C Viện Kỹ thuật, ngách 93/20 Hoàng Văn Thái, Phương Liệt, Hà Nội','website',NULL,NULL,NULL,NULL,1,NULL,NULL,NULL,NULL,NULL,NULL,'2025-08-27 08:59:21','2025-08-27 09:06:15','Việt Nam',25,21,NULL),(342,'Hoàng Thị','Ngân','1985-06-10','female','hoangngan0606@gmail.com','0988135289','024185001355','Hoàng Thị Ngân','024185001355','hoangngan0606@gmail.com','Việt Yên, Nam Phù, Hà Nội','website',NULL,NULL,NULL,NULL,1,NULL,NULL,NULL,NULL,NULL,NULL,'2025-08-27 08:59:21','2025-08-27 09:09:01','Việt Nam',25,20,NULL),(343,'Đặng Phương','Thảo','2001-12-26','female','dangphuonggthao26@gmail.com','0978241399','001301014514','Đặng Phương Thảo','001301014514','dangphuonggthao26@gmail.com','Thôn 4, Xã Nam Phù, TP Hà Nội','website',NULL,NULL,NULL,NULL,1,NULL,NULL,NULL,NULL,NULL,NULL,'2025-08-27 08:59:21','2025-08-27 09:09:21','Việt Nam',25,1,NULL),(344,'Lê Thị Minh','Yến','2003-04-18','female','leyen18042003@gmail.com','0943622889','001303019382','Lê Thị Minh Yến','001303019382','leyen18042003@gmail.com','Thôn Chợ, Bình Minh, Hà Nội','website',NULL,NULL,NULL,NULL,1,NULL,NULL,NULL,NULL,NULL,NULL,'2025-08-27 08:59:21','2025-08-27 09:09:41','Việt Nam',25,1,NULL),(345,'Nguyễn Văn','Hòa','1987-05-16','male','tuyetanycar@gmail.com','0966356789','033087000216','Công ty TNHH Khách sạn và Dịch vụ Huy Hoàng','0102771844','davidhao1687@gmail.com','số 14 ngõ Thọ Xương, phương Hoàn Kiếm, Hà Nội','website',NULL,NULL,NULL,NULL,1,NULL,NULL,NULL,NULL,NULL,NULL,'2025-08-27 09:38:53','2025-08-27 09:38:53',NULL,25,21,NULL),(376,'Vũ Thùy','Dương','2006-10-22','female','vuthuyduong221006@gmail.com','0353399627','034306010188','Vũ Thùy Dương','034306010188','vuthuyduong221006@gmail.com','Đông Thuỵ Anh - Thái Bình - Hưng Yên','website',NULL,NULL,NULL,NULL,21,NULL,NULL,NULL,NULL,NULL,NULL,'2025-08-28 08:16:12','2025-08-28 08:21:00',NULL,25,21,NULL),(377,'Nguyễn Thị Lệ','Trang','2000-03-11','female','trangnguyen11032000@gmail.com','0348391781','001300013619','Nguyễn Thị Lệ Trang','001300013619','trangnguyen11032000@gmail.com','14, ngõ 34 nguyễn văn trỗi, phường phương liệt, hà nội','website',NULL,NULL,NULL,NULL,1,NULL,NULL,NULL,NULL,NULL,NULL,'2025-08-28 08:16:12','2025-08-28 08:21:00',NULL,25,1,NULL),(378,'Hoàng Thị Xuân','An','1997-03-28','female','hoangan15173@gmail.com','0972515173','001197023409','Hoàng Thị Xuân An','001197023409','hoangan15173@gmail.com','Nơ 23 khu đô thị Pháp Vân Hoàng Mai Hà Nội','website',NULL,NULL,NULL,NULL,1,NULL,NULL,NULL,NULL,NULL,NULL,'2025-08-28 08:16:12','2025-08-28 08:21:00',NULL,25,1,NULL),(379,'Bùi Phương','Anh','2002-12-01','female','panh70758@gmail.com','0398769118','001302011683','Bùi Phương Anh','001302011683','panh70758@gmail.com','Số nhà 37/193 Bồ Đề, Long Biên, Hà Nội','website',NULL,NULL,NULL,NULL,1,NULL,NULL,NULL,NULL,NULL,NULL,'2025-08-28 08:16:12','2025-08-28 08:21:00',NULL,25,1,NULL),(380,'Đỗ Thị Vân','Anh','2002-11-20','female','dothivananh1102@gmail.com','0345992025','001302037195','Đỗ Thị Vân Anh','001302037195','dothivananh1102@gmail.com','Số 20, ngõ 5 Nguyễn Viết Xuân, Hà Đông, Hà Nội','website',NULL,NULL,NULL,NULL,1,NULL,NULL,NULL,NULL,NULL,NULL,'2025-08-28 08:16:12','2025-08-28 08:21:00',NULL,25,1,NULL),(381,'Trần Thị Phương','Anh','1984-05-18','female','kimnuong84@gmail.com','0946180584','027184015859','Trần Thị Phương Anh','027184015859','kimnuong84@gmail.com','18 Láng Hạ, Giảng Võ, Hà Nội','website',NULL,NULL,NULL,NULL,1,NULL,NULL,NULL,NULL,NULL,NULL,'2025-08-28 08:16:12','2025-08-28 08:21:00',NULL,25,20,NULL),(382,'Dương Ngọc','Diệp','2001-06-18','female','diepdnd01@gmail.com','0833310233','001301042523','Dương Ngọc Diệp','001301042523','diepdnd01@gmail.com','Tổ 1 Nguyễn Trãi, phường Hà Giang 1, tỉnh Tuyên Quang','website',NULL,NULL,NULL,NULL,16,NULL,NULL,NULL,NULL,NULL,NULL,'2025-08-28 08:16:12','2025-08-28 08:21:00',NULL,25,1,NULL),(383,'Phạm Thị Quỳnh','Giang','2000-11-03','female','jangpham000311@gmail.com','0336940336','042300004734','Phạm Thị Quỳnh Giang','8787508236','jangpham000311@gmail.com','P. Bắc Hồng Lĩnh - Hà Tĩnh','website',NULL,NULL,NULL,NULL,15,NULL,NULL,NULL,NULL,NULL,NULL,'2025-08-28 08:16:12','2025-08-28 08:21:00',NULL,25,15,NULL),(384,'Trịnh Như','Hoa','2000-08-15','female','hoahoah76@gmail.com','0393568265','025300000757','Trịnh Như Hoa','025300000757','hoahoah76@gmail.com','Số nhà 7A ngách 562/39 Thụy Khuê, quận Tây Hồ, Hà Nội','website',NULL,NULL,NULL,NULL,1,NULL,NULL,NULL,NULL,NULL,NULL,'2025-08-28 08:16:12','2025-08-28 08:21:00',NULL,25,19,NULL),(385,'Nguyễn Thị','Huệ','1972-08-07','female','huent0807@gmail.com','0915478699','017172009088','Nguyễn Thị Huệ','017172009088','huent0807@gmail.com','số 8 ngõ 678 Láng phường Láng Hà Nội','website',NULL,NULL,NULL,NULL,1,NULL,NULL,NULL,NULL,NULL,NULL,'2025-08-28 08:16:12','2025-08-28 08:21:00',NULL,25,19,NULL),(386,'Nguyễn Duy','Hưng','2003-11-13','male','duyhungnguyen1311@gmail.com','0384219003','001203038804','Nguyễn Duy Hưng','001203038804','duyhungnguyen1311@gmail.com','Thôn Xa, Sơn Đồng, Hoài Đức, Hà Nội','website',NULL,NULL,NULL,NULL,1,NULL,NULL,NULL,NULL,NULL,NULL,'2025-08-28 08:16:12','2025-08-28 08:21:00',NULL,25,1,NULL),(387,'Nguyễn Ngọc','Khánh','1997-02-25','male','nngockhanh2502@gmail.com','0973182380','025097000077','Nguyễn Ngọc Khánh','025097000077','nngockhanh2502@gmail.com','18 Trần Hữu Dực, phường Từ Liêm, Hà Nội','website',NULL,NULL,NULL,NULL,1,NULL,NULL,NULL,NULL,NULL,NULL,'2025-08-28 08:16:12','2025-08-28 08:21:00',NULL,25,19,NULL),(388,'Hà Nhật','Linh','1995-08-18','female','hanhatlinhhh@gmail.con','0354890890','001195043696','Hà Nhật Linh','001195043696','hanhatlinhhh@gmail.com','Số 119 Cầu Giấy, phường Cầu Giấy, Hà Nội','website',NULL,NULL,NULL,NULL,1,NULL,NULL,NULL,NULL,NULL,NULL,'2025-08-28 08:16:12','2025-08-28 08:21:00',NULL,25,1,NULL),(389,'Đỗ Thị','Linh','1995-03-28','female','dolinh.ctchem@gmail.com','0363665812','001195004897','Công ty Cổ phần Keo Công nghiệp Việt Nam','2601086069','dolinh.ctchem@gmail.com','Lô CN21-04, Kcn Cẩm Khê, Xã Cẩm Khê, Phú Thọ','website',NULL,NULL,NULL,NULL,1,NULL,NULL,NULL,NULL,NULL,NULL,'2025-08-28 08:16:12','2025-08-28 08:21:00',NULL,25,1,NULL),(390,'Nguyễn Thị Viết','Mỹ','1998-06-18','female','lawyer.vietmy.hn@gmail.com','0385019666','025198012534','Nguyễn Thị Việt Mỹ','025198012534','lawyer.vietmy.hn@gmail.com','số 27 ngõ 141 Nguyễn Khang, Phường Yên Hoà, Hà Nội','website',NULL,NULL,NULL,NULL,1,NULL,NULL,NULL,NULL,NULL,NULL,'2025-08-28 08:16:12','2025-08-28 08:21:00',NULL,25,19,NULL),(391,'Tạ Thị','Nga','1979-09-26','female','tathinga26091979@gmail.com','0916691760','001179042425','Tạ Thị Nga','001179042425',NULL,'cá nhân','website',NULL,NULL,NULL,NULL,1,NULL,NULL,NULL,NULL,NULL,NULL,'2025-08-28 08:16:12','2025-08-28 08:21:00',NULL,25,1,NULL),(392,'Lưu Huỳnh Kim','Ngân','2003-12-23','female','luuhuynhkimngan777@gmail.com','083337734','095303000260','Lưu Huỳnh Kim Ngân','095303000260','luuhuynhkimngan777@gmail.com','141/30a Trần Hòang Na. Hưng Lợi. Ninh Kiều. Cần Thơ','website',NULL,NULL,NULL,NULL,33,NULL,NULL,NULL,NULL,NULL,NULL,'2025-08-28 08:16:12','2025-08-28 08:21:00',NULL,25,33,NULL),(393,'Nguyễn Thị Hồng','Nhung','1979-01-28','female','nhunghn2016@gmail.com','0986742179','040179016424','Nguyễn Thị Hồng Nhung','040179016424','nhunghn2016@gmail.com','CT3 Yên Hòa Park view, số 3 Vũ Phạm Hàm, Phường Yên Hòa, Hà Nội','website',NULL,NULL,NULL,NULL,1,NULL,NULL,NULL,NULL,NULL,NULL,'2025-08-28 08:16:12','2025-08-28 08:21:00',NULL,25,14,NULL),(394,'Nguyễn Thị','Thanh','1999-08-10','female','thanhnguyen10081999@gmail.com','0974122282','033199000796','Nguyễn Thị Thanh','033199000796','thanhnguyen10081999@gmail.com','Đội 1 mão cầu, hồng quang, hưng yên','website',NULL,NULL,NULL,NULL,21,NULL,NULL,NULL,NULL,NULL,NULL,'2025-08-28 08:16:12','2025-08-28 08:21:00',NULL,25,21,NULL),(395,'Pham Thị Phương','Thảo','2003-06-12','female','thao.phamthiphuong2003@gmail.com','0961840334','030303006334','Phạm Thị Phương Thảo','030303006334','thao.phamthiphuong2003@gmail.comq','Số 7 ngõ 592 phố Việt Hoà, khu 1 phường Việt Hoà, tp Hải Phòng','website',NULL,NULL,NULL,NULL,3,NULL,NULL,NULL,NULL,NULL,NULL,'2025-08-28 08:16:12','2025-08-28 08:21:00',NULL,25,3,NULL),(396,'NGUYỄN THỊ THU','THỦY','1993-10-22','female','thuthuy2210.ussh@gmail.com','0981033540','027193010981','CÔNG TY TNHH JULLY TEA','0110877121','jullytea2020.invoice@gmail.com','Số 8 ngách 19 ngõ 167 Phương Mai, phường Kim Liên, Hà Nội','website',NULL,NULL,NULL,NULL,20,NULL,NULL,NULL,NULL,NULL,NULL,'2025-08-28 08:16:12','2025-08-28 08:21:00',NULL,25,20,NULL),(397,'Nguyễn Thị','Trang','1991-03-13','female','trangech133@gmail.com','0988640665','027191001689','Nguyễn Thị Trang','027191001689','trangech133@gmail.com','Tổ 7, Yên Sở, Hoàng Mai, Hà Nội','website',NULL,NULL,NULL,NULL,1,NULL,NULL,NULL,NULL,NULL,NULL,'2025-08-28 08:16:12','2025-08-28 08:21:00',NULL,25,20,NULL),(398,'Tô Thế','Vinh','1998-09-11','male','vinhtothevinh@gmail.com','0765797497','079098011297','Công ty TNHH Tài Phong Long An','1101769964','hoadon.taiphonglongan@gmail.com','Lô I22A, KCN Hải Sơn (GĐ 3+4), Ấp Bình Tiền 2, Xã Đức Hoà, Tỉnh Tây Ninh','website',NULL,NULL,NULL,NULL,2,NULL,NULL,NULL,NULL,NULL,NULL,'2025-08-28 08:16:12','2025-08-28 08:21:00',NULL,NULL,2,NULL),(399,'Lều Quang','Huy','1999-02-25','male','leuquanghuy.job@gmail.com','0395017708','034099003125','Lều Quang Huy','034099003125','leuquanghuy.job@gmail.com','Số 40, Ngách 4, ngõ 2 Đại Từ','website',NULL,NULL,NULL,NULL,1,NULL,NULL,NULL,NULL,NULL,NULL,'2025-08-28 08:16:12','2025-08-28 08:21:00',NULL,25,1,NULL),(400,'Trần Khánh','Linh','2002-09-02','female','linhtk02092002@gmail.com','0817634896','001302019740','Trần Khánh Linh','001302019740','linhtk02092002@gmail.com','Tổ 9, phường Vĩnh Hưng, Thành phố Hà Nội','website',NULL,NULL,NULL,NULL,1,NULL,NULL,NULL,NULL,NULL,NULL,'2025-08-28 08:16:12','2025-08-28 08:21:00',NULL,25,1,NULL),(401,'Nguyễn Thị','Ngọc','2000-02-21','female','ngocnguyen2132000@gmail.com','0979217143','001300011382','Nguyễn Thị Ngọc','001300011382','ngocnguyen2132000@gmail.com','xóm 4, thôn Đông Lao, xã An Khánh, Thành phố Hà Nội','website',NULL,NULL,NULL,NULL,1,NULL,NULL,NULL,NULL,NULL,NULL,'2025-08-28 08:16:12','2025-08-28 08:21:00',NULL,25,1,NULL),(402,'Ngô Phương','Thảo','2003-08-21','female','cybphuongthao@gmail.com','0944873524','015303005868','CÔNG TY TNHH MỘT THÀNH VIÊN VIỆT NAM TINH PHẨM','0318790695','skvnpt21@gmail.com','Lầu 8, Tòa nhà Loyal, Số 151-151 Bis, Đường Võ Thị Sáu, TP Hồ Chí Minh, Việt Nam','website',NULL,NULL,NULL,NULL,1,NULL,NULL,NULL,NULL,NULL,NULL,'2025-08-28 08:16:12','2025-08-28 08:21:00',NULL,47,17,NULL),(403,'Phạm Hải','Yến','2002-02-05','female','haiyenp52@gmail.com','0838579120','001302001069','Phạm Hải Yến','001302001069','haiyenp52@gmail.com','22 ngách 65/77, phố 8/3, phường Bạch Mai, Hà Nội','website',NULL,NULL,NULL,NULL,1,NULL,NULL,NULL,NULL,NULL,NULL,'2025-08-28 08:16:12','2025-08-28 08:21:00',NULL,25,1,NULL),(404,'Trần Thị','Huệ','1972-04-12','female','huett.tx@mbbank.com.vn','0976596266','040172000348','Cơ sở Mầm non Kanguru','8017195513-001','quanghue7@gmail.com.vn','Mầm non Kanguru B2TT3 khu đô thị Văn Quán- Phường Hà Đông- TP Hà Nội','website',NULL,NULL,NULL,NULL,1,NULL,NULL,NULL,NULL,NULL,NULL,'2025-08-28 08:16:12','2025-08-28 08:21:00',NULL,25,14,NULL),(405,'Phạm Phương','Anh','2006-09-18','female','phuonganh.180906@gmail.com','0328282706','001306019103','Phạm Phương Anh','1306019103','phuonganh.180906@gmail.com','Đại Kim building, phố Trần Hòa, phường Định Công, Hà Nội','website',NULL,NULL,NULL,NULL,1,NULL,NULL,NULL,NULL,NULL,NULL,'2025-08-28 08:24:44','2025-08-28 08:24:44',NULL,25,1,NULL),(406,'Lê Bảo','Ngọc','2002-10-16','female','len93572@gmail.com','0904547175','001302032873','CÔNG TY CỔ PHẦN ĐẦU TƯ VÀ PHÁT TRIỂN CÔNG NGHỆ HỒNG QUANG','101845331','ctycphongquang@gmail.com','Số 22 Ngõ 7 Giang Văn Minh, Phường Giảng Võ, Thành phố Hà Nội, Việt Nam.','website',NULL,NULL,NULL,NULL,1,NULL,NULL,NULL,NULL,NULL,NULL,'2025-08-28 08:24:44','2025-08-28 08:24:44',NULL,25,1,NULL),(407,'Trần Thị Lâm','Oanh','1998-01-31','female','tranoanh31.work@gmail.com','0857939825','001198026926','Trần Thị Lâm Oanh','1198026926','tranoanh31.work@gmail.com','7, ngõ 97, Triều Khúc, Phường Thanh Liệt, Thành phố Hà Nội','website',NULL,NULL,NULL,NULL,1,NULL,NULL,NULL,NULL,NULL,NULL,'2025-08-28 08:24:44','2025-08-28 08:24:44',NULL,25,1,NULL),(408,'Vũ Thị','Vân','1984-08-05','female','vantnmt.phc@gmail.com','0984805083','031184025636','công ty cổ phần xây dựng và thương mại nguyên vân','901099890','vantnmtphc@gmail.com','thôn đông cáp cáp xã đoàn đoàn tỉnh hưng yên','website',NULL,NULL,NULL,NULL,21,NULL,NULL,NULL,NULL,NULL,NULL,'2025-08-28 08:24:44','2025-08-28 08:24:44',NULL,25,3,NULL),(409,'Lê Thị','Diệp','2001-02-16','female','lediepdilinh@gmail.com','0708893725','038301029152','Lê Thị Diệp','38301029152','lediepdilinh@gmail.com','106 đường số 8, Tăng Nhơn Phú B','website',NULL,NULL,NULL,NULL,2,NULL,NULL,NULL,NULL,NULL,NULL,'2025-08-28 08:25:50','2025-08-28 08:25:50',NULL,25,13,NULL),(410,'Phạm Thu','Huệ','1993-11-14','female','thuhue93.nc@gmail.com','0981232978','038193046382','Phạm Thu Huệ','38193046382','thuhue93.nc@gmail.com','P522 - Toà D17 - Tổ 5 - Khu Đô thị Đặng Xá - Xã Thuận An- Hà Nội','website',NULL,NULL,NULL,NULL,1,NULL,NULL,NULL,NULL,NULL,NULL,'2025-08-28 08:25:50','2025-08-28 08:25:50',NULL,25,13,NULL),(411,'Nguyễn Khánh','Linh','2000-09-06','female','nguyenkhanhlinh@vietlott.vn','0904020809','001300034274','Công ty TNHH MTV Xổ số Điện toán Việt Nam','105993965','hwalinh@gmail.com','nguyenkhanhlinh@vietlott.vn','website',NULL,NULL,NULL,NULL,1,NULL,NULL,NULL,NULL,NULL,NULL,'2025-08-28 08:25:50','2025-08-28 08:25:50',NULL,25,1,NULL),(412,'Phạm Thị Lệ','Thi','1981-10-03','female','thiphamle310@gmail.com','0988009199','034181000509','Phạm thị lệ thi','34181000509','thiphamle310@gmail.com','18 láng hạ phường giảng võ hà noi','website',NULL,NULL,NULL,NULL,1,NULL,NULL,NULL,NULL,NULL,NULL,'2025-08-28 08:25:50','2025-08-28 08:25:50',NULL,25,21,NULL),(413,'Nguyễn Trường','Khánh','1997-06-06','male','nguyentruongkhanh66@gmail.com','0336981586','022097005451','Nguyễn Trường Khánh','22097005451','nguyentruongkhanh66@gmail.com','48 Lê Văn Lương, Hà Nội','website',NULL,NULL,NULL,NULL,1,NULL,NULL,NULL,NULL,NULL,NULL,'2025-08-28 08:25:50','2025-08-28 08:25:50',NULL,25,12,NULL),(414,'Lữ Thị Thanh','Ngân','2002-09-19','female','nganthanh19909@gmail.com','0337840339','052302003487','Lữ thị thanh ngân','52302003487','nganthanh199902@gmail.com','53 đường số 21 hiệp bình chánh thủ đức','website',NULL,NULL,NULL,NULL,2,NULL,NULL,NULL,NULL,NULL,NULL,'2025-08-28 08:25:50','2025-08-28 08:25:50',NULL,25,25,NULL),(415,'Mai Hà','Phương','2002-05-09','female','mhphuong0905@gmail.com','0858721592','001302006871','Mai Hà Phương','001302006871','mhphuong0905@gmail.com','Park 2 Times City Hoàng Mai Hà Nội','website',NULL,NULL,NULL,NULL,1,NULL,NULL,NULL,NULL,NULL,NULL,'2025-08-28 08:36:12','2025-08-28 08:36:12',NULL,25,1,NULL),(416,'Trương Thị','Nguyệt','1980-07-28','female','truongnguyet280780@gmail.com','0945465090','036180020919','Trương Thị Nguyệt','036180020919','truongnguyet280780@gmail.com','Thôn Hữu Dụng , xã Vũ Dương, tỉnh Ninh Bình',NULL,NULL,NULL,NULL,NULL,22,NULL,NULL,NULL,NULL,NULL,NULL,'2025-08-28 11:08:02','2025-08-28 11:08:02',NULL,25,22,NULL),(417,'Nguyễn Trung','Kiên','1991-03-29','male','nguyentrungkien293@gmail.com','0356522767','001091027411','Nguyễn Trung Kiên','001091027411','nguyentrungkien293@gmail.com','99 chùa láng, phường Láng, thành phố Hà nội',NULL,NULL,NULL,NULL,NULL,1,NULL,NULL,NULL,NULL,NULL,NULL,'2025-08-28 11:08:02','2025-08-28 11:08:02',NULL,25,1,NULL),(418,'Trịnh Thu','Trà','2003-04-23','female','tratrinh0423@gmail.com','0916471748','024303012659','Trịnh Thu Trà','024303012659','tratrinh0423@gmail.com','Thôn Cầu Đá - Xã Kép - Tỉnh Bắc Ninh',NULL,NULL,NULL,NULL,NULL,20,NULL,NULL,NULL,NULL,NULL,NULL,'2025-08-28 11:08:02','2025-08-28 11:08:02',NULL,25,20,NULL),(419,'Mua Thị Hồng','Minh','1977-10-01','female','minhhuypchg23@gmail.com','0962681345','002177001843','Mua Thị Hồng Minh','002177001843','minhhuypchg23@gmail.com','Trường Phổ thông dân tộc nội trú THCS và THPT Đồng Văn',NULL,NULL,NULL,NULL,NULL,16,NULL,NULL,NULL,NULL,NULL,NULL,'2025-08-28 11:08:02','2025-08-28 11:08:02',NULL,20,16,NULL),(420,'Nguyễn Thị','Mộng Hiền','1983-07-20','female','monghien45883@gmail.com','0908745883','075183002507','Nguyễn Thị Mộng Hiền','075183002507','monghien45883@gmail.com','382/15 Hưng Phú, phường Chánh Hưng, TP. HCM',NULL,NULL,NULL,NULL,NULL,2,NULL,NULL,NULL,NULL,NULL,NULL,'2025-08-28 11:08:02','2025-08-28 11:08:02',NULL,25,29,NULL),(421,'Nguyễn Thị','Hiền','1988-07-03','female','hien0703nth@gmail.com','0359273929','033188009377','Nguyễn Thị Hiền','033188009377','hien0703nth@gmail.com','Nguyễn Thị Hiền, UBDN xã Xuân Trúc, tỉnh Hưng Yên',NULL,NULL,NULL,NULL,NULL,21,NULL,NULL,NULL,NULL,NULL,NULL,'2025-08-28 11:08:02','2025-08-28 11:08:02',NULL,25,21,NULL),(422,'Nguyễn Đức','Nam','1981-03-17','male','namnd.bn@hvnh.edu.vn','0984089633','027081006002','Nguyễn Đức Nam','027081006002','namnd.bn@hvnh.edu.vn','159, đường Văn Tiến Dũng, xã Yên Phong, tỉnh Bắc Ninh',NULL,NULL,NULL,NULL,NULL,20,NULL,NULL,NULL,NULL,NULL,NULL,'2025-08-28 11:08:02','2025-08-28 11:08:02',NULL,25,20,NULL),(423,'Phạm Quang','Hưng','1982-10-13','male','quanghungbng@gmail.com','0987371166','026082007447','Phạm Quang Hưng','026082007447','quanghungbng@gmail.com','P1207, Chung cư 34T, đường Hoàng Đạo Thúy, phường Yên Hòa, Hà Nội',NULL,NULL,NULL,NULL,NULL,1,NULL,NULL,NULL,NULL,NULL,NULL,'2025-08-28 11:08:02','2025-09-04 04:11:51',NULL,25,19,NULL),(424,'Phạm Hồng','Hà','1983-09-09','female','phamhaxuanla@gmail.com','0988015188','001183002345','Phạm Hồng Hà','001183002345','phamhaxuanla@gmail.com','Số 70 phố Phú Thượng, phường Phú Thượng, TP Hà Nội',NULL,NULL,NULL,NULL,NULL,1,NULL,NULL,NULL,NULL,NULL,NULL,'2025-08-28 11:08:02','2025-08-28 11:08:02',NULL,25,1,NULL),(425,'Phí Thị Thu','Hằng','1994-10-01','female','phihang1001@gmail.com','0985411994','001194004594','Cá nhân','001194004594','phihang1001@gmail.com',NULL,NULL,NULL,NULL,NULL,NULL,1,NULL,NULL,NULL,NULL,NULL,NULL,'2025-08-28 11:08:02','2025-08-28 11:08:02',NULL,25,1,NULL),(426,'Trần Trung','Hiếu','1998-08-13','male','trantrunghieutk13@gmail.com','0378943268','049098008363','Trần Trung Hiếu','049098008363','trantrunghieutk13@gmail.com','Tổ 6, Ấp Thanh An, Xã Đất Đỏ, Thành phố Hồ Chí Minh',NULL,NULL,NULL,NULL,NULL,2,NULL,NULL,NULL,NULL,NULL,NULL,'2025-08-28 11:08:02','2025-08-28 11:08:02',NULL,25,4,NULL),(427,'Đặng Tố','Uyên','1998-05-14','female','vycat8@gmail.com','0972256655','033198000050','Đặng Tố Uyên','033198000050','vycat8@gmail.com','Toà B westbay ecopark phụng công văn giang hưng yên',NULL,NULL,NULL,NULL,NULL,21,NULL,NULL,NULL,NULL,NULL,NULL,'2025-08-28 11:08:02','2025-08-28 11:08:02',NULL,25,1,NULL),(428,'Trần Việt','Hà','1982-06-01','female','tranvietha82xd@gmail.com','0988766182','027182009056','Trần Việt Hà','027182009056','tranvietha82xd@gmail.com','Số 16, hẻm 6/12/16 Phố Đội Nhân, Phường Ngọc Hà, Thành Phố Hà Nội',NULL,NULL,NULL,NULL,NULL,1,NULL,NULL,NULL,NULL,NULL,NULL,'2025-08-28 11:08:02','2025-08-28 11:08:02',NULL,25,20,NULL),(429,'Phạm Thị Thuỳ','Dung','2002-10-28','female','pttd2002@gmail.com','0337666168','035302000200','Phạm Thị Thuỳ Dung','035302000200','pttd2002@gmail.com','5 Ngách 39/1 Pháo Đài Láng, phường Láng, thành phố Hà Nội',NULL,NULL,NULL,NULL,NULL,1,NULL,NULL,NULL,NULL,NULL,NULL,'2025-08-28 11:08:02','2025-08-28 11:08:02',NULL,25,22,NULL),(430,'Mai Thị Thanh','loan','1986-11-26','female','maithanhloan.cvp@gmail.com','0979936933','001186008305','Mai Thị Thanh Loan','001186008305','maithanhloan.cpv@gmail.com','phòng 212, tầng 1, nhà T2, ngõ 110 Hoàng Quốc Việt, phường Nghĩa Tân, Hà Nội',NULL,NULL,NULL,NULL,NULL,1,NULL,NULL,NULL,NULL,NULL,NULL,'2025-08-28 11:08:02','2025-08-28 11:08:02',NULL,25,1,NULL),(431,'Lê Huy Đức','Ngọc','2001-04-08','male','phimongoc@gmail.com','0965856881','038201000341','Lê Huy Đức Ngọc','038201000341','phimongoc@gmail.com','Số 02 LK 11B phường Hà Đông, Hà Nội',NULL,NULL,NULL,NULL,NULL,1,NULL,NULL,NULL,NULL,NULL,NULL,'2025-08-28 11:08:02','2025-08-28 11:08:02',NULL,25,13,NULL),(432,'Nguyễn Thị Thu','Hài','2003-04-16','female','hai.nguyen thi thu.4650@gmail.com',NULL,'033303003934',NULL,NULL,NULL,NULL,NULL,NULL,NULL,NULL,NULL,NULL,NULL,NULL,NULL,NULL,NULL,NULL,'2025-08-28 11:08:02','2025-08-28 11:08:02',NULL,25,21,NULL),(433,'Đỗ Thanh','Long','1988-02-06','male','long.Đo thanh.5027@gmail.com',NULL,'001088010227',NULL,NULL,NULL,NULL,NULL,NULL,NULL,NULL,NULL,NULL,NULL,NULL,NULL,NULL,NULL,NULL,'2025-08-28 11:08:02','2025-08-28 11:08:02',NULL,25,1,NULL),(434,'Lê Thị','Minh','1990-01-15','female','minh.le thi.3744@gmail.com',NULL,'034190017461',NULL,NULL,NULL,NULL,NULL,NULL,NULL,NULL,NULL,NULL,NULL,NULL,NULL,NULL,NULL,NULL,'2025-08-28 11:08:02','2025-08-28 11:08:02',NULL,25,21,NULL),(435,'Nguyễn Khánh','Phương','1997-03-05','female','phuong.nguyen khanh.2371@gmail.com',NULL,'040197009595',NULL,NULL,NULL,NULL,NULL,NULL,NULL,NULL,NULL,NULL,NULL,NULL,NULL,NULL,NULL,NULL,'2025-08-28 11:08:02','2025-08-28 11:08:02',NULL,25,14,NULL),(436,'Lưu Thúy Quỳnh','Quỳnh','1990-12-25','female','quynh.luu thuy quynh.1486@gmail.com',NULL,'066190006210',NULL,NULL,NULL,NULL,NULL,NULL,NULL,NULL,NULL,NULL,NULL,NULL,NULL,NULL,NULL,NULL,'2025-08-28 11:08:02','2025-08-28 11:08:02',NULL,25,28,NULL),(449,'Trần Thị Thúy','An','1996-09-13','female','an.tran thi thuy.2173@gmail.com',NULL,'025196010402',NULL,NULL,NULL,NULL,NULL,NULL,NULL,NULL,NULL,NULL,NULL,NULL,NULL,NULL,NULL,NULL,'2025-08-28 12:07:39','2025-08-28 12:07:39',NULL,25,19,NULL),(450,'Mai Lâm Hồng','Anh','2000-05-17','female','anh.mai lam hong.7927@gmail.com',NULL,'001300026789',NULL,NULL,NULL,NULL,NULL,NULL,NULL,NULL,NULL,NULL,NULL,NULL,NULL,NULL,NULL,NULL,'2025-08-28 12:07:39','2025-08-28 12:07:39',NULL,25,1,NULL),(451,'Lê Trung','Hiếu','1982-12-01','male','hieu.le trung.9553@gmail.com',NULL,'025082015893',NULL,NULL,NULL,NULL,NULL,NULL,NULL,NULL,NULL,NULL,NULL,NULL,NULL,NULL,NULL,NULL,'2025-08-28 12:07:39','2025-08-28 12:07:39',NULL,25,19,NULL),(452,'Nguyễn Thị Thuý','Hoài','1999-06-05','female','hoai.nguyen thi thuy.6018@gmail.com',NULL,'037199002787',NULL,NULL,NULL,NULL,NULL,NULL,NULL,NULL,NULL,NULL,NULL,NULL,NULL,NULL,NULL,NULL,'2025-08-28 12:07:39','2025-08-28 12:07:39',NULL,25,22,NULL),(453,'Nguyễn Ngọc Đăng','Khoa','1999-06-12','male','khoa.nguyen ngoc Đang.2807@gmail.com',NULL,'079099030522',NULL,NULL,NULL,NULL,NULL,NULL,NULL,NULL,NULL,NULL,NULL,NULL,NULL,NULL,NULL,NULL,'2025-08-28 12:07:39','2025-08-28 12:07:39',NULL,25,NULL,NULL),(454,'Phan Trung','Kiên','1993-02-10','female','kien.phan trung.4334@gmail.com',NULL,'040193000677',NULL,NULL,NULL,NULL,NULL,NULL,NULL,NULL,NULL,NULL,NULL,NULL,NULL,NULL,NULL,NULL,'2025-08-28 12:07:39','2025-08-28 12:07:39',NULL,25,14,NULL),(455,'Nguyễn Thị','Nga','2000-01-06','female','nga.nguyen thi.4926@gmail.com',NULL,'037300000593',NULL,NULL,NULL,NULL,NULL,NULL,NULL,NULL,NULL,NULL,NULL,NULL,NULL,NULL,NULL,NULL,'2025-08-28 12:07:39','2025-08-28 12:07:39',NULL,25,22,NULL),(456,'Lữ Văn','Thắng','1982-10-01','male','thang.lu van.7836@gmail.com',NULL,'026082006558',NULL,NULL,NULL,NULL,NULL,NULL,NULL,NULL,NULL,NULL,NULL,NULL,NULL,NULL,NULL,NULL,'2025-08-28 12:07:39','2025-08-28 12:07:39',NULL,25,19,NULL),(457,'Nguyễn Chí','Thiên','1995-04-21','male','thien.nguyen chi.3656@gmail.com',NULL,'001095042037',NULL,NULL,NULL,NULL,NULL,NULL,NULL,NULL,NULL,NULL,NULL,NULL,NULL,NULL,NULL,NULL,'2025-08-28 12:07:39','2025-08-28 12:07:39',NULL,25,1,NULL),(458,'Nguyễn Thị','Thúy','1993-08-13','female','thuy.nguyen thi.1251@gmail.com',NULL,'026193001299',NULL,NULL,NULL,NULL,NULL,NULL,NULL,NULL,NULL,NULL,NULL,NULL,NULL,NULL,NULL,NULL,'2025-08-28 12:07:39','2025-08-28 12:07:39',NULL,25,19,NULL),(459,'Trịnh Thu','Thủy','1988-08-03','female','thuy.trinh thu.8260@gmail.com',NULL,'001188014914',NULL,NULL,NULL,NULL,NULL,NULL,NULL,NULL,NULL,NULL,NULL,NULL,NULL,NULL,NULL,NULL,'2025-08-28 12:07:39','2025-08-28 12:07:39',NULL,25,1,NULL),(460,'Hà Thị Thu','Uyên','2000-11-01','female','uyen.ha thi thu.2114@gmail.com',NULL,'024300006893',NULL,NULL,NULL,NULL,NULL,NULL,NULL,NULL,NULL,NULL,NULL,NULL,NULL,NULL,NULL,NULL,'2025-08-28 12:07:39','2025-08-28 12:07:39',NULL,25,20,NULL),(557,'Đỗ Doãn Việt','Anh','2005-06-06','male','anh.Đo doan viet.1314@gmail.com',NULL,'001205032848',NULL,NULL,NULL,NULL,NULL,NULL,NULL,NULL,NULL,NULL,NULL,NULL,NULL,NULL,NULL,NULL,'2025-08-29 05:12:31','2025-08-29 05:12:31',NULL,25,1,NULL),(558,'Phạm Thành','Đạt','1997-11-01','male','Đat.pham thanh.7243@gmail.com',NULL,'031097014639',NULL,NULL,NULL,NULL,NULL,NULL,NULL,NULL,NULL,NULL,NULL,NULL,NULL,NULL,NULL,NULL,'2025-08-29 05:12:31','2025-08-29 05:12:31',NULL,25,3,NULL),(559,'Nguyễn Bá','Đức','2000-12-06','male','Đuc.nguyen ba.2701@gmail.com',NULL,'036200000098',NULL,NULL,NULL,NULL,NULL,NULL,NULL,NULL,NULL,NULL,NULL,NULL,NULL,NULL,NULL,NULL,'2025-08-29 05:12:31','2025-08-29 05:12:31',NULL,25,22,NULL),(560,'Nguyễn Thị Thu','Huyền','1975-11-27','female','huyen.nguyen thi thu.9793@gmail.com',NULL,'001175013867',NULL,NULL,NULL,NULL,NULL,NULL,NULL,NULL,NULL,NULL,NULL,NULL,NULL,NULL,NULL,NULL,'2025-08-29 05:12:31','2025-08-29 05:12:31',NULL,25,1,NULL),(561,'Nguyễn Nam','Khánh','2005-07-15','male','khanh.nguyen nam.4653@gmail.com',NULL,'001205055218',NULL,NULL,NULL,NULL,NULL,NULL,NULL,NULL,NULL,NULL,NULL,NULL,NULL,NULL,NULL,NULL,'2025-08-29 05:12:31','2025-08-29 05:12:31',NULL,25,1,NULL),(562,'Phan Bùi','Kiên','1996-05-01','male','kien.phan bui.5159@gmail.com',NULL,'040096012455',NULL,NULL,NULL,NULL,NULL,NULL,NULL,NULL,NULL,NULL,NULL,NULL,NULL,NULL,NULL,NULL,'2025-08-29 05:12:31','2025-08-29 05:12:31',NULL,25,14,NULL),(563,'Vũ Hữu','Kiên','2004-11-19','male','kien.vu huu.8527@gmail.com',NULL,'001204052464',NULL,NULL,NULL,NULL,NULL,NULL,NULL,NULL,NULL,NULL,NULL,NULL,NULL,NULL,NULL,NULL,'2025-08-29 05:12:31','2025-08-29 05:12:31',NULL,25,1,NULL),(564,'Đoàn Thị Thuỳ','Linh','1999-11-06','female','linh.Đoan thi thuy.6223@gmail.com',NULL,'082199000976',NULL,NULL,NULL,NULL,NULL,NULL,NULL,NULL,NULL,NULL,NULL,NULL,NULL,NULL,NULL,NULL,'2025-08-29 05:12:31','2025-08-29 05:12:31',NULL,25,32,NULL),(565,'Nguyễn Thế','Lương','1994-07-07','male','luong.nguyen the.3297@gmail.com',NULL,'040094025233',NULL,NULL,NULL,NULL,NULL,NULL,NULL,NULL,NULL,NULL,NULL,NULL,NULL,NULL,NULL,NULL,'2025-08-29 05:12:31','2025-08-29 05:12:31',NULL,25,14,NULL),(566,'Ngô Đức','Sơn','1996-04-06','male','son.ngo Đuc.5928@gmail.com',NULL,'036096007774',NULL,NULL,NULL,NULL,NULL,NULL,NULL,NULL,NULL,NULL,NULL,NULL,NULL,NULL,NULL,NULL,'2025-08-29 05:12:31','2025-08-29 05:12:31',NULL,25,22,NULL),(567,'Vũ Hữu','Thịnh','1992-06-22','male','thinh.vu huu.3211@gmail.com',NULL,'025092001610',NULL,NULL,NULL,NULL,NULL,NULL,NULL,NULL,NULL,NULL,NULL,NULL,NULL,NULL,NULL,NULL,'2025-08-29 05:12:31','2025-08-29 05:12:31',NULL,25,19,NULL),(568,'Cấn Mạnh','Toàn','1988-08-09','male','toan.can manh.1088@gmail.com',NULL,'001088001694',NULL,NULL,NULL,NULL,NULL,NULL,NULL,NULL,NULL,NULL,NULL,NULL,NULL,NULL,NULL,NULL,'2025-08-29 05:12:31','2025-08-29 05:12:31',NULL,25,1,NULL),(569,'Nguyễn Anh','Tân','1988-03-26','male','tan.nguyen anh.4245@gmail.com',NULL,NULL,NULL,NULL,NULL,NULL,NULL,NULL,NULL,NULL,NULL,NULL,'Văn phòng Thành ủy Đà Nẵng',14,'Kế toán',NULL,NULL,NULL,'2025-08-29 05:39:20','2025-08-29 05:39:20',NULL,NULL,4,NULL),(570,'Hoàng Trúc','Dũng','1975-09-29','male','dung.hoang truc.5559@gmail.com',NULL,NULL,NULL,NULL,NULL,NULL,NULL,NULL,NULL,NULL,NULL,NULL,'Ban Quản lý dự án đầu tư xây dựng các công trình dân dụng và công nghiệp TPHCM',18,'Tài chính kế toán',NULL,NULL,NULL,'2025-08-29 05:39:20','2025-08-29 05:39:20',NULL,NULL,19,NULL),(571,'Cung Chánh','Thiên','1994-04-11','male','thien.cung chanh.8258@gmail.com',NULL,NULL,NULL,NULL,NULL,NULL,NULL,NULL,NULL,NULL,NULL,NULL,'Ban Quản lý dự án đầu tư xây dựng các công trình dân dụng và công nghiệp TPHCM',8,'Tài chính kế toán',NULL,NULL,NULL,'2025-08-29 05:39:20','2025-08-29 05:39:20',NULL,NULL,NULL,NULL),(572,'Đỗ Thị Minh','Thúy','1987-10-10','female','thuy.Đo thi minh.2078@gmail.com',NULL,NULL,NULL,NULL,NULL,NULL,NULL,NULL,NULL,NULL,NULL,NULL,'Ban Quản lý dự án đầu tư xây dựng các công trình dân dụng và công nghiệp TPHCM',16,'Tài chính ngân hàng',NULL,NULL,NULL,'2025-08-29 05:39:20','2025-08-29 05:39:20',NULL,NULL,NULL,NULL),(573,'Phạm Thị','Trang','1990-08-17','female','trang.pham thi.2369@gmail.com',NULL,NULL,NULL,NULL,NULL,NULL,NULL,NULL,NULL,NULL,NULL,NULL,'Ban Quản lý dự án đầu tư xây dựng các công trình dân dụng và công nghiệp TPHCM',12,'Kế toán',NULL,NULL,NULL,'2025-08-29 05:39:20','2025-08-29 05:39:20',NULL,NULL,20,NULL),(574,'Trần Thị','Hiền','1989-10-27','female','hien.tran thi.2251@gmail.com',NULL,NULL,NULL,NULL,NULL,NULL,NULL,NULL,NULL,NULL,NULL,NULL,'Trung tâm nghiên cứu phát triển hạ tầng kỹ thuật',14,'Kế toán',NULL,NULL,NULL,'2025-08-29 05:39:20','2025-08-29 05:39:20',NULL,NULL,NULL,NULL),(575,'Nguyễn Thị Hồng','Tuyết','1993-02-15','female','tuyet.nguyen thi hong.6940@gmail.com',NULL,NULL,NULL,NULL,NULL,NULL,NULL,NULL,NULL,NULL,NULL,NULL,'Trường Đại học Y Hà Nội',10,'Kế toán',NULL,NULL,NULL,'2025-08-29 05:39:20','2025-08-29 05:39:20',NULL,NULL,20,NULL),(576,'Nguyễn Thế','Nam','1983-08-12','male','nam.nguyen the.1536@gmail.com',NULL,NULL,NULL,NULL,NULL,NULL,NULL,NULL,NULL,NULL,NULL,NULL,'Trung tâm Y tế khu vực Sông Lô',15,'Kế toán tổng hợp',NULL,NULL,NULL,'2025-08-29 05:39:20','2025-08-29 05:39:20',NULL,NULL,19,NULL),(577,'Huỳnh Thị Kim','Thủy','1984-07-14','female','thuy.huynh thi kim.9117@gmail.com',NULL,NULL,NULL,NULL,NULL,NULL,NULL,NULL,NULL,NULL,NULL,NULL,'Đảng ủy xã Mỹ An, tỉnh Tây Ninh',19,'Kế toán',NULL,NULL,NULL,'2025-08-29 05:39:20','2025-08-29 05:39:20',NULL,NULL,30,NULL),(578,'Cảnh Thị','Yến','1986-08-30','female','yencanh@gmail.com','0968353799','001186005479','Cảnh Thị Yến','001186005479','yencanh@gmail.com','Xã An Khánh, thành phố Hà Nội','website',NULL,NULL,NULL,NULL,1,'Ban Quản lý đầu tư dự án - Hạ tầng xã Liên Minh',15,'Kế toán',NULL,NULL,NULL,'2025-08-29 05:39:20','2025-09-04 09:42:55',NULL,25,1,NULL),(579,'Nguyễn Thị','Liên','1982-09-04','female','liennt94@gmail.com','0936816766','031182006541','Nguyễn Thị Liên','031182006541','liennt94@gmail.com','4/115 Lãm Hà phường Kiến An thành phố Hải Phòng','website',NULL,NULL,NULL,NULL,3,'Trung tâm nuôi dưỡng bảo trợ xã hội Hải Phòng',15,'Kế toán',NULL,NULL,NULL,'2025-08-29 05:39:20','2025-09-04 09:52:18',NULL,25,3,NULL),(580,'Lê Quang','Hải','1975-01-22','male','leqhai75@gmail.com','0903218889','027075000244','Công ty CP Tập Đoàn Đầu tư Phát triển Phú Hưng','01049552243','leqhai75@gmail.com','19B/12 Phố Lương Khánh Thiện, Phường Tương Mai, TP Hà Nội','friend_referral',NULL,NULL,NULL,NULL,1,'Công ty cổ phần tập đoàn đầu tư phát triển Phú Hưng',22,'Kế toán',NULL,NULL,NULL,'2025-08-29 05:39:20','2025-09-04 09:55:36',NULL,25,20,NULL),(581,'Đặng Thị','Hương','1988-07-15','female','huong.Đang thi.7782@gmail.com',NULL,NULL,NULL,NULL,NULL,NULL,NULL,NULL,NULL,NULL,NULL,NULL,'Trường Đại học Mỏ - Địa chất',15,'Kế toán',NULL,NULL,NULL,'2025-08-29 05:39:20','2025-08-29 05:39:20',NULL,NULL,22,NULL),(582,'Nguyễn Thị','Nhung','1993-12-08','female','Nhungpnq@gmail.com','0359086383','033193006166','Nguyễn Thị Nhung','033193006166','Nhungpnq@gmail.com','Ban quản lý dự án xã Tiên Tiến đình cao phù cừ hưng yên','website',NULL,NULL,NULL,NULL,21,'Ban Quản lý dự án đầu tư xây dựng xã Tiên Tiến',3,'Tài chính - ngân hàng',NULL,NULL,NULL,'2025-08-29 05:39:20','2025-09-04 09:40:46',NULL,25,21,NULL),(583,'Nguyễn Thị','Thu','1990-06-06','female','thu.nguyen thi.9048@gmail.com',NULL,NULL,NULL,NULL,NULL,NULL,NULL,NULL,NULL,NULL,NULL,NULL,'UBND xã Đại Đồng',10,'Kế toán',NULL,NULL,NULL,'2025-08-29 05:39:20','2025-08-29 05:39:20',NULL,NULL,19,NULL),(584,'Nguyễn Huy','Vinh','1978-09-13','male','huyvinh1309@gmail.com','0983685568','001078015105','Nguyễn Huy Vinh','001078015105','huyvinh1309@gmail.com','A12A07 Chung cư 283 Khương trung, phường Khương Đình, Hà Nội','website',NULL,NULL,NULL,NULL,1,'Ban Quản lý dự án đầu tư xây dựng chuyên ngành - Học viên Chính trị quốc gia thành phố Hồ Chí Minh',NULL,'Ngân hàng',NULL,NULL,NULL,'2025-08-29 05:39:20','2025-09-04 09:35:17',NULL,25,1,NULL),(585,'Quách Đức','Thịnh','1977-04-21','male','thinh.quach Đuc.9623@gmail.com',NULL,NULL,NULL,NULL,NULL,NULL,NULL,NULL,NULL,NULL,NULL,NULL,'UBND xã Ngọc Sơn, tỉnh Phú Thọ',17,'Kế toán',NULL,NULL,NULL,'2025-08-29 05:39:20','2025-08-29 05:39:20',NULL,NULL,19,NULL),(586,'Nguyễn Thị Khánh','Ly','1988-08-07','female','ly.nguyen thi khanh.5319@gmail.com',NULL,NULL,NULL,NULL,NULL,NULL,NULL,NULL,NULL,NULL,NULL,NULL,'Ban Quản lý dự án đầu tư xây dựng xã Đoàn Đào',NULL,'Kế toán',NULL,NULL,NULL,'2025-08-29 05:39:20','2025-08-29 05:39:20',NULL,NULL,10,NULL),(587,'Dương Thị Bích','Uyên','1986-05-04','female','uyen.duong thi bich.7100@gmail.com',NULL,NULL,NULL,NULL,NULL,NULL,NULL,NULL,NULL,NULL,NULL,NULL,'Phòng Văn hóa - Xã hội phường Đống Đa',NULL,'Kế toán',NULL,NULL,NULL,'2025-08-29 05:39:20','2025-08-29 05:39:20',NULL,NULL,1,NULL),(588,'Trịnh Bích','Phượng','1984-12-08','female','phuong.trinh bich.9390@gmail.com',NULL,NULL,NULL,NULL,NULL,NULL,NULL,NULL,NULL,NULL,NULL,NULL,'Tạp chí Cộng sản',15,'Kế toán',NULL,NULL,NULL,'2025-08-29 05:39:20','2025-08-29 05:39:20',NULL,NULL,1,NULL),(589,'Bùi Thị','Huyền','1987-01-20','female','huyen.bui thi.2515@gmail.com',NULL,NULL,NULL,NULL,NULL,NULL,NULL,NULL,NULL,NULL,NULL,NULL,'UBND xã Nhân Nghĩa',9,'Kế toán',NULL,NULL,NULL,'2025-08-29 05:39:20','2025-08-29 05:39:20',NULL,NULL,19,NULL),(590,'Ngô Dương','Tuấn','2001-07-29','male','tuanndhgs13102@gmail.com','0946565768','074201007017','VĂN PHÒNG ĐẢNG ỦY PHƯỜNG THỚI HÒA','3703349600','tuanndhgs13102@gmail.com','KP 3A, Phường Thới Hoà, TP. Hồ Chí Minh','website',NULL,NULL,NULL,NULL,2,'Văn phòng Đảng Ủy Phường Thới Hòa',2,'Tài chính - Ngân hàng',NULL,NULL,NULL,'2025-08-29 05:39:20','2025-09-04 09:48:05',NULL,25,2,NULL),(591,'Bùi Thị','Hằng','1986-01-09','female','hang.bui thi.2863@gmail.com',NULL,NULL,NULL,NULL,NULL,NULL,NULL,NULL,NULL,NULL,NULL,NULL,'Ủy ban nhân dân xã Yên Phú',12,'Kế toán',NULL,NULL,NULL,'2025-08-29 05:39:20','2025-08-29 05:39:20',NULL,NULL,19,NULL),(592,'Nguyễn Văn','Hiền','1993-08-15','male','nvh079@gmail.com','0387607667','074093006312','Nguyễn Văn Hiền','074093006312','nvh079@gmail.com','UBND phường Thới Hòa, Khu phố 3A, Phường Thới Hòa, TP Hồ Chí Minh','friend_referral',NULL,NULL,NULL,NULL,2,'Phòng Kinh tế, Hạ tầng và Đô thị Phường Thới Hòa',3,'Tài chính - Ngân hàng',NULL,NULL,NULL,'2025-08-29 05:39:20','2025-09-04 09:46:09',NULL,25,2,NULL),(593,'Nguyễn Thanh','Huyền','1988-08-11','female','Thanhhuyen1108@gmail.com','0984877391','031188005148','Trung tâm Kiểm dịch y tế quốc tế','0200352577','Thanhhuyen1108@gmail.com','Số 2B Thất Khê, Phường Hồng Bàng, Thành phố Hải Phòng','website',NULL,NULL,NULL,NULL,3,'Trung tâm Kiểm dịch Y tế Quốc tế',3,'Kế toán',NULL,NULL,NULL,'2025-08-29 05:39:20','2025-09-04 09:54:11',NULL,25,3,NULL),(594,'Lưu Thị Thu','Hằng','1990-08-29','female','hang.luu thi thu.7438@gmail.com',NULL,NULL,NULL,NULL,NULL,NULL,NULL,NULL,NULL,NULL,NULL,NULL,'Ban Quản lý dự án đầu tư xây dựng xã Tiên Lữ',5,'Tài chính - Ngân hàng',NULL,NULL,NULL,'2025-08-29 05:39:20','2025-08-29 05:39:20',NULL,NULL,21,NULL),(595,'Lê Thị Ngọc','Bích','1988-04-16','female','bich.le thi ngoc.2472@gmail.com',NULL,NULL,NULL,NULL,NULL,NULL,NULL,NULL,NULL,NULL,NULL,NULL,'Cục Hàng không Việt Nam',14,'Kế toán',NULL,NULL,NULL,'2025-08-29 05:39:21','2025-08-29 05:39:21',NULL,NULL,1,NULL),(596,'Đinh Thị Phương','Thảo','1987-10-20','female','thao.Đinh thi phuong.9183@gmail.com',NULL,NULL,NULL,NULL,NULL,NULL,NULL,NULL,NULL,NULL,NULL,NULL,'Trung tâm Nghiên cứu Giáo dục nghề nghiệp - Viện Khoa học Giáo dục Việt Nam',16,'Tài chính - Ngân hàng',NULL,NULL,NULL,'2025-08-29 05:39:21','2025-08-29 05:39:21',NULL,NULL,15,NULL),(597,'Hoàng Thị Thu','Hạnh','1982-07-02','female','hanh.hoang thi thu.1887@gmail.com',NULL,NULL,NULL,NULL,NULL,NULL,NULL,NULL,NULL,NULL,NULL,NULL,'Cục Hàng không Việt Nam',18,'Tài chính - Kế toán',NULL,NULL,NULL,'2025-08-29 05:39:21','2025-08-29 05:39:21',NULL,NULL,1,NULL),(598,'Nguyễn Thị Bình','Minh','1975-12-21','female','minh.nguyen thi binh.1644@gmail.com',NULL,NULL,NULL,NULL,NULL,NULL,NULL,NULL,NULL,NULL,NULL,NULL,'Công đoàn Tổng công ty Hàng không Việt Nam',28,'Ngân hàng','submitted',NULL,NULL,'2025-08-29 06:55:26','2025-09-08 09:48:56',NULL,NULL,1,NULL),(599,'Trịnh Thị Kim','Ngân','1985-06-16','female','kngan1606@gmail.com','0936160685','036185000132','Trịnh Thị Kim Ngân','036185000132','kngan1606@gmail.com','Toà nhà CMC- số 11 Duy Tân- P Cầu Giấy- HN',NULL,NULL,NULL,NULL,NULL,1,'CT Cổ phần Tập đoàn Công nghệ CMC',15,'Kế toán','submitted','bachelor',NULL,'2025-08-29 06:55:26','2025-09-08 08:05:57',NULL,25,22,NULL),(600,'Vũ Quang','Lâm','1993-04-03','male','lamvq.sc@gmail.com','0912268263','231093001054','CÔNG TY CỔ PHẦN TẬP ĐOÀN CÔNG NGHỆ CMC','0100244112','lamvq.sc@gmail.com','CMC Tower, số 11 phố Duy Tân, Phường Cầu Giấy, TP Hà Nội',NULL,NULL,NULL,NULL,NULL,1,'CT TNHH Dịch vụ Kiểm toán và Tư vấn ALF',6,'Kế toán','submitted','bachelor','Liên Bang Nga','2025-08-29 06:55:26','2025-09-08 08:10:00',NULL,25,1,NULL),(602,'Nguyễn Hải','Long','1993-03-05','male','nguyenlongbk52@gmail.com','0378629599','022093000072','Nguyễn Hải Long','022093000072','nguyenlongbk52@gmail.com','Khu 7, Đặc Khu Vân Đồn, Quảng Ninh','website',NULL,NULL,NULL,NULL,12,'CT TNHH thương mại dịch vụ Nhật Minh Vân Đồn',7,'Kế toán','submitted','bachelor',NULL,'2025-08-29 06:55:26','2025-09-08 08:11:20',NULL,25,12,NULL),(603,'Hoàng Thị Thu','Trang','1993-09-06','female','hoangthithutrang06091993@gmail.com','0344845557','022193009154','Hoàng Thị Thu Trang','022193009154','hoangthithutrang06091993@gmail.com','Thôn 4, xã Hạ Long, huyện Vân Đồn, Quảng Ninh','website',NULL,NULL,NULL,NULL,12,'CT Cổ phần Xây dựng và thương mại Đăng Minh',6,'Kế toán','submitted','bachelor',NULL,'2025-08-29 06:55:26','2025-09-08 08:12:31',NULL,25,12,NULL),(604,'Đỗ Thị Thái','Hòa','1987-11-10','female','hoa.Đo thi thai.1717@gmail.com',NULL,NULL,NULL,NULL,NULL,NULL,NULL,NULL,NULL,NULL,NULL,NULL,'CT TNHH Thương mại và XNK Minh Quang',14,'Kế toán','submitted','bachelor',NULL,'2025-08-29 06:55:26','2025-09-10 02:37:23',NULL,NULL,21,NULL),(605,'Nguyễn Thị Thúy','Hằng','1996-04-27','female','Hangshizu@gmail.com','0389746803','037196007325','Nguyễn Thị Thúy Hằng','037196007325','Hangshizu@gmail.com','Thôn Xanh, xã Quỳnh Lưu, tỉnh Ninh Bình','facebook',NULL,NULL,NULL,NULL,1,NULL,NULL,'Kế toán','not_submitted','bachelor',NULL,'2025-08-29 06:55:26','2025-09-10 04:11:07',NULL,25,22,NULL),(606,'Nguyễn Thị Kiều','Trang','1989-05-28','female','trangnk2805@gmail.com','0943278568','015189005520','Nguyễn Thị Kiều Trang','015189005520','trangnk2805@gmai.com','B4.03, Block B, Chung cư Green Valley, Đường Nguyễn Đổng Chi, Phường Tân Mỹ, Thành phố Hồ Chí Minh','website',NULL,NULL,NULL,NULL,2,'CT TNHH Công nghệ tái chế TMC Việt Nam',6,'Tài chính - Ngân hàng','submitted','bachelor',NULL,'2025-08-29 06:55:26','2025-09-08 07:43:46',NULL,25,17,NULL),(607,'Trần Thị','Nga','1990-04-10','female','nga.tran thi.2389@gmail.com',NULL,NULL,NULL,NULL,NULL,NULL,NULL,NULL,NULL,NULL,NULL,NULL,'CT CP Xây dựng thương mại Bảo Huy 3D',8,'Kế toán',NULL,NULL,NULL,'2025-08-29 06:55:26','2025-08-29 06:55:26',NULL,NULL,29,NULL),(608,'Nguyễn Mai','Hương','1976-10-29','female','huong.nguyen mai.1912@gmail.com',NULL,NULL,NULL,NULL,NULL,NULL,NULL,NULL,NULL,NULL,NULL,NULL,'CT TNHH Panasonic Industrial Devices Việt Nam Co.,Ltd',26,'Tài chính-Tín dụng',NULL,NULL,NULL,'2025-08-29 06:55:26','2025-08-29 06:55:26',NULL,NULL,11,NULL),(609,'Lương Thị','Mai','1984-12-01','female','mai.luong thi.5881@gmail.com',NULL,NULL,NULL,NULL,NULL,NULL,NULL,NULL,NULL,NULL,NULL,NULL,'CT TNHH Nội thất Hưng Phát',18,'Kế toán',NULL,NULL,NULL,'2025-08-29 06:55:26','2025-08-29 06:55:26',NULL,NULL,3,NULL),(610,'Nguyễn Thị','Đào','1982-10-20','female','Đao.nguyen thi.4102@gmail.com',NULL,NULL,NULL,NULL,NULL,NULL,NULL,NULL,NULL,NULL,NULL,NULL,'CTCP Tập đoàn Phú Thái',17,'Kế toán','submitted',NULL,NULL,'2025-08-29 06:55:26','2025-09-09 08:04:58',NULL,NULL,13,NULL),(611,'Hoang','Dung',NULL,'female','dung.hoang.2680@gmail.com',NULL,NULL,NULL,NULL,NULL,NULL,NULL,NULL,NULL,NULL,NULL,NULL,NULL,NULL,NULL,NULL,NULL,NULL,'2025-08-29 06:55:26','2025-08-29 06:55:26',NULL,NULL,NULL,NULL),(612,'Nguyễn Thị Thu','Huyền','1989-06-12','female','nguyenhuyen891206@gmail.com','0849498885','038189015522','Quỹ tín dụng nhân dân Quảng Thành','2801896374','qtdquangthanh@gmail.com','02 đại lộ Võ Nguyên Giáp - Quảng Phú - Thanh Hoá - Việt Nam',NULL,NULL,NULL,NULL,NULL,13,'Qũy TDND Quảng Thành-Thanh Hóa',8,'Kế toán','not_submitted','bachelor',NULL,'2025-08-29 06:55:26','2025-09-08 08:14:01',NULL,25,13,NULL),(613,'Hà Thị Thu','Lan','1993-06-27','female','lan.ha thi thu.6226@gmail.com',NULL,NULL,NULL,NULL,NULL,NULL,NULL,NULL,NULL,NULL,NULL,NULL,'CTCP Thương mại và phát triển nhà đẹp An Khánh',9,'Tài chính-Ngân hàng',NULL,NULL,NULL,'2025-08-29 06:55:26','2025-08-29 06:55:26',NULL,NULL,16,NULL),(614,'Hoàng Thị Thu','Hiền',NULL,'female','hien.hoang thi thu.7542@gmail.com',NULL,NULL,NULL,NULL,NULL,NULL,NULL,NULL,NULL,NULL,NULL,NULL,NULL,NULL,NULL,'submitted',NULL,NULL,'2025-08-29 06:55:26','2025-09-08 09:50:27',NULL,NULL,NULL,NULL),(615,'Hoàng Minh','Thắng','1990-07-28','male','hoangminhthang287@gmail.com','0936169629','046090004826','Hoàng Minh Thắng','046090004826','hoangminhthang287@gmail.com','22.01 Block B3, C/cư Era Town, KP2, Phú Mỹ, Q7, TP. HCM','website',NULL,NULL,NULL,NULL,2,'CTCP Tập đoàn Horizon',4,'Kế toán','submitted',NULL,NULL,'2025-08-29 06:55:26','2025-09-10 04:12:14',NULL,NULL,5,NULL),(616,'Đỗ Thanh','Huyền','1990-10-14','female','huyen.Đo thanh.8244@gmail.com',NULL,NULL,NULL,NULL,NULL,NULL,NULL,NULL,NULL,NULL,NULL,NULL,'CTCP thời trang Việt Thắng',11,'Tài chính-Ngân hàng',NULL,NULL,NULL,'2025-08-29 06:55:26','2025-08-29 06:55:26',NULL,NULL,16,NULL),(617,'Nguyễn Huyền','Trân','1982-01-15','female','tran.nguyen huyen.7742@gmail.com',NULL,NULL,NULL,NULL,NULL,NULL,NULL,NULL,NULL,NULL,NULL,NULL,'CT TNHH sản xuất bột mỳ Vimaflour',10,'Kế toán','submitted',NULL,NULL,'2025-08-29 06:55:26','2025-09-08 09:49:45',NULL,NULL,1,NULL),(618,'Nguyễn Thị Yến','Nhi','2002-03-09','female','nhi.nguyendfbt13@gmail.com','0929598259','074302002154','Nguyễn Thị Yến Nhi','074302002154','nhi.nguyendfbt13@gmail.com','758 Phan Đăng Lưu, (số nhà 29/23), tổ 23, khu phố 3, phường Phú An, thành phố Hồ Chí Minh','website',NULL,NULL,NULL,NULL,2,NULL,NULL,NULL,NULL,NULL,NULL,'2025-08-30 05:55:39','2025-08-30 05:55:39',NULL,25,2,NULL),(619,'Nguyễn Việt','Quân','1994-07-28','male','quan.nguyen28794@gmail.com','0967273871','001094024507','Nguyễn Việt Quân','001094024507','quan.nguyen28794@gmail.com','Số 11, ngõ 212, phố Hồng Mai, phường Bạch Mai, TP HN',NULL,NULL,NULL,NULL,NULL,1,NULL,NULL,NULL,NULL,NULL,NULL,'2025-08-31 04:15:14','2025-09-08 07:33:11',NULL,25,1,NULL),(620,'Thùy','Dung',NULL,'female',NULL,NULL,NULL,NULL,NULL,NULL,NULL,NULL,NULL,NULL,NULL,NULL,NULL,NULL,NULL,NULL,NULL,NULL,NULL,'2025-08-31 04:27:42','2025-08-31 04:27:42',NULL,NULL,NULL,NULL),(621,'Bùi Thị Phương','Anh','1996-07-07','female','anh.bui thi phuong.4733@gmail.com',NULL,NULL,NULL,NULL,NULL,NULL,NULL,NULL,NULL,NULL,NULL,NULL,'CTCP Giải pháp công nghệ Việt Nam',6,'Kế toán','not_submitted',NULL,NULL,'2025-09-02 13:21:57','2025-09-02 13:21:57',NULL,NULL,10,NULL),(622,'Nguyễn Thị Vân','Anh','1997-05-06','female','anh.nguyen thi van.7005@gmail.com',NULL,NULL,NULL,NULL,NULL,NULL,NULL,NULL,NULL,NULL,NULL,NULL,'CT TNHH Kiểm toán Deloitte Việt Nam',6,'Kế toán','not_submitted',NULL,NULL,'2025-09-02 13:21:57','2025-09-02 13:21:57',NULL,NULL,22,NULL),(623,'Phạm Phương','Anh','1988-10-17','female','anh.pham phuong.3235@gmail.com',NULL,NULL,NULL,NULL,NULL,NULL,NULL,NULL,NULL,NULL,NULL,NULL,'CT TNHH Solve Asia (Việt Nam)',12,'Tài chính ngân hàng','not_submitted',NULL,NULL,'2025-09-02 13:21:57','2025-09-02 13:21:57',NULL,NULL,3,NULL),(624,'Nguyễn Vân','Ánh','1997-12-24','female','Ánh.nguyen van.2275@gmail.com',NULL,NULL,NULL,NULL,NULL,NULL,NULL,NULL,NULL,NULL,NULL,NULL,'CT TNHH Kiến trúc xây dựng & thương mại AASD',5,'Kế toán','not_submitted','master',NULL,'2025-09-02 13:21:57','2025-09-02 13:21:57',NULL,NULL,NULL,NULL),(625,'Lê Thị','Châm','1997-12-11','female','cham.le thi.8833@gmail.com',NULL,NULL,NULL,NULL,NULL,NULL,NULL,NULL,NULL,NULL,NULL,NULL,'Bưu điện trung tâm Đông Anh',5,'Tài chính ngân hàng','not_submitted',NULL,NULL,'2025-09-02 13:21:57','2025-09-02 13:21:57',NULL,NULL,1,NULL),(626,'Nguyễn Thị','Định','1999-09-15','female','Đinh.nguyen thi.8566@gmail.com',NULL,NULL,NULL,NULL,NULL,NULL,NULL,NULL,NULL,NULL,NULL,NULL,'CTCP Xã hội Hỗ trợ Phụ nữ Khởi Nghiệp và Kinh doanh',4,'Kế toán','not_submitted',NULL,NULL,'2025-09-02 13:21:57','2025-09-02 13:21:57',NULL,NULL,1,NULL),(627,'Hoàng Thị','Dung','1997-03-26','female','dung.hoang thi.3556@gmail.com',NULL,NULL,NULL,NULL,NULL,NULL,NULL,NULL,NULL,NULL,NULL,NULL,'CT TNHH Winstar Global Logistics Việt Nam',6,'Kế toán','not_submitted',NULL,NULL,'2025-09-02 13:21:57','2025-09-02 13:21:57',NULL,NULL,10,NULL),(628,'Mai Anh','Dũng','1974-12-20','male','dung.mai anh.2581@gmail.com',NULL,NULL,NULL,NULL,NULL,NULL,NULL,NULL,NULL,NULL,NULL,NULL,'CT TNHH MTV Xây dựng Bảo Việt - Tập đoàn Bảo Việt',25,'Tài chính - Tín dụng','not_submitted',NULL,NULL,'2025-09-02 13:21:57','2025-09-02 13:21:57',NULL,NULL,NULL,NULL),(629,'Đỗ Thị Thu','Hằng','1996-11-15','female','hang.Đo thi thu.4576@gmail.com',NULL,NULL,NULL,NULL,NULL,NULL,NULL,NULL,NULL,NULL,NULL,NULL,'CTCP Vinares Việt Nam',5,'Kế toán','not_submitted',NULL,NULL,'2025-09-02 13:21:57','2025-09-02 13:21:57',NULL,NULL,21,NULL),(630,'Nguyễn Thị','Hảo','1992-12-14','female','hao.nguyen thi.6355@gmail.com',NULL,NULL,NULL,NULL,NULL,NULL,NULL,NULL,NULL,NULL,NULL,NULL,'CT TNHH Mektec Manufacturing (Việt Nam)',9,'Kế toán','not_submitted',NULL,NULL,'2025-09-02 13:21:57','2025-09-02 13:21:57',NULL,NULL,NULL,NULL),(631,'Đỗ Thị','Hương','1990-04-05','female','huong.Đo thi.1066@gmail.com',NULL,NULL,NULL,NULL,NULL,NULL,NULL,NULL,NULL,NULL,NULL,NULL,'CT TNHH Prenofa Việt Nam',11,'Kế toán','not_submitted',NULL,NULL,'2025-09-02 13:21:57','2025-09-02 13:21:57',NULL,NULL,3,NULL),(632,'Hoàng Thị Thanh','Hương','1977-08-29','female','huong.hoang thi thanh.6092@gmail.com',NULL,NULL,NULL,NULL,NULL,NULL,NULL,NULL,NULL,NULL,NULL,NULL,'Bưu điện trung tâm Đông Anh',26,'Tài chính ngân hàng','not_submitted',NULL,NULL,'2025-09-02 13:21:57','2025-09-02 13:21:57',NULL,NULL,1,NULL),(633,'Võ Thu','Hương','1987-01-10','female','huong.vo thu.3150@gmail.com',NULL,NULL,NULL,NULL,NULL,NULL,NULL,NULL,NULL,NULL,NULL,NULL,'CT TNHH IDS Medical System Việt Nam',15,'Kế toán','not_submitted',NULL,NULL,'2025-09-02 13:21:57','2025-09-02 13:21:57',NULL,NULL,1,NULL),(634,'Nguyễn Thanh','Huyền','1990-09-04','female','huyen.nguyen thanh.7775@gmail.com',NULL,NULL,NULL,NULL,NULL,NULL,NULL,NULL,NULL,NULL,NULL,NULL,'CTCP phát triển truyền thông - truyền hình',3,'Thương mại tài chính quốc tế','not_submitted','master',NULL,'2025-09-02 13:21:57','2025-09-02 13:21:57',NULL,NULL,1,NULL),(635,'Lê Thị Thùy','Linh','1998-06-08','female','linh.le thi thuy.9146@gmail.com',NULL,NULL,NULL,NULL,NULL,NULL,NULL,NULL,NULL,NULL,NULL,NULL,'CTCP gạch Long Thành',3,'TC-NH','not_submitted',NULL,NULL,'2025-09-02 13:21:57','2025-09-02 13:21:57',NULL,NULL,NULL,NULL),(636,'Nguyễn Thị Thùy','Linh','1993-10-02','female','linh.nguyen thi thuy.1440@gmail.com',NULL,NULL,NULL,NULL,NULL,NULL,NULL,NULL,NULL,NULL,NULL,NULL,'CTCP Tư vấn thiết kế đầu tư và xây dựng Bình Minh',10,'Kế toán','not_submitted',NULL,NULL,'2025-09-02 13:21:57','2025-09-02 13:21:57',NULL,NULL,21,NULL),(637,'Phạm Thị','Long','2001-02-14','female','long.pham thi.4991@gmail.com',NULL,NULL,NULL,NULL,NULL,NULL,NULL,NULL,NULL,NULL,NULL,NULL,'CT TNHH Wedo forwarding',2,'Kế toán','not_submitted',NULL,NULL,'2025-09-02 13:21:57','2025-09-02 13:21:57',NULL,NULL,13,NULL),(638,'Nguyễn Khánh','Ly','2001-08-26','female','ly.nguyen khanh.3455@gmail.com',NULL,NULL,NULL,NULL,NULL,NULL,NULL,NULL,NULL,NULL,NULL,NULL,'CT TNHH Xây dựng và Thương mại Penta C&T',3,'Kế toán','not_submitted',NULL,NULL,'2025-09-02 13:21:57','2025-09-02 13:21:57',NULL,NULL,22,NULL),(639,'Nguyễn Khánh','Ly','1999-02-11','female','ly.nguyen khanh.4290@gmail.com',NULL,NULL,NULL,NULL,NULL,NULL,NULL,NULL,NULL,NULL,NULL,NULL,'CTCP Vinares Việt Nam',4,'Tài chính ngân hàng','not_submitted',NULL,NULL,'2025-09-02 13:21:57','2025-09-02 13:21:57',NULL,NULL,1,NULL),(640,'Nguyễn Ngọc','Mỹ','1989-11-10','female','my.nguyen ngoc.7888@gmail.com',NULL,NULL,NULL,NULL,NULL,NULL,NULL,NULL,NULL,NULL,NULL,NULL,'CT TNHH Quốc tế ECO',14,'Kế toán','not_submitted',NULL,NULL,'2025-09-02 13:21:57','2025-09-02 13:21:57',NULL,NULL,NULL,NULL),(641,'Trương Thị','Ngân','1993-04-16','female','ngan.truong thi.8530@gmail.com',NULL,NULL,NULL,NULL,NULL,NULL,NULL,NULL,NULL,NULL,NULL,NULL,'CT TNHH Boyd Việt Nam',8,'TC- NH','not_submitted',NULL,NULL,'2025-09-02 13:21:57','2025-09-02 13:21:57',NULL,NULL,20,NULL),(642,'Nguyễn Thị Bích','Ngoan','1991-02-11','female','ngoan.nguyen thi bich.6560@gmail.com',NULL,NULL,NULL,NULL,NULL,NULL,NULL,NULL,NULL,NULL,NULL,NULL,'CTCP Thuốc Thú Y Châu Giang Việt Nam',11,'Kế toán','not_submitted',NULL,NULL,'2025-09-02 13:21:57','2025-09-02 13:21:57',NULL,NULL,21,NULL),(643,'Vũ Thị Hồng','Nhung','1981-06-14','female','nhung.vu thi hong.3184@gmail.com',NULL,NULL,NULL,NULL,NULL,NULL,NULL,NULL,NULL,NULL,NULL,NULL,'CTCP tập đoàn TNT',18,'Tài chính ngân hàng','not_submitted',NULL,NULL,'2025-09-02 13:21:57','2025-09-02 13:21:57',NULL,NULL,21,NULL),(644,'Phạm Lê Ngọc','Phương','1995-08-12','female','phuong.pham le ngoc.3658@gmail.com',NULL,NULL,NULL,NULL,NULL,NULL,NULL,NULL,NULL,NULL,NULL,NULL,'CT TNHH TSM HN VINA',4,'Kế toán','not_submitted',NULL,NULL,'2025-09-02 13:21:57','2025-09-02 13:21:57',NULL,NULL,12,NULL),(645,'Nguyễn Thị','Sinh','1988-09-24','female','sinh.nguyen thi.4641@gmail.com',NULL,NULL,NULL,NULL,NULL,NULL,NULL,NULL,NULL,NULL,NULL,NULL,'CTCP kho vận thông minh SKS',10,'Kế toán','not_submitted',NULL,NULL,'2025-09-02 13:21:57','2025-09-02 13:21:57',NULL,NULL,NULL,NULL),(646,'Lê Thị Quỳnh','Thanh','1998-03-10','female','thanh.le thi quynh.8567@gmail.com',NULL,NULL,NULL,NULL,NULL,NULL,NULL,NULL,NULL,NULL,NULL,NULL,'CTCP Vận tải quốc tế Protraco',5,'TC- NH','not_submitted',NULL,NULL,'2025-09-02 13:21:57','2025-09-02 13:21:57',NULL,NULL,21,NULL),(647,'Bùi Duy','Thiêm','1992-12-22','male','thiem.bui duy.8452@gmail.com',NULL,NULL,NULL,NULL,NULL,NULL,NULL,NULL,NULL,NULL,NULL,NULL,'CTCP Viglacera Thái Nguyên',10,'Kế toán','not_submitted',NULL,NULL,'2025-09-02 13:21:57','2025-09-02 13:21:57',NULL,NULL,NULL,NULL),(648,'Bùi Thị Diệu','Thúy','1993-12-05','female','thuy.bui thi dieu.8494@gmail.com',NULL,NULL,NULL,NULL,NULL,NULL,NULL,NULL,NULL,NULL,NULL,NULL,'CTCP Kỹ thuật CKM Việt Nam',8,'Kế toán','not_submitted',NULL,NULL,'2025-09-02 13:21:57','2025-09-02 13:21:57',NULL,NULL,1,NULL),(649,'Trần Thị Thủy','Tiên','1999-10-07','female','tien.tran thi thuy.1766@gmail.com',NULL,NULL,NULL,NULL,NULL,NULL,NULL,NULL,NULL,NULL,NULL,NULL,'CTCP Đồng Thuận',3,'Kế toán','not_submitted',NULL,NULL,'2025-09-02 13:21:57','2025-09-02 13:21:57',NULL,NULL,NULL,NULL),(650,'Lê Thị Thùy','Trang','2000-07-11','female','trang.le thi thuy.1202@gmail.com',NULL,NULL,NULL,NULL,NULL,NULL,NULL,NULL,NULL,NULL,NULL,NULL,'CTCP Đồng Thuận',4,'Kế toán','not_submitted','associate',NULL,'2025-09-02 13:21:57','2025-09-02 13:21:57',NULL,NULL,NULL,NULL),(651,'Phạm Thu','Trang','2001-02-11','female','trang.pham thu.8434@gmail.com',NULL,NULL,NULL,NULL,NULL,NULL,NULL,NULL,NULL,NULL,NULL,NULL,'CTCP Shingi Việt Nam',2,'Kế toán','not_submitted',NULL,NULL,'2025-09-02 13:21:57','2025-09-02 13:21:57',NULL,NULL,21,NULL),(652,'Nguyễn Ngọc','Uyển','1995-04-29','female','uyen.nguyen ngoc.8834@gmail.com',NULL,NULL,NULL,NULL,NULL,NULL,NULL,NULL,NULL,NULL,NULL,NULL,'CTCP Vận tải quốc tế Protraco',4,'Kế toán','not_submitted',NULL,NULL,'2025-09-02 13:21:57','2025-09-02 13:21:57',NULL,NULL,1,NULL),(653,'Kim Sung','Joo','1972-08-20','male','daniel@kenlogis.vn','0909745001','59529855',NULL,'M59529855',NULL,NULL,NULL,NULL,NULL,NULL,NULL,NULL,'KEN Logistics',NULL,NULL,NULL,NULL,NULL,'2025-09-03 03:22:48','2025-09-03 03:22:48',NULL,NULL,NULL,NULL),(654,'Kim Hyung','IL','1975-10-01','male','cuteddagi@naver.com','0936023500','5826534',NULL,'M582Y6534',NULL,NULL,NULL,NULL,NULL,NULL,NULL,NULL,'Woori Bank General Director',NULL,NULL,NULL,NULL,NULL,'2025-09-03 03:22:48','2025-09-03 03:22:48',NULL,NULL,NULL,NULL),(655,'Lee Sang','Min','1988-03-28','male','sang12e@gmail.com','0936169866','8814137',NULL,'M881Q4137',NULL,NULL,NULL,NULL,NULL,NULL,NULL,NULL,'HI global Logistics',NULL,NULL,NULL,NULL,NULL,'2025-09-03 03:22:48','2025-09-03 03:22:48',NULL,NULL,NULL,NULL),(656,'Lee','Geon','1969-08-02','male','kovifa@naver.com','0903230393','95867648',NULL,'M95867648',NULL,NULL,NULL,NULL,NULL,NULL,NULL,NULL,'Shinwall Int\'l',NULL,NULL,NULL,NULL,NULL,'2025-09-03 03:22:48','2025-09-03 03:22:48',NULL,NULL,NULL,NULL),(657,'Kim Kyoung','Dong','1988-07-15','male','0715kimkd@naver.com','0869904315','1452629',NULL,'M145U2629',NULL,NULL,NULL,NULL,NULL,NULL,NULL,NULL,'Taewon Sol Tech VINA',NULL,NULL,NULL,NULL,'Không sử dụng zalo. Theo dõi sát sao qua gmail.','2025-09-03 03:22:48','2025-09-03 03:22:48',NULL,NULL,NULL,NULL),(658,'Lee Dong','Hyeon','1968-09-29','male','okayrich@hanmail.net','0982025506','97790933',NULL,'M97790933',NULL,NULL,NULL,NULL,NULL,NULL,NULL,NULL,'Samwoo Construction VINA Co.',NULL,NULL,NULL,NULL,NULL,'2025-09-03 03:22:48','2025-09-03 03:22:48',NULL,NULL,NULL,NULL),(659,'Kim Jang','Ho','1960-08-07','male','ho.kim jang.5430@gmail.com','0989151577',NULL,NULL,NULL,NULL,NULL,NULL,NULL,NULL,NULL,NULL,NULL,'Dong Yang Co.',NULL,NULL,NULL,NULL,NULL,'2025-09-03 03:22:48','2025-09-03 03:22:48',NULL,NULL,NULL,NULL),(660,'Kim Gyeng','Chul','1960-03-04','male','gckim1004@gmail.com','0962224812',NULL,NULL,NULL,NULL,NULL,NULL,NULL,NULL,NULL,NULL,NULL,'CEO of Vina Tech',NULL,NULL,NULL,NULL,NULL,'2025-09-03 03:22:48','2025-09-03 03:22:48',NULL,NULL,NULL,NULL),(661,'Hahm Ju','Yeon','1980-03-26','female','atodos@kiat.or.kr','0355453943','9784511',NULL,'M978C4511',NULL,NULL,NULL,NULL,NULL,NULL,NULL,NULL,'KIAT Chief Repersentative of Hanoi Center',NULL,NULL,NULL,NULL,NULL,'2025-09-03 03:22:48','2025-09-03 03:22:48',NULL,NULL,NULL,NULL),(662,'Lee Sang','Wook','1973-11-03','male','jleetour@gmail.com','0915877375','0980166','Very Good Plastic Surgery','0111046313','jleetour@gmail.com','So 43, Pho Tham Tam, Yen Hoa, Cau Giay, Hanoi',NULL,NULL,NULL,NULL,NULL,NULL,'Very Good Plastic Surgery, Jlee Foreigsn Center',NULL,NULL,NULL,NULL,'Passport: M098V0166','2025-09-03 03:22:48','2025-09-04 03:57:48',NULL,NULL,NULL,NULL),(663,'No Young','Lim','1967-07-15','female','dsfamily0715@gmail.com','0386047261','97047059',NULL,'M97047059',NULL,NULL,NULL,NULL,NULL,NULL,NULL,NULL,'Han Quoc Guan 1, 2',NULL,NULL,NULL,NULL,NULL,'2025-09-03 03:22:48','2025-09-03 03:22:48',NULL,NULL,NULL,NULL),(664,'Jung So','Yun','1981-12-07','female','kyawjung13@gmail.com','0822640240','81009730',NULL,'M81009730',NULL,NULL,NULL,NULL,NULL,NULL,NULL,NULL,'Xinchao Science Edu. VN',NULL,NULL,NULL,NULL,NULL,'2025-09-03 03:22:48','2025-09-03 03:22:48',NULL,NULL,NULL,NULL),(665,'Park Chan','Sun','1967-01-15','female','pcsun2618@hanmail.net','0383371234','4235137',NULL,'M423B5137',NULL,NULL,NULL,NULL,NULL,NULL,NULL,NULL,'G&C Energy Vina., JSC',NULL,NULL,NULL,NULL,NULL,'2025-09-03 03:22:48','2025-09-03 03:22:48',NULL,NULL,NULL,NULL),(666,'Min Yong','Ok','1977-11-06','female','minyok2817@gmail.com','0328602817','9526513','KMALL','025186007000','kmall.cash@gmail.com','110-tt3 Duong Tran Van Lai, Phuong Tu Liem, Thanh Pho Ha Noi',NULL,NULL,NULL,NULL,NULL,NULL,'Jung Gwan Jang',NULL,NULL,NULL,NULL,'Passport M9526513','2025-09-03 03:22:48','2025-09-04 03:55:00',NULL,NULL,NULL,NULL),(667,'Hyungsu','Kim','1989-10-15','male','kim.hyungsu.4791@gmail.com','0936892728',NULL,NULL,NULL,NULL,NULL,NULL,NULL,NULL,NULL,NULL,NULL,'Dongsung Tech Co. LTD',NULL,NULL,NULL,NULL,'Không sử dụng zalo. Theo dõi sát sao qua gmail.','2025-09-03 03:22:48','2025-09-03 03:22:48',NULL,NULL,NULL,NULL),(668,'Chang','Eunsook','1961-01-14','female','chang.es@hanaenc.vn','0837628264','2090023',NULL,'M209V0023',NULL,NULL,NULL,NULL,NULL,NULL,NULL,NULL,'Hana Construction Co. /Chair. of Korean Association',NULL,NULL,NULL,NULL,NULL,'2025-09-03 03:22:48','2025-09-03 03:22:48',NULL,NULL,NULL,NULL),(669,'Nguyễn Huy','Toàn','1989-12-03','male','toannh@hblab.vn','0347970314','027089008667',NULL,NULL,NULL,NULL,NULL,NULL,NULL,NULL,NULL,NULL,'President of HBL',NULL,NULL,NULL,NULL,NULL,'2025-09-03 03:22:48','2025-09-03 03:22:48',NULL,NULL,NULL,NULL),(670,'Nguyễn Đức','Thịnh','1991-11-15','male','thinhnd1@hblab.vn','0376991111','035091006159',NULL,NULL,NULL,NULL,NULL,NULL,NULL,NULL,NULL,NULL,'HBL Chief of Korean Center',NULL,NULL,NULL,NULL,NULL,'2025-09-03 03:22:48','2025-09-03 03:22:48',NULL,NULL,NULL,NULL),(671,'Nguyễn Thị Thùy','Linh','1990-05-21','female','likam2105@gmail.com','0388383789','026190000635',NULL,NULL,NULL,NULL,NULL,NULL,NULL,NULL,NULL,NULL,'Dulicoo Global Investment & Dev. co. LTD.',NULL,NULL,NULL,NULL,NULL,'2025-09-03 03:22:48','2025-09-03 03:22:48',NULL,NULL,NULL,NULL),(672,'Mạc Thị Kim','Chi','1992-04-09','female','macchi.uhl@gmail.com','0888166592','022192003026','Mạc Thị Kim Chi','022192003026','macchi.uhl@gmail.com','Căn B2-17, khu ĐT Vinhome Gardenia, đường Hàm Nghi, phường Cầu Diễn, Quận Nam Từ Liêm, Tp Hà Nội',NULL,NULL,NULL,NULL,NULL,NULL,'Văn phòng đại diện Futurenuri, Inc.',NULL,NULL,NULL,NULL,NULL,'2025-09-03 03:22:48','2025-09-04 03:59:49',NULL,NULL,NULL,NULL),(673,'Cấn Anh','Tuấn','1975-03-14','male','cananhtuan@neu.edu.vn','0913366736','027075016988',NULL,NULL,NULL,NULL,NULL,NULL,NULL,NULL,NULL,NULL,'Trung tâm Đào tạo Liên tục - Đại học Kinh tế Quốc dân',NULL,NULL,NULL,NULL,NULL,'2025-09-03 03:22:48','2025-09-03 03:22:48',NULL,NULL,NULL,NULL),(674,'Vũ Hoàng Mai','Linh','1991-10-09','female','vhmailinh.2014@gmail.com','0966911518','001191001957',NULL,NULL,NULL,NULL,NULL,NULL,NULL,NULL,NULL,NULL,'Phiên dịch viên',NULL,NULL,NULL,NULL,NULL,'2025-09-03 03:22:48','2025-09-03 03:22:48',NULL,NULL,NULL,NULL),(675,'Cát Toàn','Luân','1988-08-06','male','luan.ct@shb.com.vn','0964796888','037088004707',NULL,NULL,NULL,NULL,NULL,NULL,NULL,NULL,NULL,NULL,'Ngân hàng Thương mại cổ phần Sài Gòn – Hà Nội',NULL,NULL,NULL,NULL,NULL,'2025-09-03 03:22:48','2025-09-03 03:22:48',NULL,NULL,NULL,NULL),(676,'Nguyễn Văn','Hoàng',NULL,'male','hoang.nguyen van.4015@gmail.com','0354166689',NULL,NULL,NULL,NULL,NULL,NULL,NULL,NULL,NULL,NULL,NULL,'CEO về Công nghệ thông tin',NULL,NULL,NULL,NULL,NULL,'2025-09-03 03:22:48','2025-09-03 03:22:48',NULL,NULL,NULL,NULL),(677,'Nguyễn Thị Thu','Hà','1972-06-07','female','hantt@agribank.com.vn','0989993486','025172000393',NULL,NULL,NULL,NULL,NULL,NULL,NULL,NULL,NULL,NULL,'Giám đốc Trường Đào tạo Cán bộ Agribank',NULL,NULL,NULL,NULL,NULL,'2025-09-03 03:22:48','2025-09-03 03:22:48',NULL,NULL,NULL,NULL),(678,'Nguyễn Thị Minh','Hạnh','1976-07-17','female','hanh.nguyen thi minh.5656@gmail.com','0989057276','001176006841',NULL,NULL,NULL,NULL,NULL,NULL,NULL,NULL,NULL,NULL,'Phó Trưởng Ban Ban Kế hoạch chiến lược Agribank',NULL,NULL,NULL,NULL,NULL,'2025-09-03 03:22:48','2025-09-03 03:22:48',NULL,NULL,NULL,NULL),(679,'Trần Thị Thu','Hiền','1978-12-27','female','hien.tran thi thu.4031@gmail.com','0935108968','001178001237',NULL,NULL,NULL,NULL,NULL,NULL,NULL,NULL,NULL,NULL,'Phó Trưởng Ban Ban Thư ký HĐTV Agribank',NULL,NULL,NULL,NULL,NULL,'2025-09-03 03:22:48','2025-09-03 03:22:48',NULL,NULL,NULL,NULL),(680,'Phạm Thị Hương','Giang','1980-11-06','female','giang.pham thi huong.5102@gmail.com','0912151100','001180026628',NULL,NULL,NULL,NULL,NULL,NULL,NULL,NULL,NULL,NULL,'Phó Trưởng Ban Định chế tài chính Agribank',NULL,NULL,NULL,NULL,NULL,'2025-09-03 03:22:48','2025-09-03 03:22:48',NULL,NULL,NULL,NULL),(681,'Nguyễn Thị','Phấn','1979-11-07','female','phan.nguyen thi.9652@gmail.com','0983013488','027179011915',NULL,NULL,NULL,NULL,NULL,NULL,NULL,NULL,NULL,NULL,'Phó Trưởng Ban Ban Thư ký tổng hợp Agribank',NULL,NULL,NULL,NULL,NULL,'2025-09-03 03:22:48','2025-09-03 03:22:48',NULL,NULL,NULL,NULL),(682,'Nguyễn Tuấn','Hưng','1989-01-23','male','hung.nguyen tuan.3166@gmail.com','0947849655','036089024511',NULL,NULL,NULL,NULL,NULL,NULL,NULL,NULL,NULL,NULL,'Phó Trưởng Ban Ban Quản lý TSN-TSC (ALCO) Agribank',NULL,NULL,NULL,NULL,NULL,'2025-09-03 03:22:48','2025-09-03 03:22:48',NULL,NULL,NULL,NULL),(683,'Hoàng Thị Quỳnh','Hoa','1976-10-20','female','hoa.hoang thi quynh.9726@gmail.com','0918953599','036071009395',NULL,NULL,NULL,NULL,NULL,NULL,NULL,NULL,NULL,NULL,'Phó Trưởng Ban Ban Khách hàng cá nhân Agribank',NULL,NULL,NULL,NULL,NULL,'2025-09-03 03:22:48','2025-09-03 03:22:48',NULL,NULL,NULL,NULL),(684,'Dương Xuân','Nam','1981-07-19','male','nam.duong xuan.1249@gmail.com','0983436779','001081024489',NULL,NULL,NULL,NULL,NULL,NULL,NULL,NULL,NULL,NULL,'Phó Trưởng Ban Ban Khách hàng doanh nghiệp Agribank',NULL,NULL,NULL,NULL,NULL,'2025-09-03 03:22:48','2025-09-03 03:22:48',NULL,NULL,NULL,NULL),(685,'Giang Thanh','Tùng','1989-10-31','male','tung.giang thanh.7206@gmail.com','0942755555','034089003333',NULL,NULL,NULL,NULL,NULL,NULL,NULL,NULL,NULL,NULL,'Phó Giám đốc Agribank CN Hà Nội I',NULL,NULL,NULL,NULL,NULL,'2025-09-03 03:22:48','2025-09-03 03:22:48',NULL,NULL,NULL,NULL),(686,'Nguyễn Thị Hạnh','Thư','1982-12-15','female','thu.nguyen thi hanh.2659@gmail.com','0912456776','019182000547',NULL,NULL,NULL,NULL,NULL,NULL,NULL,NULL,NULL,NULL,'Phó Giám đốc Agribank CN Sở Giao dịch',NULL,NULL,NULL,NULL,NULL,'2025-09-03 03:22:48','2025-09-03 03:22:48',NULL,NULL,NULL,NULL),(687,'Nguyễn Hoàng','Minh','1981-08-24','male','minh.nguyen hoang.7006@gmail.com','0918486886','001081012086',NULL,NULL,NULL,NULL,NULL,NULL,NULL,NULL,NULL,NULL,'Phó Giám đốc Agribank CN Hà Nội',NULL,NULL,NULL,NULL,NULL,'2025-09-03 03:22:48','2025-09-03 03:22:48',NULL,NULL,NULL,NULL),(688,'Phạm Chiến','Thắng','1974-02-19','male','thang.pham chien.5734@gmail.com','0904012223','027074000246',NULL,NULL,NULL,NULL,NULL,NULL,NULL,NULL,NULL,NULL,'Phó Giám đốc Agribank CN Thăng Long',NULL,NULL,NULL,NULL,NULL,'2025-09-03 03:22:48','2025-09-03 03:22:48',NULL,NULL,NULL,NULL),(689,'Nguyễn Thị','Hoan','2000-12-08','female','ngochoan20000@gmail.com','0349892250','027300000464','Nguyễn Thị Hoan','027300000464','ngochoan20000@gmail.com','33 tràng thi, cửa nam, hà nội','friend_referral',NULL,NULL,NULL,NULL,1,NULL,NULL,NULL,NULL,NULL,NULL,'2025-09-03 03:43:30','2025-09-03 03:43:30',NULL,25,20,NULL),(690,'Nguyễn Thị Thuỳ','Dung','1996-11-27','female','thuydung2711ytc@gmail.com','0346133097','037196001100','Công ty Cổ phần Fine Mold Việt Nam','0107829696','thuydung2711ytc@gmail.com','Nhà số 1, Ngõ 1, Đường Tiến Bộ, Thôn 6, Xã Đan Phượng, TP. Hà Nội','facebook',NULL,NULL,NULL,NULL,1,NULL,NULL,NULL,NULL,NULL,NULL,'2025-09-03 03:58:38','2025-09-03 03:58:38',NULL,25,22,NULL),(691,'Nguyễn Bằng','Giang','1999-07-23','male','giangnb.work@gmail.com','0979615599','001099001386','CÔNG TY TNHH THƯƠNG MẠI PHÚ AN THỊNH','4601162203','ximaphuanthinh@gmail.com','Tổ dân phố Bông Hồng, Phường Phổ Yên, Tỉnh Thái Nguyên, Việt Nam','friend_referral',NULL,NULL,NULL,NULL,1,NULL,NULL,NULL,NULL,NULL,NULL,'2025-09-03 04:02:56','2025-09-03 04:02:56',NULL,25,1,NULL),(701,'Phạm Phương','Anh','2001-11-03','female','anh.pham phuong.6788@gmail.com',NULL,NULL,NULL,NULL,NULL,NULL,NULL,NULL,NULL,NULL,NULL,NULL,NULL,NULL,NULL,NULL,NULL,NULL,'2025-09-03 04:16:37','2025-09-03 04:16:37',NULL,NULL,NULL,NULL),(702,'Đinh Thị Tú','Anh','2001-11-14','female','anh.Đinh thi tu.5760@gmail.com',NULL,NULL,NULL,NULL,NULL,NULL,NULL,NULL,NULL,NULL,NULL,NULL,NULL,NULL,NULL,NULL,NULL,NULL,'2025-09-03 04:16:37','2025-09-03 04:16:37',NULL,NULL,NULL,NULL),(703,'Phạm Thị Vân','Anh','2004-05-08','female','anh.pham thi van.8638@gmail.com',NULL,NULL,NULL,NULL,NULL,NULL,NULL,NULL,NULL,NULL,NULL,NULL,NULL,NULL,NULL,NULL,NULL,NULL,'2025-09-03 04:16:37','2025-09-03 04:16:37',NULL,NULL,NULL,NULL),(704,'Vũ Xuân','Bích','2003-09-03','male','bich.vu xuan.4055@gmail.com',NULL,NULL,NULL,NULL,NULL,NULL,NULL,NULL,NULL,NULL,NULL,NULL,NULL,NULL,NULL,NULL,NULL,NULL,'2025-09-03 04:16:37','2025-09-03 04:16:37',NULL,NULL,NULL,NULL),(705,'Phạm Thị Kim','Chúc','2003-04-19','female','chuc.pham thi kim.7013@gmail.com',NULL,NULL,NULL,NULL,NULL,NULL,NULL,NULL,NULL,NULL,NULL,NULL,NULL,NULL,NULL,NULL,NULL,NULL,'2025-09-03 04:16:37','2025-09-03 04:16:37',NULL,NULL,NULL,NULL),(706,'Nguyễn Minh','Hằng','2006-06-09','female','hang.nguyen minh.2167@gmail.com',NULL,NULL,NULL,NULL,NULL,NULL,NULL,NULL,NULL,NULL,NULL,NULL,NULL,NULL,NULL,NULL,NULL,NULL,'2025-09-03 04:16:37','2025-09-03 04:16:37',NULL,NULL,NULL,NULL),(707,'Nguyễn Thu','Huyền','1998-04-19','female','huyen.nguyen thu.4370@gmail.com',NULL,NULL,NULL,NULL,NULL,NULL,NULL,NULL,NULL,NULL,NULL,NULL,NULL,NULL,NULL,NULL,NULL,NULL,'2025-09-03 04:16:37','2025-09-03 04:16:37',NULL,NULL,NULL,NULL),(708,'Trần Thanh','Huyền','1997-08-09','female','huyen.tran thanh.1485@gmail.com',NULL,NULL,NULL,NULL,NULL,NULL,NULL,NULL,NULL,NULL,NULL,NULL,NULL,NULL,NULL,NULL,NULL,NULL,'2025-09-03 04:16:37','2025-09-03 04:16:37',NULL,NULL,NULL,NULL),(709,'Nguyễn Ngọc Huyền','My','1998-05-08','female','my.nguyen ngoc huyen.8648@gmail.com',NULL,NULL,NULL,NULL,NULL,NULL,NULL,NULL,NULL,NULL,NULL,NULL,NULL,NULL,NULL,NULL,NULL,NULL,'2025-09-03 04:16:37','2025-09-03 04:16:37',NULL,NULL,NULL,NULL),(710,'Bùi Quang','Anh','2004-02-07',NULL,'anh.bui quang.9107@gmail.com',NULL,NULL,NULL,NULL,NULL,NULL,NULL,NULL,NULL,NULL,NULL,NULL,NULL,NULL,NULL,NULL,NULL,NULL,'2025-09-03 04:23:25','2025-09-03 04:23:25',NULL,NULL,NULL,NULL),(711,'Lê Thị','Anh','2001-01-03',NULL,'anh.le thi.3824@gmail.com',NULL,NULL,NULL,NULL,NULL,NULL,NULL,NULL,NULL,NULL,NULL,NULL,NULL,NULL,NULL,NULL,NULL,NULL,'2025-09-03 04:23:25','2025-09-03 04:23:25',NULL,NULL,NULL,NULL),(712,'Lục Mai','Anh','2005-10-19',NULL,'anh.luc mai.1571@gmail.com',NULL,NULL,NULL,NULL,NULL,NULL,NULL,NULL,NULL,NULL,NULL,NULL,NULL,NULL,NULL,NULL,NULL,NULL,'2025-09-03 04:23:25','2025-09-03 04:23:25',NULL,NULL,NULL,NULL),(713,'Hồ Sỹ','Đức','1996-06-12',NULL,'Đuc.ho sy.2784@gmail.com',NULL,NULL,NULL,NULL,NULL,NULL,NULL,NULL,NULL,NULL,NULL,NULL,NULL,NULL,NULL,NULL,NULL,NULL,'2025-09-03 04:23:25','2025-09-03 04:23:25',NULL,NULL,NULL,NULL),(714,'Lương Trường','Giang','2003-03-07',NULL,'giang.luong truong.6716@gmail.com',NULL,NULL,NULL,NULL,NULL,NULL,NULL,NULL,NULL,NULL,NULL,NULL,NULL,NULL,NULL,NULL,NULL,NULL,'2025-09-03 04:23:25','2025-09-03 04:23:25',NULL,NULL,NULL,NULL),(715,'Nguyễn Nguyệt','Hà','2001-05-11',NULL,'ha.nguyen nguyet.8239@gmail.com',NULL,NULL,NULL,NULL,NULL,NULL,NULL,NULL,NULL,NULL,NULL,NULL,NULL,NULL,NULL,NULL,NULL,NULL,'2025-09-03 04:23:25','2025-09-03 04:23:25',NULL,NULL,NULL,NULL),(716,'Hoàng Thanh','Hằng','1995-01-05',NULL,'hang.hoang thanh.3509@gmail.com',NULL,NULL,NULL,NULL,NULL,NULL,NULL,NULL,NULL,NULL,NULL,NULL,NULL,NULL,NULL,NULL,NULL,NULL,'2025-09-03 04:23:25','2025-09-03 04:23:25',NULL,NULL,NULL,NULL),(717,'Nguyễn Thị Thu','Hiền','1998-12-10',NULL,'hien.nguyen thi thu.7959@gmail.com',NULL,NULL,NULL,NULL,NULL,NULL,NULL,NULL,NULL,NULL,NULL,NULL,NULL,NULL,NULL,NULL,NULL,NULL,'2025-09-03 04:23:25','2025-09-03 04:23:25',NULL,NULL,NULL,NULL),(718,'Nguyễn Thị Hải','Hoà','2001-06-24',NULL,'hoa.nguyen thi hai.5215@gmail.com',NULL,NULL,NULL,NULL,NULL,NULL,NULL,NULL,NULL,NULL,NULL,NULL,NULL,NULL,NULL,NULL,NULL,NULL,'2025-09-03 04:23:25','2025-09-03 04:23:25',NULL,NULL,NULL,NULL),(719,'Lưu Ngọc','Huyền','2001-12-28',NULL,'huyen.luu ngoc.8150@gmail.com',NULL,NULL,NULL,NULL,NULL,NULL,NULL,NULL,NULL,NULL,NULL,NULL,NULL,NULL,NULL,NULL,NULL,NULL,'2025-09-03 04:23:25','2025-09-03 04:23:25',NULL,NULL,NULL,NULL),(720,'Đinh Nguyễn Thanh','Huyền','2003-01-17',NULL,'huyen.Đinh nguyen thanh.7533@gmail.com',NULL,NULL,NULL,NULL,NULL,NULL,NULL,NULL,NULL,NULL,NULL,NULL,NULL,NULL,NULL,NULL,NULL,NULL,'2025-09-03 04:23:25','2025-09-03 04:23:25',NULL,NULL,NULL,NULL),(721,'Chu Quỳnh','Hương','2004-10-17',NULL,'huong.chu quynh.4979@gmail.com',NULL,NULL,NULL,NULL,NULL,NULL,NULL,NULL,NULL,NULL,NULL,NULL,NULL,NULL,NULL,NULL,NULL,NULL,'2025-09-03 04:23:25','2025-09-03 04:23:25',NULL,NULL,NULL,NULL),(722,'Vũ Thị Diệu','Linh','2001-11-25',NULL,'linh.vu thi dieu.3366@gmail.com',NULL,NULL,NULL,NULL,NULL,NULL,NULL,NULL,NULL,NULL,NULL,NULL,NULL,NULL,NULL,NULL,NULL,NULL,'2025-09-03 04:23:25','2025-09-03 04:23:25',NULL,NULL,NULL,NULL),(723,'Nguyễn Thị Ánh','Linh','1998-02-23',NULL,'linh.nguyen thi Ánh.9930@gmail.com',NULL,NULL,NULL,NULL,NULL,NULL,NULL,NULL,NULL,NULL,NULL,NULL,NULL,NULL,NULL,NULL,NULL,NULL,'2025-09-03 04:23:25','2025-09-03 04:23:25',NULL,NULL,NULL,NULL),(724,'Nguyễn Thị Trà','My','2003-04-04',NULL,'my.nguyen thi tra.2535@gmail.com',NULL,NULL,NULL,NULL,NULL,NULL,NULL,NULL,NULL,NULL,NULL,NULL,NULL,NULL,NULL,NULL,NULL,NULL,'2025-09-03 04:23:25','2025-09-03 04:23:25',NULL,NULL,NULL,NULL),(725,'Đặng Châu','Anh','2004-04-06','female','anh.Đang chau.8739@gmail.com',NULL,NULL,NULL,NULL,NULL,NULL,NULL,NULL,NULL,NULL,NULL,NULL,NULL,NULL,NULL,NULL,NULL,NULL,'2025-09-03 04:28:43','2025-09-03 04:28:43',NULL,NULL,NULL,NULL),(726,'Lê Phương','Mai','2023-11-22','female','mai.le phuong.2570@gmail.com',NULL,NULL,NULL,NULL,NULL,NULL,NULL,NULL,NULL,NULL,NULL,NULL,NULL,NULL,NULL,NULL,NULL,NULL,'2025-09-03 04:28:43','2025-09-03 04:28:43',NULL,NULL,NULL,NULL),(727,'Phạm Thị','Hà','1999-02-08','female','ha.pham thi.5096@gmail.com',NULL,NULL,NULL,NULL,NULL,NULL,NULL,NULL,NULL,NULL,NULL,NULL,NULL,NULL,NULL,NULL,NULL,NULL,'2025-09-03 04:30:10','2025-09-03 04:30:10',NULL,NULL,NULL,NULL),(728,'Trần Lê','Khanh','2003-03-04','female','khanh.tran le.3689@gmail.com',NULL,NULL,NULL,NULL,NULL,NULL,NULL,NULL,NULL,NULL,NULL,NULL,NULL,NULL,NULL,NULL,NULL,NULL,'2025-09-03 04:30:10','2025-09-03 04:30:10',NULL,NULL,NULL,NULL),(729,'Trần Thị Quỳnh','Anh','2001-06-24','female','anh.tran thi quynh.6332@gmail.com',NULL,NULL,NULL,NULL,NULL,NULL,NULL,NULL,NULL,NULL,NULL,NULL,NULL,NULL,NULL,NULL,NULL,NULL,'2025-09-03 04:33:36','2025-09-03 04:33:36',NULL,NULL,NULL,NULL),(730,'Phan Vũ Kim','Giao','2002-04-27','female','giao.phan vu kim.9255@gmail.com',NULL,NULL,NULL,NULL,NULL,NULL,NULL,NULL,NULL,NULL,NULL,NULL,NULL,NULL,NULL,NULL,NULL,NULL,'2025-09-03 04:33:36','2025-09-03 04:33:36',NULL,NULL,NULL,NULL),(731,'Hoàng Thị','Mến','1997-11-25','female','men.hoang thi.4109@gmail.com',NULL,NULL,NULL,NULL,NULL,NULL,NULL,NULL,NULL,NULL,NULL,NULL,NULL,NULL,NULL,NULL,NULL,NULL,'2025-09-03 04:33:36','2025-09-03 04:33:36',NULL,NULL,NULL,NULL),(732,'Hoàng Thị Tuyết','Nhung','1994-04-18','female','nhung.hoang thi tuyet.3877@gmail.com',NULL,NULL,NULL,NULL,NULL,NULL,NULL,NULL,NULL,NULL,NULL,NULL,NULL,NULL,NULL,NULL,NULL,NULL,'2025-09-03 04:33:36','2025-09-03 04:33:36',NULL,NULL,NULL,NULL),(733,'Nguyễn Diễm','Quỳnh','2002-01-01','female','quynh.nguyen diem.9859@gmail.com',NULL,NULL,NULL,NULL,NULL,NULL,NULL,NULL,NULL,NULL,NULL,NULL,NULL,NULL,NULL,NULL,NULL,NULL,'2025-09-03 04:33:36','2025-09-03 04:33:36',NULL,NULL,NULL,NULL),(734,'Lê Chí','Thành','2003-10-10','female','thanh.le chi.6104@gmail.com',NULL,NULL,NULL,NULL,NULL,NULL,NULL,NULL,NULL,NULL,NULL,NULL,NULL,NULL,NULL,NULL,NULL,NULL,'2025-09-03 04:33:36','2025-09-03 04:33:36',NULL,NULL,NULL,NULL),(735,'Nguyễn Thị Ngọc','Linh','2003-12-28','female','linh.nguyen thi ngoc.1125@gmail.com',NULL,NULL,NULL,NULL,NULL,NULL,NULL,NULL,NULL,NULL,NULL,NULL,NULL,NULL,NULL,NULL,NULL,NULL,'2025-09-03 04:35:25','2025-09-03 04:35:25',NULL,NULL,NULL,NULL),(736,'Lê Văn','Trang','2003-08-29','female','trang.levan.5050@gmail.com',NULL,NULL,NULL,NULL,NULL,NULL,NULL,NULL,NULL,NULL,NULL,NULL,NULL,NULL,NULL,NULL,NULL,NULL,'2025-09-03 04:35:25','2025-09-03 04:42:24',NULL,NULL,21,NULL),(738,'Nguyễn Thị','Hiền','1993-06-10','female','hien.nguyenthi.8164@gmail.com',NULL,'038193026182',NULL,NULL,NULL,NULL,NULL,NULL,NULL,NULL,NULL,NULL,NULL,NULL,NULL,NULL,NULL,NULL,'2025-09-03 08:31:36','2025-09-03 08:32:32',NULL,25,13,NULL),(739,'Đặng Thị','Hương','1986-04-10','female','huong.Đang thi.5218@gmail.com',NULL,'030186012422',NULL,NULL,NULL,NULL,NULL,NULL,NULL,NULL,NULL,NULL,NULL,NULL,NULL,NULL,NULL,NULL,'2025-09-03 08:35:31','2025-09-03 08:35:31',NULL,25,NULL,NULL),(740,'Đỗ Thị','Linh','1995-03-28','female','linh.Đo thi.9864@gmail.com',NULL,'001195004897',NULL,NULL,NULL,NULL,NULL,NULL,NULL,NULL,NULL,NULL,NULL,NULL,NULL,NULL,NULL,NULL,'2025-09-03 08:35:31','2025-09-03 08:35:31',NULL,25,NULL,NULL),(741,'Phạm Thùy','Linh','1998-11-23','female','linh.pham thuy.2859@gmail.com',NULL,'037198005362',NULL,NULL,NULL,NULL,NULL,NULL,NULL,NULL,NULL,NULL,NULL,NULL,NULL,NULL,NULL,NULL,'2025-09-03 08:35:31','2025-09-03 08:35:31',NULL,25,NULL,NULL),(742,'Trương Nguyễn Ngọc','Mai','2006-07-23','female','mai.truong nguyen ngoc.3374@gmail.com',NULL,'038306029828',NULL,NULL,NULL,NULL,NULL,NULL,NULL,NULL,NULL,NULL,NULL,NULL,NULL,NULL,NULL,NULL,'2025-09-03 08:35:31','2025-09-03 08:35:31',NULL,25,NULL,NULL),(743,'Đỗ Linh','Trang','2004-11-14','female','trang.Đo linh.9201@gmail.com',NULL,'038304002047',NULL,NULL,NULL,NULL,NULL,NULL,NULL,NULL,NULL,NULL,NULL,NULL,NULL,NULL,NULL,NULL,'2025-09-03 08:35:31','2025-09-03 08:35:31',NULL,25,NULL,NULL),(747,'Phạm','Hà','0001-01-01','female',NULL,'0911483114',NULL,NULL,NULL,NULL,NULL,NULL,NULL,NULL,NULL,NULL,NULL,NULL,NULL,NULL,NULL,NULL,'Zalo: chờ KTT 122- Phạm Hà Tax','2025-09-04 03:33:02','2025-09-04 03:33:16',NULL,NULL,NULL,NULL),(748,'Nguyễn Lê Thủy','Tiên','0011-01-01','female',NULL,'0934027299',NULL,NULL,NULL,NULL,NULL,NULL,NULL,NULL,NULL,NULL,NULL,NULL,NULL,NULL,NULL,NULL,NULL,'2025-09-04 03:42:18','2025-09-04 03:42:18',NULL,NULL,NULL,NULL),(750,'Nguyễn Thị Kiều','Anh','2005-06-12','female','kieuanh4935@gmail.com','0942027644','036305006298','Nguyễn Thị Kiều Anh','036305006298','kieuanh4935@gmail.com','38 Ngõ 69A Phố Hoàng Văn Thái, Khương Trung, Thanh Xuân, Hà Nội','website',NULL,NULL,NULL,NULL,1,NULL,NULL,NULL,NULL,NULL,NULL,'2025-09-04 09:21:21','2025-09-04 09:22:58',NULL,25,22,NULL),(751,'Đàm Thị Quỳnh','Anh','2005-03-20','female','quynhanhdam2005@gmail.com','0962352977','027305000895','Đàm Thị Quỳnh Anh','027305000895','quynhanhdam2005@gmail.com','Khu phố Hương Mạc, phường Phù Khê, tỉnh Bắc Ninh','friend_referral',NULL,NULL,NULL,NULL,20,NULL,NULL,NULL,NULL,NULL,NULL,'2025-09-04 09:21:21','2025-09-04 09:23:33',NULL,25,20,NULL),(752,'Nguyễn Thị Nhật','Ánh','2005-04-26','female','nhattanhh260405@gmail.com','0373761026','001305002538','Nguyễn Thị Nhật Ánh','001305002538','nhattanhh260405@gmail.com','27 ngõ 562 Đường Láng, Láng, Đống Đa, Hà Nội','friend_referral',NULL,NULL,NULL,NULL,1,NULL,NULL,NULL,NULL,NULL,NULL,'2025-09-04 09:21:21','2025-09-04 09:23:59',NULL,25,1,NULL),(753,'Trần Triệu Phương','Anh','2005-03-21','female','trantrieupa@gmail.com','0826563988','022305000117','Trần Triệu Phương Anh','022305000117','trantrieupa@gmail.com','1H ngõ 40 Lĩnh Nam, Mai Động, Hoàng Mai, Hà Nội','friend_referral',NULL,NULL,NULL,NULL,12,NULL,NULL,NULL,NULL,NULL,NULL,'2025-09-04 09:21:21','2025-09-04 09:24:14',NULL,25,12,NULL),(754,'Lê Quỳnh','Anh','2005-02-03','female','quynhanhle325@gmail.com','0862133860','033305000731','Lê Quỳnh Anh','033305000731','quynhanhle325@gmail.com','Sảnh A1 Tecco Garden, Tứ hiệp, Thanh Trì, Hà Nội','website',NULL,NULL,NULL,NULL,21,NULL,NULL,NULL,NULL,NULL,NULL,'2025-09-04 09:21:21','2025-09-04 09:24:43',NULL,25,21,NULL),(755,'Hoàng Thị Thảo','Lam','2005-03-01','female','thaolamhoang11@gmail.com','0375197569','004305000472','Hoàng Thị Thảo Lam','004305000472',NULL,'nhà 5a ngách 6 ngõ 281 trương định, tương mai, hoàng mai, hà nội','friend_referral',NULL,NULL,NULL,NULL,1,NULL,NULL,NULL,NULL,NULL,NULL,'2025-09-04 09:21:21','2025-09-04 09:25:04',NULL,37,7,NULL),(756,'Nguyễn Song Kiều','Anh','2005-05-17','female','nguyensongkieuanh2005@gmail.com','0977777656','066305011845','Nguyễn Song Kiều Anh','066305011845','nguyensongkieuanh2005@gmail.com','185 Trần Đại Nghĩa','facebook',NULL,NULL,NULL,NULL,1,NULL,NULL,NULL,NULL,NULL,NULL,'2025-09-04 09:21:21','2025-09-04 09:25:20',NULL,25,28,NULL),(757,'Phạm Hồng','Nhung','2005-11-26','female','k7012345@gmail.com','0334818745','017305000358','Phạm Hồng Nhung','017305000358','k7012345@gmail.com','Số 30, ngách 102, ngõ 192 Lê Trọng Tấn, Định Công, Hoàng Mai, Hà Nội','facebook',NULL,NULL,NULL,NULL,1,NULL,NULL,NULL,NULL,NULL,NULL,'2025-09-04 09:21:21','2025-09-04 09:25:38',NULL,25,19,NULL),(758,'Đặng Thị Uyển','Chi','1981-12-27','female','chidanguyen@gmail.com','0977366894','001181001707','Đặng Thị Uyển Chi','001181001707','chidanguyen@gmail.com','Số 58 đường Hữu Nghị, thôn Thạch, xã Tây Phương, tp Hà Nội','friend_referral',NULL,NULL,NULL,NULL,1,NULL,NULL,NULL,NULL,NULL,NULL,'2025-09-04 09:58:27','2025-09-04 09:58:27',NULL,25,1,NULL),(759,'Doãn Thanh','Bình','2005-07-24','male','binhdoanthanh127@gmail.com','0383491572','044205000518','Doãn Thanh Bình','044205000518','binhdoanthanh127@gmail.com','Số 2 Ngách 15/18 Ngõ Gốc Đề, Minh Khai, Hoàng Mai, Hà Nội','website',NULL,NULL,NULL,NULL,1,NULL,NULL,NULL,NULL,NULL,NULL,'2025-09-04 10:04:43','2025-09-04 10:04:43',NULL,25,23,NULL),(760,'Nguyễn Thị Hồng','Vân','1992-02-16','female','vannguyen160292@gmail.com','0969492067','001192000154','Nguyễn Thị Hồng Vân','001192000154','vannguyen160292@gmail.com','127C Nguyễn Khoái , phường Hồng Hà, Hà Nội','facebook',NULL,NULL,NULL,NULL,1,NULL,NULL,NULL,NULL,NULL,NULL,'2025-09-04 10:07:32','2025-09-04 10:07:32',NULL,25,1,NULL),(761,'Đỗ Hương','Giang','2001-04-23','female','dohuonggiangjps19005@gmail.com','0358884537','034301008374','Đỗ Hương Giang','034301008374','dohuonggiangjps19005@gmail.com','10.1 Chung cư 24B, đường D5, phường Thạnh Mỹ Tây, Thành phố Hồ Chí Minh','website',NULL,NULL,NULL,NULL,2,NULL,NULL,NULL,NULL,NULL,NULL,'2025-09-04 10:09:33','2025-09-04 10:10:36',NULL,25,21,NULL),(762,'Phạm Tiến','Phong','1994-11-23','male','phongwindnarutokun@gmail.com','0961086594','034094009283','Phạm Tiến Phong','034094009283','phongwindnarutokun@gmail.com','Căn 510 nhà No2 Khu Ba Hàng A, Hoàng Mai, Hà Nội','website',NULL,NULL,NULL,NULL,1,NULL,NULL,NULL,NULL,NULL,NULL,'2025-09-04 10:13:48','2025-09-04 10:13:48',NULL,25,21,NULL),(763,'Nguyễn Thùy','Dương','2003-11-29','female','thuyduong03.kr@gmail.com','0396803008','025303004449','Nguyễn Thùy Dương','025303004449','thuyduong03.kr@gmail.com','Tổ 16I, Khu Châu Phong, Phường Việt Trì, Tỉnh Phú Thọ','website',NULL,NULL,NULL,NULL,19,NULL,NULL,NULL,NULL,NULL,NULL,'2025-09-05 04:10:15','2025-09-05 04:10:15',NULL,25,19,NULL),(766,'Hoàng Ngọc','Mai',NULL,NULL,NULL,'0983861995',NULL,NULL,NULL,NULL,NULL,NULL,NULL,NULL,NULL,NULL,NULL,NULL,NULL,NULL,NULL,NULL,NULL,'2025-09-08 03:38:57','2025-09-08 03:38:57',NULL,NULL,NULL,NULL),(767,'Trương Thị','Diệp','1995-11-04','female','DIEPTRUONG.TB@GMAIL.COM','0964890119','034195016192','Trương Thị Diệp','0111013565','dieptruong.tb@gmail.com','Số 66 ngõ 203 đường Hoàng Quốc Việt, Phường Nghĩa Đô, Thành phố Hà Nội, Việt Nam','website',NULL,NULL,NULL,NULL,1,'Công ty CP KALAPA',7,'Kế toán','submitted','bachelor',NULL,'2025-09-08 07:24:58','2025-09-09 07:33:37',NULL,25,21,NULL),(768,'Nguyễn Bảo','Minh','2007-09-27','female','daigiadinhminhthaihan@gmail.com','0865992709','001307055808','Nguyễn Bảo Minh','001307055808','daigiadinhminhthaihan@gmail.com','Sảnh tháp A, Skypark residences, số 3 Tôn Thất Thuyết, Cầu Giấy, Hà Nội','website',NULL,NULL,NULL,NULL,1,NULL,NULL,NULL,NULL,NULL,NULL,'2025-09-08 07:33:11','2025-09-08 07:34:05',NULL,25,1,NULL),(769,'Nguyễn Như','Bình','2007-05-26','female','binhnguyennhu2007@gmail.com','0396769315','001307014028','Nguyễn Như Bình','001307014028','phuongmd1010@gmail.com','Sảnh tháp A, skypark residences, số 3 Tôn Thất Thuyết, Cầu Giấy, Hà Nội','website',NULL,NULL,NULL,NULL,1,NULL,NULL,NULL,NULL,NULL,NULL,'2025-09-08 07:33:11','2025-09-08 07:34:00',NULL,25,1,NULL),(770,'Lê Hồng','Ngọc','2004-04-07','female','hongngoc7042004@gmail.com','0363951198','038304020399','Lê Hồng Ngọc','038304020399','hongngoc7042004@gmail.com','số 15, ngách 136, ngõ 1194 đường Láng, Láng Hạ, Đống Đa, Hà Nội','website',NULL,NULL,NULL,NULL,13,NULL,NULL,NULL,NULL,NULL,NULL,'2025-09-08 07:40:28','2025-09-08 07:40:28',NULL,25,13,NULL),(773,'Nguyễn Thị Cẩm','Hà','1997-05-01','female','camha53hvtc@gmail.com','0976948465','025197009564','Công ty CP đầu tư và chăn nuôi Nghĩa Bình','2901873973','camha53hvtc@gmail.com','Xóm Bình Hải, Xã Nghĩa Đàn, Tỉnh Nghệ An',NULL,NULL,NULL,NULL,NULL,1,'Công ty CP Đầu tư và chăn nuôi Nghĩa Bình',6,'Kế toán','submitted','bachelor','Nhóm 4 Cẩm Hà','2025-09-08 07:54:03','2025-09-09 07:32:45',NULL,25,19,NULL),(774,'Phạm Thị Kiều','Khanh','1980-08-16','female','kieukhanhxl@gmail.com','0388593169','015180000017','Công ty cổ phần dịch vụ và thương mại Lộc Phát','0103982781','kieukhanhxl@gmail.com','Số nhà 51 ngõ 49 đường Ngọc Hồi, Phường Hoàng Liệt, TP Hà Nội',NULL,NULL,NULL,NULL,NULL,1,'Công ty CP Dịch vụ và Thương mại Lộc Phát',20,'Kế toán','submitted','bachelor','Nhóm 4 Cẩm Hà','2025-09-08 07:54:03','2025-09-09 07:29:06',NULL,25,17,NULL),(775,'Đỗ Thị Phương','Thảo','1996-11-04','female','phuongthaodo.hvtc@gmail.com','0969680974','036196005469','Công ty TNHH Thương mại và Thương mại An Hưng Long','0110992646','ctahl2025@gmail.com','Số nhà TT14-20 khu đô thị Nam An Khánh, xã An Khánh, Thành phố Hà Nội',NULL,NULL,NULL,NULL,NULL,1,'Công ty TNHH Dịch vụ và Thương mại An Hưng Long',7,'Kế toán','submitted','bachelor','Nhóm 4 Cẩm Hà','2025-09-08 07:54:03','2025-09-09 07:32:08',NULL,25,22,NULL),(776,'Đỗ Thị','Huyền','1983-01-06','female','dohuyennt2016@gmail.com','0971886088','038183016624','Công ty Cổ phần Cachee','0800293179','dohuyennt2016@gmail.com','Km42+800, QL5, Phường Việt Hòa, TP Hải Phòng',NULL,NULL,NULL,NULL,NULL,1,'Công ty TNHH CACHEE',8,'Kinh tế Tài chính - Ngân hàng','submitted','master','Nhóm 4 Cẩm Hà','2025-09-08 07:54:03','2025-09-09 07:33:59',NULL,25,13,NULL),(777,'Cầm Bun','Sương','2000-08-07','male','bsuong782@gmail.com','0962925269','014200000191','Cầm Bun Sương','014200000191','bsuong782@gmail.com','210 Song Hào, kdt 6B, Chiềng An, Sơn La',NULL,NULL,NULL,NULL,NULL,10,'Công ty CP thiết kế và xây dựng DECOENPA',3,'Kế toán','submitted','bachelor',NULL,'2025-09-08 07:56:27','2025-09-08 07:56:27',NULL,48,10,NULL),(778,'Tạ Như','Quỳnh','2003-01-02','female','quynhbeoooo213@gmail.com','0983353902','001303014596','TẠ NHƯ QUỲNH','001303014596','quynhbeoooo213@gmail.com','thôn Thượng Phúc, xã Phúc Thịnh, thành phố Hà Nội','website',NULL,NULL,NULL,NULL,1,NULL,NULL,NULL,NULL,NULL,NULL,'2025-09-08 08:00:56','2025-09-08 08:00:56',NULL,25,1,NULL),(779,'Nguyễn Thị Hải','Anh','2000-03-06','female','haianh6320@gmail.com','0394307243','036300013516','Nguyễn Thị Hải Anh','036300013516','haianh6320@gmail.com','Toà S3, căn hộ 0618 chung cư Vinhomes Skylake, TDP số 17, phường Cầu Giấy, Thành phố Hà Nội','website',NULL,NULL,NULL,NULL,1,NULL,NULL,NULL,NULL,NULL,NULL,'2025-09-08 08:00:56','2025-09-08 08:00:56',NULL,25,22,NULL),(780,'Nguyễn Thị Thùy','Linh','1999-12-22','female','chimi.hoang.545@gmail.com','0827684386','027199004277','NGUYỄN THỊ THÙY LINH','027199004277','chimi.hoang.545@gmail.com','17 bất chi ly - khu 3 đáp cầu- Bắc ninh','website',NULL,NULL,NULL,NULL,20,NULL,NULL,NULL,NULL,NULL,NULL,'2025-09-08 08:00:56','2025-09-08 08:00:56',NULL,25,20,NULL),(781,'Đinh Thị Phương','Thảo','1987-10-20','female','phuongthao.fbf@gmail.com','0916602010','042187000074','Cảnh Thị Yến','042187000074','phuongthao.fbf@gmail.com','Phòng 1906 tòa HH1 chung cư 90 Nguyễn Tuân, phường Thanh Xuân, HN','website',NULL,NULL,NULL,NULL,1,NULL,NULL,NULL,NULL,NULL,NULL,'2025-09-08 08:16:28','2025-09-08 08:16:28',NULL,25,15,NULL),(782,'Nguyễn Ngọc','Bích','1975-08-23','female','nnbichhsph@gmail.com','0964676789','001175021170','Nguyễn Ngọc Bích','001175021170','nnbichhsph@gmail.com','Nhà số 1 ngõ 242 Lạc Long Quân, Tây Hồ, Hà Nội','friend_referral',NULL,NULL,NULL,NULL,1,NULL,NULL,NULL,NULL,NULL,NULL,'2025-09-08 08:21:52','2025-09-08 08:21:52',NULL,25,NULL,NULL),(783,'Hồ Thanh','Tùng','1985-02-03','male','hothanhtung1985@yahoo.com.vn','0912833795','001085001013','Hồ Thanh Tùng','001085001013','hothanhtung1985@yahoo.com.vn','35 Nam Ngư, Cửa Nam, Hà Nội',NULL,NULL,NULL,NULL,NULL,1,NULL,NULL,NULL,NULL,NULL,NULL,'2025-09-08 08:27:08','2025-09-08 08:27:08',NULL,25,1,NULL),(784,'Nguyễn Minh','Hiếu','1997-09-06','male','mhieu.hn1997@gmail.com','0366811997','001097031614','Nguyễn Minh Hiếu','001097031614','mhieu.hn1997@gmail.com','71 Phương Mai, Đống Đa, Hà Nội',NULL,NULL,NULL,NULL,NULL,1,NULL,NULL,NULL,NULL,NULL,NULL,'2025-09-08 08:32:04','2025-09-08 08:32:04',NULL,25,1,NULL),(785,'Đồng Thanh','Phúc','1992-12-11','male','phuc.hvtc.k48@gmail.com','0963503383','022092012710','Đồng Thanh Phúc','022092012710','phuc.hvtc.k48@gmail.com','Thôn Đình, Phường Quảng Yên, Tỉnh Quảng Ninh, Việt Nam',NULL,NULL,NULL,NULL,NULL,12,'CTCP Xây dựng Quảng Ninh',11,'Kế toán','submitted','bachelor',NULL,'2025-09-08 08:50:26','2025-09-10 02:42:19',NULL,25,12,NULL),(786,'Nguyễn Thúy','Hạnh','1998-04-15','female','hanh.nguyen thuy.1918@gmail.com',NULL,NULL,NULL,NULL,NULL,NULL,NULL,NULL,NULL,NULL,NULL,NULL,'CTCP Chứng khoán Vina',5,'Kế toán',NULL,'bachelor',NULL,'2025-09-08 09:48:04','2025-09-08 09:48:04',NULL,NULL,1,NULL),(787,'Phạm Thị Thanh','Thủy','1987-11-12','female','phamthuysmi@gmail.com','0975929666','036187011703','CÔNG TY TNHH MTV DU LỊCH SMI - VN','0311420568','sgn.acc@smi.wendytour.com.vn','25/60 Nguyễn Bỉnh Khiêm, Phường Sài Gòn, TP Hồ Chí Minh, Việt Nam','friend_referral',NULL,NULL,NULL,NULL,1,'CT TNHH Du Lịch Wendy Asia (Việt Nam)',13,'Tài chính-Ngân hàng','submitted','bachelor',NULL,'2025-09-08 09:48:04','2025-09-10 04:08:55',NULL,25,22,NULL),(788,'Phan Thị','Huệ','1976-09-19','female','huephannguyen@gmail.com','0906074989','001176017862','CÔNG TY TNHH DU LỊCH WENDY ASIA(VIỆT NAM)','0316084278','hue@wendytour.com.vn','Tầng 1, 25/60 Nguyễn Bỉnh Khiêm, Phường Sài Gòn, Thành phố Hồ Chí Minh, Việt Nam','friend_referral',NULL,NULL,NULL,NULL,2,'CT TNHH Du Lịch Wendy Asia (Việt Nam)',20,'Kế toán','submitted','bachelor',NULL,'2025-09-08 09:48:04','2025-09-10 04:07:31',NULL,25,1,NULL),(789,'Nguyễn Thị Bích','Ngọc','1986-12-13','female','nbichngoc2008@gmail.com','0396980946','030186001681','CÔNG TY TNHH MỘT THÀNH VIÊN DU LỊCH SMI-VN','0311420568','sgn.acc@smi.wendytour.com.vn','25/60 Nguyễn Bỉnh Khiêm, Phường Sài Gòn, TP Hồ Chí Minh, Việt Nam','website',NULL,NULL,NULL,NULL,2,'CT TNHH MTV Du Lịch SMI-VN',12,'Kế toán','submitted','bachelor',NULL,'2025-09-08 09:48:04','2025-09-10 04:09:54',NULL,25,3,NULL),(790,'Đoàn Nhật','Hương','1990-12-06','female','huong.Đoan nhat.7506@gmail.com',NULL,NULL,NULL,NULL,NULL,NULL,NULL,NULL,NULL,NULL,NULL,NULL,'Công ty TNHH Chaki',6,'Tài chính-Ngân hàng','submitted','bachelor',NULL,'2025-09-08 09:48:04','2025-09-10 02:34:27',NULL,NULL,NULL,NULL),(791,'Nguyễn Thị Hiền','Trang','1997-11-01','female','trang.nguyen thi hien.1361@gmail.com','0978056336',NULL,NULL,NULL,NULL,NULL,NULL,NULL,NULL,NULL,NULL,NULL,'Công ty TNHH Dịch vụ Á Đông',5,'Kiểm toán',NULL,'bachelor',NULL,'2025-09-08 09:48:04','2025-09-08 10:35:46',NULL,NULL,1,NULL),(792,'Nguyễn Thanh','Huệ','1992-12-17','female','hue.nguyen thanh.8028@gmail.com','0869856898','033192006367','Công ty TNHH Takagi Việt Nam','0900321101','nguyenthanhhue1712@gmail.com','Lô C1- C2 khu CN Thăng Long II, xã Liêu Xá, huyện Yên Mỹ, Hưng Yên','website',NULL,NULL,NULL,NULL,21,'CT TNHH Takagi Việt Nam',10,'Tài chính-Ngân hàng','not_submitted','bachelor',NULL,'2025-09-08 09:48:04','2025-09-10 04:04:09',NULL,25,21,NULL),(793,'Nguyễn Hiếu','Thảo','1985-10-20','female','thao.nguyen hieu.6633@gmail.com',NULL,NULL,NULL,NULL,NULL,NULL,NULL,NULL,NULL,NULL,NULL,NULL,'CTCP Thang máy Hà Nội',3,'Tài chính-Ngân hàng',NULL,'master',NULL,'2025-09-08 09:48:04','2025-09-08 09:48:04',NULL,NULL,19,NULL),(794,'Nguyễn Thúy','Hạnh','1998-04-15','female','hanh.nguyen thuy.3462@gmail.com',NULL,NULL,NULL,NULL,NULL,NULL,NULL,NULL,NULL,NULL,NULL,NULL,'CTCP Chứng khoán Vina',5,'Kế toán',NULL,'bachelor',NULL,'2025-09-08 09:48:04','2025-09-08 09:48:04',NULL,NULL,1,NULL),(795,'Nguyễn Thị','Diệp','1994-05-22','female','diepnguyen2205.acc@gmail.com','0981322594','027194011356','NGUYỄN THỊ DIỆP','027194011356','diepnguyen2205.acc@gmail.com','Thôn Tam Tảo, xã Tiên Du, tỉnh Bắc Ninh','zalo',NULL,NULL,NULL,NULL,20,'CT TNHH Ancl Techco',9,'Kế toán',NULL,'bachelor',NULL,'2025-09-08 09:48:04','2025-09-10 04:59:11',NULL,25,20,NULL),(796,'Chu Thị Thu','Hằng',NULL,'female','hang.chu thi thu.7775@gmail.com',NULL,NULL,NULL,NULL,NULL,NULL,NULL,NULL,NULL,NULL,NULL,NULL,NULL,NULL,'Tài chính-Ngân hàng',NULL,NULL,NULL,'2025-09-08 09:48:04','2025-09-08 09:48:04',NULL,NULL,NULL,NULL),(797,'Nguyễn Thanh','Tú',NULL,'female','tu.nguyen thanh.6835@gmail.com',NULL,NULL,NULL,NULL,NULL,NULL,NULL,NULL,NULL,NULL,NULL,NULL,NULL,NULL,'Tài chính-Ngân hàng',NULL,'bachelor',NULL,'2025-09-08 09:48:04','2025-09-08 09:48:04',NULL,NULL,NULL,NULL),(798,'Hoàng Hoài','Thu','1981-05-26','female','hoaithu265@gmail.com','0942404777','040181012547','CÔNG TY CỔ PHẦN THƯƠNG MẠI VÀ DỊCH VỤ 360AZ VIỆT NAM','0108496538','Lamtuyet2308@gmail.com','Số 165 phố Triều Khúc, Phường Thanh Liệt Thành phố Hà Nội, Việt Nam','zalo',NULL,NULL,NULL,NULL,1,'CTCP Thương mại và dịch vụ 360 AZ Việt Nam',12,'Kế toán',NULL,'bachelor',NULL,'2025-09-08 09:48:04','2025-09-10 04:13:07',NULL,25,14,NULL),(799,'Đào Thị','Liên','1993-11-09','female',NULL,'0355460029',NULL,NULL,NULL,NULL,NULL,NULL,NULL,NULL,NULL,NULL,NULL,'CT TNHH Thái Bình Dương',9,'Kế toán','not_submitted','bachelor',NULL,'2025-09-08 10:03:38','2025-09-08 10:03:38',NULL,NULL,22,NULL),(800,'Nguyễn Thị Thu','Huyền','1993-02-08','female','thuhuyenhn1993@gmail.com','0394717892','035193003023','Nguyễn Thị Thu Huyền','035193003023',NULL,'Đình Ngọ, Phường Hà Nam, tỉnh Ninh Bình','website',NULL,NULL,NULL,NULL,22,NULL,NULL,NULL,NULL,NULL,NULL,'2025-09-10 04:17:11','2025-09-10 04:17:11',NULL,25,22,NULL),(801,'Trần Thị Thu','Hà','2004-02-14','female','thuhadno14022004@gmail.com','0985732029','067304000355','Trần Thị Thu Hà','067304000355','thuhadno14022004@gmail.com','Kí túc xá khu B, phường Linh Xuân, thành phố Hồ Chí Minh','website',NULL,NULL,NULL,NULL,27,NULL,NULL,NULL,NULL,NULL,NULL,'2025-09-10 04:17:11','2025-09-10 04:17:11',NULL,25,27,NULL),(802,'Phạm Thị Thanh','Thảo','2000-12-21','female','thaophamthanh1221@gmail.com','0969938200','070300011132','Phạm Thị Thanh Thảo','070300011132','thaophamthanh1221@gmail.com','22 Bình Gĩa, Phường Tam Thắng, TP Hồ Chí Minh','facebook',NULL,NULL,NULL,NULL,2,NULL,NULL,NULL,NULL,NULL,NULL,'2025-09-10 04:17:11','2025-09-10 04:17:11',NULL,25,29,NULL),(803,'Phạm Tiến','Đạt','1992-08-11','male','tiendat.tbf@gmail.com','0988373760','066092021738','Phạm Tiến Đạt','066092021738','tiendat.tbf@gmail.com','Chung cư Green City, tổ Tiền, phường Bắc Giang, tỉnh Bắc Ninh','website',NULL,NULL,NULL,NULL,20,NULL,NULL,NULL,NULL,NULL,NULL,'2025-09-10 04:17:11','2025-09-10 04:17:11',NULL,25,28,NULL),(804,'Lê Thị Vy','Liễu','1999-05-01','female',NULL,'0386063870',NULL,NULL,NULL,NULL,NULL,NULL,NULL,NULL,NULL,NULL,NULL,'CÔNG TY CỔ PHẦN THIẾT KẾ VÀ XÂY DỰNG DBPLUS',3,'Tài chính-Ngân hàng',NULL,'bachelor',NULL,'2025-09-10 04:39:48','2025-09-10 04:39:48',NULL,NULL,25,NULL);
/*!40000 ALTER TABLE `students` ENABLE KEYS */;
UNLOCK TABLES;

--
-- Table structure for table `users`
--

DROP TABLE IF EXISTS `users`;
/*!40101 SET @saved_cs_client     = @@character_set_client */;
/*!50503 SET character_set_client = utf8mb4 */;
CREATE TABLE `users` (
  `id` bigint unsigned NOT NULL AUTO_INCREMENT,
  `name` varchar(191) COLLATE utf8mb4_unicode_ci NOT NULL,
  `email` varchar(191) COLLATE utf8mb4_unicode_ci NOT NULL,
  `email_verified_at` timestamp NULL DEFAULT NULL,
  `password` varchar(191) COLLATE utf8mb4_unicode_ci NOT NULL,
  `is_admin` tinyint(1) NOT NULL DEFAULT '1',
  `remember_token` varchar(100) COLLATE utf8mb4_unicode_ci DEFAULT NULL,
  `created_at` timestamp NULL DEFAULT NULL,
  `updated_at` timestamp NULL DEFAULT NULL,
  PRIMARY KEY (`id`),
  UNIQUE KEY `users_email_unique` (`email`)
) ENGINE=InnoDB AUTO_INCREMENT=2 DEFAULT CHARSET=utf8mb4 COLLATE=utf8mb4_unicode_ci;
/*!40101 SET character_set_client = @saved_cs_client */;

--
-- Dumping data for table `users`
--

LOCK TABLES `users` WRITE;
/*!40000 ALTER TABLE `users` DISABLE KEYS */;
INSERT INTO `users` VALUES (1,'Administrator','admin@quanlyhocphi.com',NULL,'$2y$10$U3eAOUFhOoImFLOEsqN.YOGGgCUQZ1W9naBmdmqoEsPnoskn9YsfC',1,NULL,'2025-08-21 11:13:14','2025-08-21 11:13:14');
/*!40000 ALTER TABLE `users` ENABLE KEYS */;
UNLOCK TABLES;
/*!40103 SET TIME_ZONE=@OLD_TIME_ZONE */;

/*!40101 SET SQL_MODE=@OLD_SQL_MODE */;
/*!40014 SET FOREIGN_KEY_CHECKS=@OLD_FOREIGN_KEY_CHECKS */;
/*!40014 SET UNIQUE_CHECKS=@OLD_UNIQUE_CHECKS */;
/*!40101 SET CHARACTER_SET_CLIENT=@OLD_CHARACTER_SET_CLIENT */;
/*!40101 SET CHARACTER_SET_RESULTS=@OLD_CHARACTER_SET_RESULTS */;
/*!40101 SET COLLATION_CONNECTION=@OLD_COLLATION_CONNECTION */;
/*!40111 SET SQL_NOTES=@OLD_SQL_NOTES */;

-- Dump completed on 2025-09-10 13:44:01
